id,name_vi,region,category,meal_types,prep_time_min,cook_time_min,difficulty,calories,protein_g,carbs_g,fat_g,fiber_g,sodium_mg,sugar_g,price_est_vnd_min,price_est_vnd_max,diet_tags,allergens,taste_profile,spice_level,servings,image_url,description,ingredients,utensils,steps,suitable_for,avoid_for
banh-canh,Bánh canh,Nam,main,dinner,43,70,medium,420,18,55,10,3,900,4,30000,60000,balanced,"Tôm, Cua, Ghẹ, Nước dùng cá","Ngọt, Chua, Cay, Thơm, Đậm đà",1,1,https://encrypted-tbn0.gstatic.com/images?q=tbn:ANd9GcR9kZCL_b-StEtBUCsH8DixwVUFCtkwC2gvOg&s,"Được làm từ bột gạo, bột mì, hoặc bột sắn hoặc bột gạo pha bột sắn cán thành tấm và cắt ra thành sợi to và ngắn với nước dùng được nấu từ tôm, cá, giò heo... thêm gia vị tùy theo từng loại","Tôm: 500g, Sườn heo: 800g, Nấm hương: 100g, Hành tím: 2 củ, Chanh: 1 trái, Ớt: 4 trái, Hành tây: 1 củ, Hạt điều màu: 100g, Tỏi: 1 củ, Củ cải trắng: 400g, Hành lá: 15g, Ngò rí: 10g, Tinh bột khoai tây: 1 muỗng canh, Tinh bột bắp: 1 muỗng canh, Đường phèn: 20g, Rượu nấu ăn: 1 ít, Dầu ăn: 65ml","Nồi, Chén, Muỗng, Thớt, Vá, Rây","Hầm sườn non làm nước dùng, Nấu vỏ tôm lấy nước cho vào nồi sườn, Trộn tôm xay với giò sống làm chả tôm, Nấu và nặn sợi bánh canh rồi xả lạnh, Phi hành tỏi với dầu điều đổ vào nồi và nêm gia vị, Nặn chả tôm vào nồi nước dùng, Cho bánh canh và bột năng vào khuấy đến sánh, Múc ra tô rắc hành và thưởng thức",Cân bằng,Keto / Low-carb
banh-a-cua,Bánh đa cua,Bắc,main,dinner,12,70,medium,500,20,60,15,3,900,5,35000,65000,balanced,"Cua đồng, Nước mắm","Chua, Thơm, Đậm đà",1,1,https://i-giadinh.vnecdn.net/2023/02/25/Buoc-12-thanh-pham-12-3879-1677318715.jpg,Bánh đa với nước dùng riêu cua,"Bánh đa đỏ: 400g, Cua đồng xay: 400g, Sườn: 300g, Thịt lợn xay: 150g, Chả cá - mỡ phần - tôm khô: 100g, Rau muống: 50g, Cà chua: 6 quả, Rau sống: 100g, Mộc nhĩ: 20g, Lá lốt: 10g, Hành khô: 10g, Hành lá - mùi tàu: 10g, Chanh: 3 quả","Chảo, Nồi hấp, Nồi, Chén, Tô, Rây","Luộc sơ sườn rồi hầm với hành nướng và gia vị, Lọc cua nấu lên cho gạch nổi rồi trút nước hầm sườn vào, Phi hành xào cà chua cho màu và cho vào nồi nước dùng, Xào gạch cua với mắm rồi để riêng, Chiên tóp mỡ và hành phi rồi thêm cà chua vào nồi nước dùng, Làm chả thịt mộc nhĩ nấm hương và rán chín, Hấp bóc nõn tôm rồi rim đến khi săn dai, Ngâm bánh đa cho nở và chuẩn bị rau hành mùi tàu",Cân bằng,"Thuần chay (Vegan), Ăn chay (Vegetarian), Keto / Low-carb"
bun-bo-hue,Bún bò Huế,Trung,main,breakfast,47,70,medium,420,18,55,10,3,900,4,30000,60000,balanced,"Mắm ruốc (Hải sản), Chả cua","Cay, Đậm đà",1,1,https://i.pinimg.com/736x/04/b6/f9/04b6f958f5f053fbaefccddd1007aa48.jpg,"Bún đặc sản của xứ Huế, trong nước dùng có một ít mắm ruốc, góp phần làm nên hương vị rất riêng","Giò sống: 33g, Thịt heo: 169g, Bún tươi: 97g, Dầu ăn: 34g, Rau thơm: 180g, Ớt: 169g","Đũa, Nồi hấp, Tô, Chén, Vá, Kéo","Nướng hành gừng cho thơm rồi rửa sạch, Hầm xương heo với sả để lấy nước dùng trong, Thêm mắm ruốc Huế, nêm muối đường nước mắm, Trụng bún qua nước sôi, Xếp bắp bò giò heo chả vào tô, chan nước dùng, thêm rau muống bào và hoa chuối",Cân bằng,"Thuần chay (Vegan), Ăn chay (Vegetarian), Keto / Low-carb"
bun-bung,Bún bung,Bắc,main,dinner,10,70,medium,500,20,60,15,3,900,5,35000,65000,balanced,"Nước mắm, Mùng tơi (lưu ý)","Mặn, Chua, Cay, Thơm",1,1,https://i-giadinh.vnecdn.net/2024/07/13/Buoc-7-Thanh-pham-7-3169-1720857533.jpg,Bún nấu với sườn lợn và dọc mùng,"Bún tươi: 400g, Sườn non: 300g, Dọc mùng: 200g, Cà chua: 3 quả, Nghệ tươi: 1 củ, Mẻ hoặc me chua: 30g, Mắm tôm: 10g, Hành khô: 10g, Hành lá: 20g, Rau răm: 10g, Ớt tươi: 5g, Nước mắm: 15ml, Muối: 5g, Dầu ăn: 20ml","Rây, Thớt, Đũa, Tô","Chần sơ sườn rồi hầm nhừ và hớt bọt, Chuẩn bị dọc mùng bóp muối và xào cà chua với hành tím, Trộn thịt băm nấm mèo giò sống rồi vo viên, Cho thịt viên vào nồi sườn nấu chín rồi thêm cà chua dọc mùng và hành lá",Cân bằng,Keto / Low-carb
bun-ca,Bún cá,Bắc,main,lunch,32,70,medium,420,18,55,10,3,900,4,30000,60000,balanced,"Cá chiên, Nước mắm, Đậu hũ","Mặn, Chua, Thơm, Đậm đà",1,1,https://i.ytimg.com/vi/D95V3tP_MGA/maxresdefault.jpg,"Bún và chả cá nướng trộn nước mắm, rau sống","Cá rô phi: 800g, Bún tươi: 500g, Xương heo: 400g, Đậu hũ non: 2 miếng, Hành khô: 10g, Mắm tôm: 1.2 muỗng canh , Nước cốt chanh: 1.2 muỗng, Bột nghệ: 1.2 muỗng cà phê, Rau ăn kèm: 100g","Đũa, Dao, Thớt, Chén, Muỗng, Tô","Chần sơ xương heo và xương cá rồi ninh cùng nước để làm nước dùng, Sơ chế cá rô phi cắt lát và chuẩn bị cà chua hành rau thì là đậu hũ, Ướp cá với chanh mắm tôm bột ngọt và bột nghệ, Chiên đậu hũ vàng giòn và chiên cá phủ bột cho giòn đều, Phi hành xào cà chua với bột nghệ rồi cho vào nồi nước dùng và nêm gia vị",Cân bằng,"Thuần chay (Vegan), Ăn chay (Vegetarian), Keto / Low-carb"
bun-cha,Bún chả,Bắc,main,dinner,32,65,medium,500,20,60,15,3,900,5,35000,65000,balanced,Nước mắm,"Ngọt, Mặn, Chua, Cay, Thơm, Đậm đà",1,1,https://i-giadinh.vnecdn.net/2023/04/16/Buoc-11-Thanh-pham-11-7068-1681636164.jpg,Bún ăn kèm chả viên và chả miếng với nước chấm,"Bún tươi: 1kg, Thịt ba chỉ: 700g, Thịt heo xay nhuyễn: 500g, Cà rốt: 1 củ, Đu đủ xanh: 1/2 trái, Rau sống các loại: 500g, Hành tím băm: 1 muỗng canh, Tỏi băm: 1.5 muỗng canh, Ớt băm: 1 ít, Dầu hào: 2 muỗng canh, Mật ong: 3 muỗng canh, Nước màu: 2 muỗng canh, Nước mắm: 1 chén, Giấm: 1/2 chén","Nồi, Tô, Dao, Thớt, Chén","Ướp thịt ba chỉ và thịt xay rồi vo viên, Sơ chế cà rốt đu đủ và ngâm chua ngọt, Nướng thịt ba chỉ và thịt viên đến vàng đều, Nấu nước mắm pha giấm đường nước cho sôi, Xếp thịt bún rau và chan nước mắm cùng cà rốt đu đủ",Cân bằng,"Thuần chay (Vegan), Ăn chay (Vegetarian), Keto / Low-carb"
bun-mang-vit,Bún măng vịt,Trung,main,dinner,54,70,medium,500,20,60,15,3,900,5,35000,65000,balanced,Nước mắm gừng,"Cay, Thơm, Đậm đà",1,1,https://i.ytimg.com/vi/IQUykuEF3kk/hq720.jpg?sqp=-oaymwEhCK4FEIIDSFryq4qpAxMIARUAAAAAGAElAADIQj0AgKJD&rs=AOn4CLC0Z_JzBueYNN7fm_ofhyic9LH4aA,Bún măng dùng với nước hầm xương vịt,"Vịt: 700g, Măng tươi: 250g, Nấm rơm: 500g, Tiết vịt: 100g, Bún tươi: 1kg, Rượu trắng: 100ml, Gừng: 2 nhánh, Hành tím: 4 củ, Tỏi : 1 củ, Hành lá: 2 nhánh, Rau mùi: 10g, Rau răm: 10g, Ớt: 2 trái","Muỗng, Tô, Rây, Kéo","Sơ chế thịt vịt khử mùi rồi chặt miếng, Ướp vịt với gừng tỏi hành và gia vị, Luộc măng rồi cắt miếng, Sơ chế nấm rơm huyết bún và rau ăn kèm, Xào măng với gia vị cho thấm, Xào thịt vịt cho săn, Nấu nước dùng với thịt vịt nấm rơm huyết và măng rồi nêm lại, Giã tỏi ớt gừng pha nước chấm",Cân bằng,"Thuần chay (Vegan), Ăn chay (Vegetarian), Keto / Low-carb"
bun-cha-ca,Bún chả cá,Trung,main,breakfast,24,70,medium,500,20,60,15,3,900,5,35000,65000,balanced,"Chả cá, Nước mắm","Mặn, Thơm",1,1,https://i.ytimg.com/vi/D95V3tP_MGA/maxresdefault.jpg,Bún với chả cá chan nước dùng nóng,"Cá basa: 1 con, Chả hấp: 500g, Chả chiên: 500g, Bí đỏ: 500g, Bắp cải: 200g, Cà chua: 3 quả, Thơm: 1 trái, Rau ăn kèm: 1 ít, Dầu ăn: 1 muỗng canh, Nước mắm: 6 muỗng canh, Bột tỏi: 1/2 muỗng cà phê","Nồi, Dao, Thớt, Rây, Chén, Chảo","Sơ chế bí đỏ bắp cải cà chua thơm, Phi tỏi xào cà chua, Nấu nước lèo với bí đỏ bắp cải thơm và nêm gia vị, Sơ chế cá basa cắt khúc, Kho cá với đường nước mắm tiêu và nước, Cho chả cá vào nồi nước lèo nấu sôi và nêm lại",Cân bằng,"Thuần chay (Vegan), Ăn chay (Vegetarian), Keto / Low-carb"
bun-chao-tom,Bún chạo tôm,Trung,main,lunch,36,30,medium,500,20,60,15,3,900,5,35000,65000,balanced,"Tôm, Lòng trắng trứng (trong chạo)","Ngọt, Mặn, Cay, Thơm",1,1,https://encrypted-tbn0.gstatic.com/images?q=tbn:ANd9GcTME6kU10DMpGPG8dl_HA99vuYB5k7G_IwX3g&s,"Tôm xiên vào que mía nướng ăn kèm bún, rau sống","Tôm xay nhuyễn: 250g, Bột năng: 5 muỗng canh, Giò sống: 200g, Tiêu trắng: 1/2 muỗng cà phê, Dầu hào: 1 muỗng canh, Nước mắm: 1 muỗng canh, Lòng trắng trứng gà: 1 cái, Đường: 1/2 muỗng cà phê, Mía lau: 5 thanh, Cà rốt thái nhỏ: 2 muỗng canh, Hành lá thái nhỏ: 1 nhánh nhỏ","Chảo, Nồi hấp, Kéo, Đũa, Rây, Dao","Pha nước sốt với tương ớt đường giấm nước mắm rồi trộn cà rốt củ cải đậu phộng, Quết giò sống với bột năng lòng trắng trứng hành tiêu đường nước mắm và dầu hào, Trộn cà rốt vào hỗn hợp rồi ướp lạnh cho cứng, Quấn chạo tôm quanh thanh mía, Chiên chạo tôm ngập dầu đến vàng đều",Cân bằng,"Thuần chay (Vegan), Ăn chay (Vegetarian), Keto / Low-carb"
bun-au-mam-tom,Bún đậu mắm tôm,Bắc,main,lunch,20,54,medium,500,20,60,15,3,900,5,35000,65000,balanced,"Mắm tôm, Đậu hũ","Mặn, Chua, Cay, Thơm, Đậm đà",1,1,https://i-giadinh.vnecdn.net/2025/05/16/Bun-dau-mam-tom-6-vnexpress-17-9082-8722-1747388531.jpg,Bún ăn với đậu rán và mắm tôm,"Bún lá: 1 ít, Đậu hũ: 1kg, Phèo non: 600g, Gan: 200g, Huyết: 100g, Dạ dày: 300g, Lưỡi heo: 1 cái, Thịt heo: 500g, Thịt heo xay: 300g, Khoai tây: 1 củ, Nấm mèo: 500g, Ớt: 2 trái, Dưa leo: 3 quả, Chanh: 2 quả, Rau ăn kèm: 1 ít, Hành tím: 4 củ, Tỏi: 4 tép, Gừng: 1 củ, Bánh tráng rế: 15 cái, Mắm tôm: 500g, Giấm: 100ml, Dầu ăn: 500ml","Rây, Vá, Kéo, Tô, Nồi, Dao","Sơ chế sạch thịt lưỡi gan phèo non và dạ dày, Luộc gan dạ dày phèo non rồi luộc thịt và lưỡi riêng, Chiên đậu hũ và chuẩn bị rau dưa khoai tây nấm mèo hành tỏi, Trộn nhân thịt cuốn ram rồi chiên giòn, Pha mắm tôm với đường bột ngọt tỏi ớt và chanh đánh bông",Cân bằng,"Thuần chay (Vegan), Ăn chay (Vegetarian), Keto / Low-carb"
bun-mam,Bún mắm,Nam,main,breakfast,10,30,medium,420,18,55,10,3,900,4,30000,60000,balanced,"Mắm cá (Mắm nêm/Linh), Tôm, Mực, Cá","Mặn, Cay, Thơm",1,1,https://file.hstatic.net/200000714303/file/bun-mam-nem-1_c86c473587ce4df9b2b92283a951aa5f_grande.jpg,Bún chan nước dùng làm từ mắm cá linh hay cá sặc,"Heo quay: 200g, Cá diêu hồng: 800g, Chả cá thác lác: 200g, Tôm: 400g, Mực: 300g, Mắm cá sặc: 300g, Cà tím: 2 trái, Thơm: 1/2 trái, Ớt: 3 trái, Hành tím: 2 củ, Sả: 3 tép, Ớt sừng: 5 trái, Hành lá: 3 nhánh, Hẹ: 20g, Rau ăn kèm: 1 ít, Bún tươi: 500g, Nước mắm: 1/2 muỗng cà phê, Dầu ăn: 7 muỗng canh","Tô, Chén, Vá, Nồi hấp, Đũa, Dao","Sơ chế sả hành rau thơm cá diêu hồng mực và heo quay, Nấu mắm cá sặc lọc lấy nước, Trộn chả cá nhồi ớt rồi chiên vàng, Luộc tôm mực cá diêu hồng, Nấu nước dùng với mắm cá thơm nước luộc hải sản và sả ớt phi rồi cho cà tím nêm lại, Xếp bún tôm mực cá heo quay chả ớt chan nước dùng",Cân bằng,Keto / Low-carb
bun-moc,Bún mọc,Bắc,main,lunch,10,70,medium,500,20,60,15,3,900,5,35000,65000,balanced,"Nước mắm, Mọc (Giò sống)","Thơm, Đậm đà",1,1,https://vcdn1-giadinh.vnecdn.net/2021/01/02/Anh-6-7105-1609558348.jpg?w=460&h=0&q=100&dpr=2&fit=crop&s=o9uZITxyU-0sd6y4cmG-_w,Bún với mọc chan nước dùng,"Sườn non: 400g, Giò sống: 250g, Xương ống: 300g, Bún tươi: 1kg, Chả lụa: 200g, Mộc nhĩ: 60g, Hành lá: 5 nhánh, Rau mùi: 1 bó, Hành tím: 3 củ, Rau sống: 300g, Gia vị thông dụng: 50g","Nồi hấp, Dao, Đũa, Muỗng, Rây","Trụng xương ống rồi hầm với gia vị và sơ chế sườn ướp nhẹ, Sơ chế mộc nhĩ chả lụa hành rau và trụng bún, Trộn giò sống với mộc nhĩ hành rồi vo viên mọc và luộc chín, Phi hành cho sườn săn rồi cho vào nồi nước dùng thêm mọc và nêm lại",Cân bằng,Keto / Low-carb
bun-oc,Bún ốc,Bắc,main,dinner,12,70,medium,500,20,60,15,3,900,5,35000,65000,balanced,"Ốc, Đậu hũ, Mắm tôm (ăn kèm)","Mặn, Chua, Cay, Thơm, Đậm đà",1,1,https://ducankitchen.com/wp-content/uploads/2021/07/bun-oc-chay-01.jpg,"Bún, ốc với nước dùng có vị chua","Ốc mít: 500g, Thịt ba chỉ: 200g, Nước hầm xương: 1.5 lít, Bún tươi: 500g, Dứa: 1/2 quả, Đậu hũ: 100g, Lá chanh: 5 lá, Sả: 2 nhánh, Hành tím: 3 củ, Tỏi: 5 tép, Hành tây: 1/2 củ, Ớt: 5 trái, Rau thơm: 20g, Ớt sa tế: 3 muỗng canh, Dầu ăn: 3 muỗng canh, Nước mắm: 2.5 muỗng canh","Chảo, Tô, Muỗng, Nồi, Đũa","Luộc ốc với sả lá chanh rồi khêu lấy thịt, Sơ chế sả hành tía tô ngò rí dứa hành tây đậu hũ và thịt ba chỉ, Phi hành tỏi sả rồi nấu nước dùng với nước hầm xương thơm đậu hũ sa tế và gia vị, Xào thịt ba chỉ với ốc và nêm cho thấm, Xếp bún chan nước dùng rồi thêm đậu hũ thịt và ốc xào",Cân bằng,"Thuần chay (Vegan), Ăn chay (Vegetarian), Keto / Low-carb"
bun-rieu-cua,Bún riêu cua,Trung,main,dinner,12,70,medium,420,18,55,10,3,900,4,30000,60000,balanced,"Cua đồng, Mắm tôm, Trứng, Đậu hũ","Mặn, Thơm",1,1,https://cdn.tgdd.vn/2020/08/CookProduct/Untitled-1-1200x676-10.jpg,"Bún và riêu cua được nấu từ gạch cua, thân cua giã, lọc với quả dọc, cà chua, mỡ nước, mẻ ngấu, nước mắm, muối, hành hoa.","Cua đồng xay: 1kg, Bún tươi: 400g, Giò sống: 100g, Huyết heo: 200g, Tôm khô: 50g, Mực khô: 30g, Lòng đỏ trứng gà: 2 cái, Mỡ heo: 100g, Đậu hũ: 150g, Cà chua: 500g, Rau ăn kèm: 300g, Hành tím: 100g, Hành lá: 20g, Dầu ăn: 150ml, Dầu điều: 1 muỗng canh, Mắm tôm: 20g, Nước mắm: 20ml","Chén, Thớt, Nồi, Đũa, Dao","Sơ chế cua lấy nước riêu và tách gạch, Chiên mỡ đậu hũ hành lá cà chua huyết tôm khô mực khô, Phi hành tím giòn và xào gạch cua, Làm chả cua rồi hấp chín, Xào cà chua với dầu điều, Nấu nước dùng với tôm mực xác cua rồi thêm nước riêu cua cà chua đậu hũ huyết gạch cua và nêm lại",Cân bằng,"Thuần chay (Vegan), Ăn chay (Vegetarian), Keto / Low-carb"
bun-thit-nuong,Bún thịt nướng,Trung,main,lunch,60,30,medium,500,20,60,15,3,900,5,35000,65000,balanced,"Đậu phộng rang, Sữa (ướp thịt), Nước mắm","Ngọt, Cay, Thơm, Béo, Đậm đà",1,1,https://cdn2.fptshop.com.vn/unsafe/1920x0/filters:format(webp):quality(75)/2023_10_9_638324664353641656_bun-thit-nuong-thumb.jpg,Bún ăn với thịt nướng cùng nước mắm và rau sống kiểu Huế.,"Thịt nạc vai heo: 800g, Hành tím: 30g, Tỏi: 30g, Đậu phộng rang: 100g, Hành lá: 60g, Sả: 3 cây, Ớt sừng: 2 trái, Củ cải trắng: 1 củ, Cà rốt: 1 củ, Sữa tươi không đường: 120ml, Mật ong: 2 muỗng canh, Bún tươi: 1 ít","Chén, Nồi, Nồi hấp, Rây","Sơ chế thịt heo và băm hành tỏi sả ớt rồi chuẩn bị rau củ, Ướp thịt với dầu điều nước mắm nước tương đường gia vị sữa và mật ong, Nướng thịt bằng than hoặc lò hoặc nồi chiên hoặc chảo, Làm đồ chua từ cà rốt củ cải với giấm đường, Pha nước mắm chua ngọt với tỏi ớt, Làm mỡ hành bằng cách đổ dầu nóng vào hành lá",Cân bằng,"Thuần chay (Vegan), Ăn chay (Vegetarian), Keto / Low-carb"
bun-thang,Bún thang,Bắc,main,breakfast,12,70,medium,500,20,60,15,3,900,5,35000,65000,balanced,"Tôm khô, Mắm tôm, Trứng thái sợi","Mặn, Cay, Thơm, Đậm đà",1,1,https://www.huongnghiepaau.com/wp-content/uploads/2016/04/mon-bun-thang.jpg,"Bún ăn với nước dùng và cần đến 20 nguyên liệu: rau răm, mùi tàu, trứng gà rán mỏng, lườn gà xé, giò lụa thái sợi rải đều trên nền bún trắng. Bún phải là loại bún sợi nhỏ. Trên rắc tôm bông và rải vài lát lạp xường.","Gà ta: 1/2 con, Xương ống: 300g, Sá sùng (hoặc tôm khô): 15g, Chả lụa: 100g, Trứng gà: 1 quả, Ca la thầu: 30g, Hành tây: 1/4 củ, Cà rốt: 1/2 củ, Hành tím: 4 củ, Hành lá/ngò rí: 1 ít, Bún tươi: 600g, Mắm tôm: 50g, Nước mắm: 1/2 muỗng canh, Bột canh: 1 muỗng cà phê, Tiêu hạt: 1 muỗng cà phê","Nồi, Nồi hấp, Chảo, Muỗng","Luộc gà và xương với hành tiêu gia vị rồi xé gà, Sơ chế sá sùng ca la thầu trứng chả lụa và hành ngò, Ninh nước dùng với sá sùng cà rốt hành tây, Chần bún rồi xếp gà chả trứng ca la thầu và chan nước dùng",Cân bằng,Keto / Low-carb
cao-lau,Cao lầu,Trung,main,dinner,20,70,medium,500,20,60,15,3,900,5,35000,65000,balanced,"Nước tương (Xì dầu), Bột mì (sợi/hoành thánh)","Thơm, Đậm đà",1,1,https://i-giadinh.vnecdn.net/2023/03/13/Buoc-7-Thanh-pham-1-7-9577-1678700377.jpg,Đặc sản của Hội An với sợi mì được chế biến rất công phu ăn cùng giá đỗ và thịt xá xíu,"Thịt heo: 500g, Xương ống heo: 500g, Bột mì đa dụng: 200g, Bột gạo: 200g, Bột năng: 140g, Tỏi: 6 tép, Nước tương: 3 muỗng canh, Ngũ vị hương: 1 muỗng cà phê, Hành tây: 1 củ, Rau thơm ăn kèm: 1 ít, Giá: 1 ít","Đũa, Vá, Chảo, Kéo","Trộn và nhào bột rồi ủ tạo khối bột dẻo, Cán bột cắt sợi rồi hấp chín làm mì cao lầu, Sơ chế xương heo thịt heo rau thơm giá và hành tây, Hầm xương với hành tây làm nước dùng, Ướp thịt heo chiên vàng rồi ninh làm xá xíu, Pha nước dùng từ nước hầm xương và sốt xá xíu",Cân bằng,
hu-tieu,Hủ tiếu,Nam,main,lunch,20,70,medium,500,20,60,15,3,900,5,35000,65000,balanced,"Tôm, Mực, Nước mắm","Ngọt, Thơm, Đậm đà",1,1,https://i-giadinh.vnecdn.net/2023/05/15/Bc8Thnhphm18-1684125639-9811-1684125654.jpg,"Bánh hủ tiếu chan nước dùng với thịt băm nhỏ, lòng heo nấu cùng. Sau đó trụng sơ bánh hủ tiếu với nước dùng, rồi cho các nguyên liệu phụ vào như giá đỗ, hẹ, thịt băm cùng lòng lợn vào","Sợi hủ tiếu: 30gr, Xương heo: 500gr, Thịt nạc heo: 300gr, Tôm khô: 20gr, Củ cải trắng: 3 củ, Giá: 30gr, Hành lá: 2 nhánh, Hành phi: 1 ít, Tóp mỡ: 1 ít, Dầu ăn: 1/2 muỗng canh, Bột canh: 1/2 muỗng canh, Đường phèn: 2 muỗng canh","Dao, Vá, Thớt, Tô, Nồi, Kéo","Sơ chế thịt xương da heo rồi chần và luộc da cho sạch, Sơ chế củ cải giá hành, Nấu nước dùng với xương thịt củ cải và tôm khô rồi nêm gia vị, Vớt thịt và da cắt lát, Trụng hủ tiếu và giá rồi xếp tô với thịt da xương bò viên và chan nước dùng",Cân bằng,Keto / Low-carb
mi-quang,Mì Quảng,Trung,main,breakfast,12,70,medium,500,20,60,15,3,900,5,35000,65000,balanced,"Tôm, Đậu phộng, Bánh tráng (Bột gạo/mì), Trứng","Ngọt, Mặn, Thơm",1,1,https://duonggiahotel.vn/wp-content/uploads/2023/09/quan-my-quang-da-nang.jpg,"Được làm từ sợi mì bằng bột gạo xay mịn và tráng thành từng lớp bánh mỏng, sau đó thái theo chiều ngang để có những sợi mì mỏng khoảng 2mm. Sợi mì làm bằng bột mỳ được trộn thêm một số phụ gia cho đạt độ dòn, dai. Dưới lớp mì là các loại rau sống, trên mì là thịt heo nạc, tôm, thịt gà cùng với nước dùng","Mì quảng: 800g, Gà: 1 con, Trứng cút: 15 quả, Nước dừa: 500ml, Đậu phộng rang: 50g, Bánh tráng mè nướng: 4 cái, Bột nghệ: 1 muỗng canh, Dầu màu điều: 1 muỗng canh, Nước dừa tươi: 500ml, Hành lá: 3 nhánh, Hành tây: 1 củ, Củ nén: 10 củ, Rau ăn kèm: 1 ít, Nước mắm: 2 muỗng canh, Đường phèn: 1 muỗng canh, Hạt nêm: 1/2 muỗng canh, Muối: 1 ít","Chảo, Kéo, Muỗng, Rây, Chén","Sơ chế gà rau hành củ nén và đậu phộng, Ướp gà với củ nén hành tây bột nghệ rồi luộc trứng cút, Phi hành củ nén với dầu điều rồi xào gà và nấu nước dùng với nước lọc nước dừa và nêm gia vị thêm trứng cút, Trụng mì rồi xếp gà trứng cút hành đậu phộng và chan nước dùng",Cân bằng,"Keto / Low-carb, Không gluten"
mi-xao,Mì xào,Trung,main,lunch,32,30,medium,500,20,60,15,3,900,5,35000,65000,balanced,"Dầu hào, Sợi mì (Bột mì)",Cay,1,1,https://cookbeo.com/media/2021/05/mi-xao-hai-san/mi-xao-hai-san-4x3.jpg,"Mì xào chín giòn với trứng, thịt, rau, hải sản...","Mì: 100g, Tôm: 100g, Mực: 200g, Ớt chuông: 1 quả, Cải thìa: 100g, Dầu ăn: 2 muỗng canh, Gia vị thông dụng: 1 ít","Chảo, Kéo, Vá, Nồi hấp, Tô, Dao","Sơ chế tôm mực ớt chuông cải thìa tỏi và ngâm mì, Ướp tôm mực với gia vị, Chần mì sơ rồi xả lạnh, Xào tỏi rồi xào tôm mực tiếp xào ớt chuông cải thìa và trộn mì cho thấm rồi cho hải sản vào xào chung",Cân bằng,"Keto / Low-carb, Không gluten"
mi-xao-gion,Mì xào giòn,Trung,main,dinner,24,30,medium,500,20,60,15,3,900,5,35000,65000,balanced,"Tôm/Mực, Sợi mì chiên (Bột mì)","Thơm, Đậm đà",1,1,https://i.ytimg.com/vi/f--i8wMAZZg/sddefault.jpg,"Mì trứng chiên giòn, phủ hải sản, rau và nước sốt","Mì chiên giòn: 2 gói, Tôm tươi: 200g, Mực tươi: 200g, Bóng bì lợn: 1/2 cái, Nấm đông cô tươi: 100g, Nấm rơm: 100g, Rau cải ngọt: 100g, Cà rốt: 1 củ, Củ sắn: 1/2 củ, Hành tây: 1 củ, Hành lá/cần tây: 1 ít, Tỏi: 4 tép, Hành tím: 2 củ, Rượu trắng: 4 muỗng canh, Bột năng: 1 muỗng canh, Dầu hào: 1 muỗng canh, Dầu ăn: 500ml, Gia vị thông dụng: 1 ít","Tô, Kéo, Chảo, Nồi hấp","Sơ chế rau củ nấm hành tỏi, Sơ chế bóng bì tôm mực, Xào bóng bì rồi xào tôm mực nêm gia vị, Chiên mì cho vàng giòn rồi xào rau củ thêm bóng bì tôm mực và tạo độ sánh",Cân bằng,"Keto / Low-carb, Không gluten"
mien-luon,Miến lươn,Trung,main,lunch,24,70,medium,500,20,60,15,3,900,5,35000,65000,balanced,"Lươn, Bột tẩm (nếu có), Trứng (nếu gọi thêm)",Đậm đà,1,1,https://i-giadinh.vnecdn.net/2022/11/10/Buoc-6-thanh-pham-6-4302-1668073404.jpg,Được nấu từ miến với thịt lươn có hai dạng: dạng miến lươn khô và miến lươn nước nấu nước dùng là nước xương,"Miến dong: 200g, Lươn: 500g, Xương heo: 500g, Rau cải: 200g, Giá đỗ: 200g, Cà rốt: 2 củ, Nấm hương: 10g, Nấm mèo: 5 cái, Trứng: 1 quả, Rau thơm: 20g, Gia vị nêm nếm cơ bản: 10g","Muỗng, Dao, Vá, Thớt","Chuẩn bị lươn thái sợi và cắt khúc, Chiên lươn phủ bột cho vàng giòn, Xào lươn mềm với hành và nấm hương, Sơ chế miến nấm rau củ và trộn miến với dầu dầu hào và trứng, Xào rau rồi hầm xương làm nước dùng, Xào miến với lươn giòn lươn mềm rau củ và thêm nước xương cho tơi",Cân bằng,Keto / Low-carb
mien-tron,Miến trộn,Trung,main,lunch,52,48,medium,500,20,60,15,3,900,5,35000,65000,balanced,"Nước tương, Trứng","Cay, Thơm, Đậm đà",1,1,https://cdn.nhathuoclongchau.com.vn/unsafe/800x0/filters:quality(95)/https://cms-prod.s3-sgn09.fptcloud.com/cach_lam_mien_tron_ce72b07992.jpg,"Miến được xào hoặc chần qua, trộn với tôm hoặc cua, nêm gia vị chua ngọt và cay","Miến khô: 50gr, Thịt bò: 200gr, Cải bó xôi: 50gr, Nấm kim châm: 50gr, Nấm đông cô: 20gr, Cà rốt: 50gr, Hành tây: 50gr, Ớt chuông: 50gr, Trứng gà: 1 quả (chỉ lấy lòng đỏ), Hành tím: 1 củ, Tỏi: 3 tép, Hạt mè trắng rang: 1/2 muỗng canh, Dầu ăn: 2 muỗng canh, Dầu hào: 1/2 muỗng canh, Dầu mè: 2 muỗng canh, Nước tương: 2 muỗng canh","Chảo, Dao, Nồi, Vá, Kéo, Thớt","Sơ chế thịt bò và cắt lát, Ướp thịt bò với hành tỏi dầu hào nước tương dầu mè và tiêu, Sơ chế cải bó xôi ớt chuông hành tây nấm hương cà rốt nấm kim châm, Luộc miến và cải bó xôi rồi trộn dầu mè, Chiên trứng rồi cắt sợi, Xào thịt bò rồi xào rau củ và cho vào tô miến, Trộn miến với nước tương dầu mè đường và tiêu rồi thêm trứng và mè",Cân bằng,Keto / Low-carb
pho,Phở,Bắc,main,dinner,10,70,medium,420,18,55,10,3,900,4,30000,60000,balanced,"Nước mắm, Bò/Gà","Ngọt, Thơm, Đậm đà",1,1,https://www.recipetineats.com/tachyon/2019/04/Beef-Pho_6.jpg?resize=500%2C500,"Là một trong những món ăn đặc trưng nhất cho ẩm thực Việt Nam. Thành phần chính của phở là bánh phở và nước dùng (hay nước lèo theo cách gọi miền Nam) cùng với thịt bò hoặc gà cắt lát mỏng. Ngoài ra còn kèm theo các gia vị như: tương, tiêu, chanh, nước mắm, ớt,...","Xương ống bò: 2kg, Thịt thăn bò: 1kg, Thịt nạm bò: 1kg, Hành tây: 3 củ, Hành lá: 5 cây, Gừng: 1 củ, Hành tím: 6 củ, Bánh phở: 1 ít, Rau ăn phở: 1 ít, Đường phèn: 200g, Gia vị nấu phở: 1 gói, Gia vị thông dụng: 1 ít","Rây, Vá, Đũa, Nồi hấp, Tô","Chần xương ống và sơ chế thịt nạm rồi cắt lát, Nướng hành tây hành tím gừng và rang gói gia vị phở, Hầm xương thịt với gia vị nướng rồi nêm đường phèn hạt nêm và muối, Xếp phở hành thịt bò và chan nước dùng nóng",Cân bằng,Keto / Low-carb
com-hen,Cơm hến,Trung,main,lunch,30,70,medium,700,32,90,22,3,1300,8,35000,65000,balanced,"Hến, Mắm ruốc, Đậu phộng","Cay, Thơm",1,1,https://file.hstatic.net/1000155899/article/com-hen-hue_38d07ba033d0444fa0d1f7b454086f5d.jpg,"Cơm nguội trộn với hến luộc, nước hến, mắm ruốc, rau bắp cải, tóp mỡ, bánh tráng nướng, mì xào giòn, ớt màu, đậu phộng nguyên hạt, dầu ăn chín, tiêu và muối","Cơm nguội: 1 ít, Hến tươi: 3kg, Da heo khô/bóng bì: 200g, Đậu phộng nguyên hạt: 300g, Khế chua: 2 trái, Cây bạc hà: 200g, Thân chuối bào: 100g, Giá: 200g, Bắp chuối bào: 100g, Rau thơm/ngò rí/húng lủi: 100g, Gốc hành lá: 50g, Ớt xiêm xanh: 20g, Tỏi: 1 củ, Ớt bột Huế: 1 ít, Dầu màu điều: 1/2 chén, Gia vị thông dụng: 1 ít","Vá, Đũa, Dao, Chảo","Rửa và luộc hến lấy nước trong rồi gạn thịt hến, Chiên da heo hoặc bóng bì và rang đậu phộng, Chuẩn bị rau sống bạc hà khế và các loại rau trộn, Xào hến với dầu điều mắm ruốc ớt bột, Nấu nước hến với gừng và mắm ruốc, Pha mắm ruốc và nước mắm ăn kèm, Bày cơm nguội rồi rải hến đậu phộng rau và rưới mắm",Cân bằng,"Thuần chay (Vegan), Ăn chay (Vegetarian), Keto / Low-carb"
com-ga-quang-nam,Cơm gà Quảng Nam,Trung,main,dinner,18,35,medium,700,32,90,22,3,1300,8,35000,65000,balanced,Nước mắm,"Mặn, Chua, Thơm",1,1,https://statics.vinpearl.com/com-ga-tam-ky-05%20(1)_1631434093.jpg,Cơm tẻ chín tới ăn với gà luộc rưới nước dùng gà,"Gà ta: 1 con, Gạo tẻ: 2 chén, Đu đủ xanh: 1 quả, Cà rốt: 1 củ, Hành tây: 1 củ, Gừng: 1 nhánh, Hành tím: 7 củ, Tỏi: 5 tép, Rau răm: 1 ít, Bột nghệ: 2 muỗng canh, Dầu ăn: 1 muỗng canh, Dầu màu điều: 1 muỗng canh, Nước cốt chanh: 2 muỗng canh, Nước mắm: 1 muỗng canh, Gia vị thông dụng: 1 ít","Đũa, Rây, Chén, Dao, Chảo, Nồi","Luộc gà với gừng hành rồi xé thịt, Rang gạo với tỏi rồi nấu bằng nước luộc gà, Xào lòng gà với gia vị rồi thêm nước làm nước mạ, Trộn đu đủ cà rốt hành tây làm gỏi, Xới cơm ra dĩa thêm gà xé gỏi rau răm và rưới nước mạ",Cân bằng,"Thuần chay (Vegan), Ăn chay (Vegetarian), Keto / Low-carb"
com-lam,Cơm lam,Trung,main,breakfast,680,65,medium,700,32,90,22,3,1300,8,35000,65000,vegetarian,Muối vừng (Đậu phộng/Mè),"Ngọt, Mặn, Thơm",1,1,https://store.longphuong.vn/wp-content/uploads/2024/04/cach-lam-com-lam-18.jpg,"Được làm từ gạo nếp cùng một số nguyên liệu khác, cho vào ống tre, giang, nứa và nướng chín trên lửa","Gạo nếp: 300g, Gừng nhỏ: 1 củ, Nước dừa tươi: 200ml, Đậu phộng: 200g, Mè trắng: 100g, Muối tinh: 2 muỗng canh, Tre: 1 ống","Nồi, Dao, Thớt, Rây, Kéo","Ngâm nếp 10–15 phút trộn gừng, Lót ống tre bằng lá chuối rồi cho nếp và nước dừa vào bịt kín, Nướng ống tre trên than xoay đều đến khi cơm chín thơm, Rang đậu phộng muối mè rồi giã làm muối vừng ăn kèm",Ăn chay (Vegetarian),Keto / Low-carb
com-nam,Cơm nắm,Bắc,main,lunch,28,35,medium,700,32,90,22,3,1300,8,35000,65000,eatclean,"Ruốc (Chà bông), Muối vừng","Ngọt, Mặn",1,1,https://encrypted-tbn0.gstatic.com/images?q=tbn:ANd9GcTYHEbZz4BnQ7CdQC8zSlMBF18XBm5DFwbqKQ&s,"Là món ăn có từ rất xa xưa của dân tộc. Cơm trắng nóng hổi đem nén chặt thành tấm bằng hai bàn tay rồi xắt miếng chấm với muối vừng vừa dẻo vừa bùi hài hòa vị mặn, ngọt.","Gạo dẻo thơm: 500g, Vừng: 50g, Lạc: 100g, Ruốc: 100g, Chả lụa: 100g, Đường: 3 muỗng cà phê, Muối: 1 muỗng cà phê","Tô, Kéo, Vá, Dao","Rang vừng và lạc rồi giã trộn muối đường, Nấu chín gạo làm cơm, Nắm cơm thật chặt thành khối rồi tạo hình trụ, Cắt miếng và ăn kèm muối vừng",Ăn chay (Vegetarian),Keto / Low-carb
com-rang,Cơm rang,Trung,main,dinner,42,30,medium,700,32,90,22,3,1300,8,35000,65000,balanced,"Nước mắm, Trứng","Mặn, Cay, Thơm",1,1,https://assets.unileversolutions.com/v1/1187779.jpg,"Cơm cùng với dầu ăn hoặc mỡ được chiên với những thức ăn khác như thịt, trứng... Món ăn cực kỳ phổ biến tại Việt Nam","Cơm nguội: 500g, Tôm tươi: 200g, Tôm khô: 20g, Râu mực: 100g, Trứng gà: 2 quả, Cà rốt: 1/2 củ, Hành lá: 4 nhánh, Hành tím: 4 củ, Tỏi: 4 tép, Tiêu xanh: 1 ít, Nước mắm: 1 muỗng canh, Dầu ăn: 2.5 muỗng canh, Gia vị thông dụng: 1 ít","Kéo, Nồi, Tô, Nồi hấp, Thớt","Ngâm tôm khô và sơ chế tôm mực cắt hạt lựu, Ướp hải sản và trộn gia vị vào cơm nguội, Sơ chế cà rốt hành tỏi, Xào hải sản rồi thêm cà rốt tôm khô, Chiên cơm với nước sốt và trứng rồi trộn hải sản, Múc ra dĩa rắc tiêu hành ngò",Cân bằng,Keto / Low-carb
com-tam,Cơm tấm,Nam,main,lunch,28,70,medium,700,32,90,22,3,1300,8,35000,65000,balanced,"Nước mắm, Mỡ hành (Đậu nành), Trứng (Chả)","Ngọt, Mặn, Chua, Cay, Thơm, Béo, Đậm đà",1,1,https://lalago.vn/wp-content/uploads/2025/06/com-tam-hoi-an-1.jpg,"Cơm tấm có thể gồm cả sườn, bì, chả, trứng hoặc không gồm đầy đủ các món trên nhưng phải có nước mắm ngọt","Thịt sườn: 2kg, Sả cây: 30g, Ớt: 7 trái, Tỏi: 7 củ, Hành lá: 4 cây, Hành tím cỡ bự: 1 củ, Đồ chua ăn kèm: 1 ít, Dưa leo/cà chua: 1 ít, Nước tương: 7 muỗng canh, Sữa tươi: 6 muỗng canh, Ngũ vị hương: 1 muỗng cà phê, Nước mắm: 3 muỗng canh, Nước cốt chanh: 1/2 muỗng canh, Mật ong: 2 muỗng canh, Giấm: 2 muỗng canh, Dầu ăn: 2 muỗng canh, Gia vị thông dụng: 1 ít","Dao, Vá, Chảo, Chén","Nấu cơm tấm hạt tơi, Ướp sườn rồi nướng vàng, Làm bì và hấp chả trứng, Pha nước mắm chua ngọt, Xếp sườn bì chả lên cơm, rưới mỡ hành và nước mắm",Cân bằng,Keto / Low-carb
ca-kho,Cá kho,Nam,main,breakfast,42,70,medium,500,20,60,15,3,900,5,35000,65000,balanced,Cá,"Ngọt, Cay, Thơm",1,1,https://cdnv2.tgdd.vn/mwg-static/common/Common/05052025%20-%202025-05-09T154044.858.jpg,"Cá chế biến bằng cách kho với nước hàng, vị chua, vị ngọt và nước mắm","Cá basa: 800g, Hành lá: 3 nhánh, Hành tím: 3 củ, Ớt: 5 trái, Tỏi: 7 tép, Dừa nạo: 1 trái, Nước màu đường: 2 muỗng cà phê, Dầu ăn: 1 ít, Gia vị thông dụng: 1 ít","Vá, Kéo, Nồi hấp, Thớt, Muỗng","Sơ chế cá basa và băm hành tỏi ớt, Ướp cá với nước mắm muối đường hạt nêm nước màu, Phi hành tỏi áp chảo cá rồi cho vào nồi đất, Kho cá với nước dừa và tương ớt đến sánh, Rắc hành tiêu và múc ăn kèm cơm nóng",Cân bằng,"Thuần chay (Vegan), Ăn chay (Vegetarian)"
kho-quet,Kho quẹt,Nam,main,breakfast,8,70,medium,500,20,60,15,3,900,5,35000,65000,balanced,"Tôm khô, Nước mắm","Ngọt, Mặn, Cay, Thơm, Đậm đà",1,1,https://assets.tmecosys.com/image/upload/t_web_rdp_recipe_584x480/img/recipe/ras/Assets/bea34561-d1c0-474e-80fe-83cdde036890/Derivates/7664bdaa-9ff2-41e2-9a36-18d582a5da5f.jpg,"Món cơm chiên giòn ăn kèm rau củ, chấm với kho quẹt đang rất được ưa chuộng","Thịt ba chỉ: 200gr, Tôm khô: 30gr, Mỡ heo: 200gr, Hành lá: 3 nhánh, Ớt xanh: 3 quả, Ớt hiểm: 2 quả, Tỏi: 3 tép, Hành tím: 2 củ, Nước mắm: 12 muỗng canh, Gia vị thông dụng (muối/đường/bột ngọt/tiêu): 1 ít, Rau ăn kèm (cà rốt/su su/cải ngọt/tùy ý thích): 1 ít","Chảo, Thớt, Muỗng, Rây, Tô, Nồi","Thắng mỡ heo làm tóp mỡ và pha nước mắm, Sơ chế thịt ba chỉ tôm khô hành tỏi ớt và rau luộc, Xào thịt ba chỉ hành tỏi rồi cho tôm khô và hỗn hợp nước mắm vào kho sánh, Thêm tóp mỡ tiêu hành lá kho thêm ít phút, Luộc rau chấm kho quẹt",Cân bằng,
mam-chung,Mắm chưng,Trung,main,dinner,30,30,medium,500,20,60,15,3,900,5,35000,65000,balanced,"Mắm cá, Trứng vịt/gà","Ngọt, Mặn, Cay, Đậm đà",1,1,https://file.hstatic.net/200000700229/article/cach-lam-mam-chung-thit-trung_be4fed86dc5d453c8806b4c51cdf92db.jpg,"Mắm chưng là món ăn truyền thống của miền Tây Nam Bộ Việt Nam, kết hợp giữa mắm cá ủ lên men với thịt băm, trứng và gia vị rồi hấp hoặc chưng lại","Trứng: 188g, Ớt: 84g, Đường: 59g, Tiêu: 43g, Thịt heo bằm: 135g, Mắm cá linh: 158g","Kéo, Vá, Rây, Chén, Thớt, Tô","Băm hành tím và ớt rồi trộn mắm cá linh với thịt xay đường bột ngọt tiêu, Đánh tan 3 trứng (chừa 1 lòng đỏ) rồi trộn vào hỗn hợp cùng hành ớt băm, Hấp hỗn hợp 15 phút và xả hơi mỗi 5 phút để không đọng nước, Quét lòng đỏ lên mặt thêm hành ớt rồi hấp thêm 5 phút, Mắm chưng hoàn thành thơm béo đậm đà",Cân bằng,
rau-muong-xao-toi,Rau muống xào tỏi,Trung,main,lunch,15,30,medium,500,20,60,15,3,900,5,35000,65000,"vegetarian,light",Nước mắm,Thơm,1,1,https://cdn.tgdd.vn/Files/2020/06/24/1265201/cach-lam-nuoc-sot-sieu-de-de-lam-rau-muong-xao-toi-5.jpg,Rau muống luộc qua hoặc không xào trên lửa to với dầu (mỡ) và tỏi đập dập,"Rau muống: 500g, Tỏi: 2 củ, Dầu hào: 1 muỗng canh, Dầu ăn: 2 muỗng canh, Gia vị thông dụng: 1 ít","Muỗng, Chén, Tô, Thớt","Nhặt rửa rau muống và để ráo, Phi thơm tỏi rồi cho rau vào xào lửa lớn thêm ít nước, Nêm hạt nêm đường bột ngọt dầu hào và xào đến khi rau chín, Tắt bếp múc ra dĩa","Ăn chay (Vegetarian), Nhẹ bụng / Ít calo",
rieucanh-chua,RiêuCanh chua,Nam,main,breakfast,22,47,medium,420,18,55,10,3,900,4,30000,60000,vegetarian,"Cá, Nước mắm","Mặn, Cay, Thơm",1,1,https://media.baothaibinh.com.vn/upload/news/3_2025/canh_rieu_dau_ca_nau_giam_08172531032025.jpg,"Các loại rau củ quả nấu với các loại thịt hay thủy sản khác nhau, trong đó dùng một gia vị chua để tạo vị chua thơm ngon cho nước canh","Cua đồng: 500g, Cà chua: 200g, Rau thì là: 200g, Hành tím: 3 củ, Mẻ chua: 1 muỗng canh, Nước mắm: 3 muỗng canh, Dầu màu điều: 1 muỗng cà phê, Dầu ăn: 2 muỗng canh, Muối/tiêu xay: 1 ít","Thớt, Nồi hấp, Chảo, Rây, Vá","Lọc cua với 2 lít nước lấy nước riêu, Sơ chế cà chua hành tây cần tây hành lá thì là, Phi đầu hành xào cà chua cho mềm, Nấu nước cua đến khi riêu nổi cho cà chua nêm hạt nêm muối đường thêm hành tây cần tây hành lá thì là",Ăn chay (Vegetarian),
thit-kho,Thịt kho,Nam,main,lunch,30,30,medium,500,20,60,15,3,900,5,35000,65000,balanced,"Nước mắm, Trứng vịt","Mặn, Cay, Thơm, Đậm đà",1,1,https://i-giadinh.vnecdn.net/2024/06/01/Bc4Thnhphm4-1717228679-2867-1717228687.jpg,"Thịt lợn (luôn phải có mỡ, nếu không phải thêm mỡ hoặc dầu ăn) vào nồi đun cho tới chín, cho thêm nước mắm để có vị mặn nhạt theo sở thích","Thịt ba chỉ: 400g, Ớt: 3 trái, Hành tím băm: 1 củ, Tỏi băm: 2 tép, Nước mắm: 1 muỗng canh, Tiêu hạt: 1 muỗng canh, Gia vị thông dụng: 1 ít","Chén, Nồi, Kéo, Đũa, Nồi hấp, Vá","Chần thịt ba chỉ khử mùi rồi cắt miếng ướp đường bột ngọt hạt nêm tiêu hành tỏi 20 phút, Thắng đường làm nước màu cho thịt vào xào săn đổ nước và ớt kho 10 phút thêm nước mắm kho cạn rắc tiêu, Múc ra dĩa",Cân bằng,"Thuần chay (Vegan), Ăn chay (Vegetarian)"
thit-kho-tau,Thịt kho Tàu,Trung,main,dinner,70,55,medium,500,20,60,15,3,900,5,35000,65000,balanced,"Nước mắm, Trứng vịt","Ngọt, Mặn, Thơm, Đậm đà",1,1,https://file.hstatic.net/200000700229/article/thit-kho-tau-thumb_bc66044baa614c3ba455a1fcd7b1413a.jpg,Thịt lợn (có mỡ) kho với trứng và nước dừa,"Thịt ba chỉ hoặc thịt chân giò: 500g, Trứng vịt luộc: 5 quả, Nước dừa: 400ml, Hành băm: 1 muỗng canh, Tỏi băm: 1 muỗng canh, Nước mắm: 3 muỗng canh, Gia vị thông dụng: 1 ít","Vá, Rây, Tô, Muỗng, Dao, Kéo","Ướp thịt với hành tỏi nước mắm đường hạt nêm tiêu 1 giờ, Thắng nước màu rồi cho thịt vào đảo săn đổ nước dừa kho nhỏ lửa thêm trứng vịt luộc, Múc ra tô",Cân bằng,"Thuần chay (Vegan), Ăn chay (Vegetarian)"
xoi-chien,Xôi chiên,Trung,main,lunch,10,43,medium,500,20,60,15,3,900,5,35000,65000,balanced,Gạo nếp,"Thơm, Đậm đà",1,1,https://beptruong.edu.vn/wp-content/uploads/2024/10/xoi-chien.jpg,"Xôi trắng ấn dẹt thành từng bánh rồi chiên ngập dầu, hoặc có thể chiên phồng thành dạng tròn xoay như hình cầu.","Thịt băm: 300g, Nấm mèo: 1/2 chén, Sắn: 1/2 củ, Cà rốt: 1/4 củ, Hành tím: 1 củ, Gạo nếp: 500g, Gia vị thông dụng: 1 ít","Vá, Dao, Chảo, Nồi hấp, Chén, Muỗng","Ngâm nếp và hấp chín rồi cắt miếng, Chiên xôi vàng giòn và xào nhân thịt rau nêm vừa, Kẹp nhân vào miếng xôi và dùng ngay",Cân bằng,Keto / Low-carb
xoi-o-xanhxoi-au-xanh,Xôi đỗ xanh,Bắc,main,lunch,20,40,medium,500,20,60,15,3,900,5,35000,65000,balanced,Muối vừng (Đậu phộng),"Ngọt, Mặn, Béo",1,1,https://i.ytimg.com/vi/ORz_d9NkQcI/hq720.jpg?sqp=-oaymwEhCK4FEIIDSFryq4qpAxMIARUAAAAAGAElAADIQj0AgKJD&rs=AOn4CLCcs8cTplw-TArTllEDuuu6_6zSeQ,"Đỗ xanh chà vỏ, ngâm nở và đãi bỏ vỏ (hoặc có thể để nguyên vỏ) trộn với gạo nếp và đồ chín. Đây là một loại xôi phổ biến và có rất nhiều loại xôi tương tự được chế biến với các loại đậu, đỗ","Nếp: 500g, Nước cốt dừa: 250g, Đậu xanh: 100g, Muối: 2g, Dầu ăn: 5g, Lá dứa: 10g, Mè vàng: 10g, Đậu phộng: 10g, Đường: 50g","Tô, Thớt, Nồi, Kéo, Nồi hấp, Đũa","Rang mè và đậu phộng, Ngâm nếp đậu xanh với nước cốt dừa 40 phút rồi nấu chín, Giã mè muối đường đậu phộng làm muối mè",Cân bằng,Keto / Low-carb
xoi-ga,Xôi gà,Nam,main,dinner,8,43,medium,500,20,60,15,3,900,5,35000,65000,balanced,"Gạo nếp, Gà","Chua, Cay, Thơm",1,1,https://bizweb.dktcdn.net/100/442/328/products/xoi-ga-com-nieu-sai-gon.jpg?v=1721795381517,"Được làm với nước cốt dừa và lá dứa, sau đó xé phay thịt gà luộc hoặc thịt gà quay, thái mỏng lạp sường và bày lên bát xôi như một đồ ăn kèm.","Nếp: 2 chén, Đậu xanh (không vỏ): 1/4 chén, Gà mái: 1 con, Rau răm: 1 ít, Hành tây: 1 củ, Ớt: 5 trái, Chanh: 2 trái, Gia vị thông dụng: 1 ít","Chén, Rây, Nồi hấp, Nồi","Hấp chín nếp đậu xanh, Luộc gà rồi xé sợi, Trộn gỏi gà xé với hành tây rau răm chanh tiêu",Nhẹ bụng / Ít calo,"Thuần chay (Vegan), Ăn chay (Vegetarian), Keto / Low-carb"
xoi-gac,Xôi gấc,Trung,main,breakfast,48,40,medium,500,20,60,15,3,900,5,35000,65000,balanced,Gạo nếp,"Ngọt, Mặn, Béo",1,1,https://cookbeo.com/media/2021/11/xoi-gac/xoi-gac-16x9.jpg,"Là một món ăn ngon, bổ, phổ thông, và rất được ưa chuộng như một đồ thờ cúng ngày lễ, tết, giỗ chạp, hoặc đi kèm với lợn sữa quay trên mâm đồ lễ ăn hỏi. Sử dụng thịt gấc để tạo màu sắc đỏ tươi tắn và hương vị thơm ngon cho món xôi.","Quả gấc: 200g, Nếp Bắc: 2 bát, Đường: 1 muỗng canh, Nước cốt dừa: 150ml, Muối: 1/2 muỗng cà phê, Rượu trắng: 5ml","Rây, Vá, Thớt, Nồi hấp, Đũa, Tô","Ngâm nếp và lấy thịt gấc, Trộn gấc rượu với nếp thêm nước cốt dừa, Hấp xôi 40 phút cho dẻo thơm",Cân bằng,Keto / Low-carb
xoi-la-cam,Xôi lá cẩm,Nam,main,lunch,40,60,medium,500,20,60,15,3,900,5,35000,65000,balanced,Gạo nếp,"Ngọt, Mặn, Béo",1,1,https://i.ytimg.com/vi/62IzUsxa_F8/hq720.jpg?sqp=-oaymwEhCK4FEIIDSFryq4qpAxMIARUAAAAAGAElAADIQj0AgKJD&rs=AOn4CLDoPGSlgQX3scDMzSmMRnC2sb6QLA,"Tương tự xôi xéo với đậu xanh tán nhuyễn, nhưng kết hợp với nước sắc của lá cẩm để lấy màu tím đỏ.","Gạo nếp: 1kg, Nước lá cẩm: 600ml, Nước sạch: 400ml, Muối: 1 muỗng cà phê, Nước cốt dừa: 120ml, Đường: 100g, Lá dứa: 1 bó","Nồi, Nồi hấp, Kéo, Muỗng, Rây","Nấu lá cẩm lấy nước tím, Ngâm nếp với nước lá cẩm cho thấm màu, Hấp xôi rồi rưới nước cốt dừa cho dẻo béo",Cân bằng,Keto / Low-carb
xoi-ngu-sac,Xôi ngũ sắc,Nam,main,dinner,40,50,medium,500,20,60,15,3,900,5,35000,65000,balanced,Gạo nếp,"Ngọt, Mặn, Béo",1,1,https://cdn.tgdd.vn/2021/04/CookRecipe/GalleryStep/tha%CC%80nh-pha%CC%89m-36.jpg,"Xôi được nấu kết hợp với các loại nước sắc của lá cơm xanh, cơm đỏ, cơm vàng để tạo màu. Thịnh hành với các dân tộc thiểu số (Mường, Tày, Thái). 5 màu xôi tượng trưng cho ngũ hành","Gạo nếp: 1kg, Nước cốt dừa: 200ml, Nước cốt lá dứa: 2 muỗng canh, Nước cốt dành dành (hoặc nước cốt nghệ tươi): 2 muỗng canh, Nước cốt lá cẩm: 2 muỗng canh, Cơm gấc: 2 muỗng canh, Rượu trắng: 1 muỗng canh, Muối mè (ăn kèm): 1 ít, Đường: 3 muỗng canh, Muối: 1/2 muỗng cà phê","Đũa, Muỗng, Rây, Tô","Ngâm nếp và chia thành 5 phần, Trộn từng phần với nước màu tự nhiên rồi đem hấp, Chan nước cốt dừa vào xôi và hấp thêm cho thơm dẻo",Cân bằng,Keto / Low-carb
xoi-xeo,Xôi xéo,Bắc,main,breakfast,5,70,medium,500,20,60,15,3,900,5,35000,65000,balanced,Gạo nếp,"Thơm, Đậm đà",1,1,https://cdn.tgdd.vn/2022/01/CookRecipe/Avatar/xoi-xeo-gao-nep-nau-bang-noi-com-dien-thumbnail.jpg,"Xôi đặt trong bát, lấy dao lạng mỏng từng lát xéo đậu xanh lên trên, rắc hành phi và rưới chút mỡ nước. Đây được coi là một trong những món xôi khó nấu ngon nhất","Gạo nếp: 500g, Đậu xanh xát vỏ: 200g, Thịt ba chỉ: 500g, Trứng gà: 5 quả, Bột nghệ: 10g, Hành tím: 100g, Mỡ heo: 50g, Gia vị thịt kho: 1 muỗng cà phê, Gia vị thông dụng: 1 ít","Kéo, Rây, Tô, Thớt","Phi hành lấy mỡ, Hấp xôi với bột nghệ cho dẻo rồi trộn chút mỡ hành, Hấp đậu xanh rồi nghiền và nắm lại, Dọn xôi với đậu bào mỏng rắc hành phi ăn kèm thịt kho",Cân bằng,Keto / Low-carb
chao-long,Cháo lòng,Trung,main,lunch,12,70,medium,420,18,55,10,3,900,4,30000,60000,balanced,Nước mắm,"Mặn, Chua, Cay, Thơm",1,1,https://duonggiahotel.vn/wp-content/uploads/2023/11/anh-bia-quan-chao-long-da-nang.jpg,"Cháo kết hợp với nước dùng ngọt làm từ xương lợn hay nước luộc lòng lợn, và nguyên liệu chính cho bát cháo không thể thiếu các món phủ tạng lợn luộc","Gạo tẻ: 1 chén, Tim: 1 quả, Cật: 1 quả, Gan: 1/2 quả, Dồi trường: 300g, Hành lá: 4 nhánh, Rau răm: 1 ít, Ớt: 2 trái, Chanh: 2 trái, Củ nén: 8 củ, Hành tây tím: 1 củ, Hành tây: 1 củ, Giấm: 3 muỗng canh, Nước mắm: 2 muỗng canh, Gia vị thông dụng: 1 ít","Muỗng, Nồi hấp, Rây, Tô, Nồi, Chén","Vo gạo nấu cháo cho bung, Sơ chế và ướp lòng heo cho sạch thơm, Luộc huyết rồi cắt miếng, Cho lòng vào nồi cháo nấu chín nêm lại vừa ăn",Nhẹ bụng / Ít calo,"Thuần chay (Vegan), Ăn chay (Vegetarian)"
muop-ang-nhoi-thitcanh-kho-qua-nhoi-thit,Mướp đắng nhồi thịtCanh khổ qua nhồi thịt,Nam,main,lunch,30,35,medium,420,18,55,10,3,900,4,30000,60000,balanced,"Trứng (trộn nhân), Nước mắm","Thơm, Đậm đà",1,1,https://beptruong.edu.vn/wp-content/uploads/2020/07/huong-vi-thanh-mat-canh-muop-dang.jpg,"Mướp đắng được nhồi thịt, bó lại bằng hành hoa nấu trong nước xương ninh","Khổ qua: 3 trái, Thịt băm: 200g, Nấm mèo: 50g, Trứng vịt: 1 quả, Nước dùng heo: 800ml, Hành tím: 1 củ, Tỏi: 2 tép, Gia vị thông dụng: 1 ít","Tô, Nồi, Nồi hấp, Thớt, Rây","Sơ chế khổ qua và nguyên liệu, Trộn nhân thịt rồi nhồi chặt vào khổ qua, Nấu khổ qua trong nước dùng đến mềm nêm vừa ăn, Múc ra tô rắc hành ngò tiêu",Cân bằng,"Thuần chay (Vegan), Ăn chay (Vegetarian)"
oc-nau-chuoi-au,Ốc nấu chuối đậu,Trung,main,dinner,42,35,medium,420,18,55,10,3,900,4,30000,60000,balanced,"Ốc, Đậu hũ, Mắm tôm, Mẻ","Mặn, Chua, Thơm, Đậm đà",1,1,https://i.ytimg.com/vi/QORXS0h3AII/hq720.jpg?sqp=-oaymwEhCK4FEIIDSFryq4qpAxMIARUAAAAAGAElAADIQj0AgKJD&rs=AOn4CLBYrZGfntRi-vstpi8v7-R5SVVGfw,"Món ăn dân dã nhưng khá cầu kỳ với ốc luộc chín nấu cùng chuối xanh, đậu rán, thịt ba chỉ, có lá lốt, tía tô","Thịt ốc bươu: 300g, Lá tía tô: 100g, Lá lốt: 300g, Chuối xanh: 2 trái, Đậu hũ chiên: 1 miếng, Bột bắp: 2 muỗng canh, Mẻ: 6 muỗng canh, Nghệ: 1 củ, Hành tím: 4 củ, Giấm ăn: 2 muỗng canh, Dầu ăn: 3 muỗng canh, Gia vị thông dụng: 1 ít, Nước mắm: 1 muỗng cà phê","Rây, Vá, Nồi, Kéo, Dao","Sơ chế ốc và các nguyên liệu, Ướp ốc với gia vị nghệ mẻ, Xào ốc rồi nấu với chuối đậu đến sệt nhẹ, Thêm rau tía tô lá lốt và hoàn thành",Nhẹ bụng / Ít calo,"Thuần chay (Vegan), Ăn chay (Vegetarian)"
sup-cua,Súp cua,Nam,main,breakfast,48,60,medium,420,18,55,10,3,900,4,30000,60000,eatclean,"Cua/Ghẹ, Trứng gà, Bột năng","Thơm, Đậm đà",1,1,https://bizweb.dktcdn.net/100/489/006/files/sup-cua-11.jpg?v=1697696659414,"Món súp với thịt cua, trứng gà hoặc trứng cút ngoài ra còn có xương gà để làm súp thêm vị ngọt và bỗ dưỡng hoặc hạt bắp.","Thịt cua: 400g, Ức gà: 300g, Trứng: 2 quả, Trứng cút: 20 quả, Nấm tuyết: 40g, Măng tươi: 300g, Cà rốt: 1 củ, Ngò rí: 2 nhánh, Hành tây: 1 củ, Bột năng: 4 muỗng canh, Nước luộc gà: 3.5 lít, Gia vị thông dụng: 1 ít","Chén, Vá, Tô, Thớt","Nấu nước dùng, cho ngô và cà rốt, Thêm thịt cua xé nêm vừa, Cho bột năng tạo sệt, Khuấy trứng tạo vân, rắc ngò tiêu",Cân bằng,"Thuần chay (Vegan), Ăn chay (Vegetarian)"
bo-kho,Bò kho,Nam,main,breakfast,10,70,medium,420,18,55,10,3,900,4,30000,60000,vegetarian,"Nước mắm, Bánh mì ăn kèm (Bột mì)","Ngọt, Mặn, Cay, Thơm, Đậm đà",1,1,https://takestwoeggs.com/wp-content/uploads/2023/11/Bo-Kho-Vietnamese-Beef-Stew-Recipe-Takestwoeggs-3.jpg,Thịt bò tẩm ướp hầm chung với rau củ,"Bánh mì: 5 cái, Thịt thăn bò: 500g, Nước xốt gia vị bò kho: 1 gói, Nước dừa tươi: 1.5 lít, Cà rốt: 2 củ, Sả: 3 nhánh, Gừng: 1 nhánh, Ớt: 1 ít, Bột năng: 2 muỗng canh, Hành tây: 1 củ, Hành tím: 4 củ, Hạt dầu điều: 1 muỗng cà phê, Nước mắm: 2 muỗng canh, Húng quế: 50g, Ngò gai: 50g, Rượu trắng: 1 ít, Dầu ăn: 2 muỗng canh, Gia vị thông dụng: 1 ít","Nồi hấp, Kéo, Thớt, Muỗng, Vá, Chảo","Ướp bò với gia vị bò kho và sả, Xào săn với dầu điều, Cho nước dừa cà rốt vào kho mềm, Dùng với bánh mì hoặc hủ tiếu",Ăn chay (Vegetarian),Thuần chay (Vegan)
banh-cuonbanh-uot,Bánh cuốn,Trung,main,lunch,15,32,medium,500,20,60,15,3,900,5,20000,40000,balanced,"Nước mắm, Chả lụa","Mặn, Cay, Thơm, Đậm đà",1,1,https://danangbest.com/upload_content/banh-cuon-da-nang-1.webp,"Bột gạo hấp tráng mỏng, để ăn khi còn ướt, bên trong cuốn nhân. Bánh thường ăn với một loại nước chấm pha nhạt từ nước mắm ","Bột gạo: 150g, Bột năng: 65g, Thịt xay: 150g, Nấm mèo: 100g, Hành tím: 4 củ, Giá: 1 ít, Dưa leo: 2 quả, Rau thơm: 1 ít, Chả lụa/nem chua: 1 ít, Ớt: 2 quả, Dầu ăn: 4 muỗng canh, Nước mắm: 1 muỗng canh","Tô, Dao, Muỗng, Nồi hấp","Pha bột tráng mỏng, Xào nhân thịt mộc nhĩ, Cuốn bánh với nhân rắc hành phi, Dùng kèm chả lụa rau sống nước mắm",Nhẹ bụng / Ít calo,Keto / Low-carb
nem-rancha-gio,Nem rán,Trung,main,breakfast,45,30,medium,500,20,60,15,3,900,5,35000,65000,balanced,"Tôm/Cua, Trứng, Bánh đa nem","Mặn, Chua, Cay, Thơm, Đậm đà",1,1,https://rapido.vn/wp-content/uploads/2022/02/nem-ran-12.jpg,"Món ăn ngon, nổi tiếng của người Việt và được chế biến từ thịt, trứng, rau củ quả băm nhỏ trộn đều, gói trong bánh đa nem và rán giòn","Thịt nạc vai lợn: 200g, Miến: 100g, Trứng gà (chỉ lấy lòng đỏ): 3 quả, Bánh đa nem (loại mềm): 1 gói, Giá đỗ (bát nhỏ): 1 bát, Hành tây: 1 củ, Cà rốt: 1/2 củ, Mộc nhĩ: 15g, Tỏi: 50g, Ớt: 50g, Rau mùi: 1 ít, Nước cốt chanh: 2 muỗng cà phê, Nước mắm: 50ml, Gia vị thông dụng: 1 ít","Kéo, Dao, Muỗng, Nồi","Sơ chế làm nhân thịt miến mộc nhĩ, Cuốn nem chặt tay bôi lòng trắng trứng, Chiên nem vàng giòn hoặc dùng nồi chiên không dầu, Pha nước chấm tỏi ớt chanh và thưởng thức",Cân bằng,
goi-ca,Gỏi cá trích,Nam,main,breakfast,42,30,medium,250,18,28,8,4,450,6,25000,45000,balanced,"Cá trích, Đậu phộng, Bánh tráng","Mặn, Chua, Thơm",1,1,https://lalago.vn/wp-content/uploads/2025/05/goi-ca-trich-vung-tau-1.jpg,Thịt cá sống cuốn trong bánh đa nem cùng rau thơm ăn với nước chấm,"Cá trích: 300g, Chuối chát: 2 quả, Cà chua: 1 quả, Hành tây: 1 củ, Chanh: 3 quả, Rau trộn gỏi: 1 ít, Tỏi băm: 1/2 muỗng cà phê, Hành tím băm: 1/2 muỗng cà phê, Trứng gà: 1 quả, Đậu phộng rang: 2 muỗng canh, Bánh tráng nướng: 1 ít, Bột năng: 1 muỗng canh, Nước mắm: 1 muỗng canh, Dầu ăn: 1 muỗng canh, Gia vị thông dụng: 1 ít","Nồi hấp, Tô, Muỗng, Vá, Rây","Sơ chế cá trích phi lê sạch và khử tanh, Sơ chế rau hành chuối chát cho ráo, Ngâm cá trộn gỏi với chanh gia vị rắc đậu phộng và bánh tráng, Làm sốt cà chua trứng sệt rồi chấm cùng gỏi",Cân bằng,"Thuần chay (Vegan), Ăn chay (Vegetarian)"
nem-cuongoi-cuon,Nem cuốn,Trung,main,dinner,20,38,medium,250,18,28,8,4,450,6,25000,45000,balanced,"Tôm, Nước mắm",Đậm đà,1,1,https://cdn-www.vinid.net/bfdfdd7d-cach-lam-nem-cuon-1.jpg,"Bánh đa nem cuộn với các loại rau thơm, bún, và một số loại thịt như thịt bò, lợn, vịt, tôm, cá, cua đã nấu chín.","Tôm sú: 400g, Thịt ba chỉ hoặc thịt chân giò: 300g, Bún tươi: 400g, Giò lụa: 200g, Rau thơm: 1 bó, Xà lách: 5 cây, Hẹ: 1 bó","Muỗng, Tô, Dao, Kéo, Vá, Chảo","Luộc thái thịt tôm giò lụa, Rửa chuẩn bị rau sống sạch, Cuốn bánh tráng với tôm thịt bún rau và hẹ, Pha nước mắm chua ngọt tỏi ớt",Cân bằng,
banh-ba-trang,Bánh bá trạng,Bắc,main,breakfast,12,65,medium,500,20,60,15,3,900,5,35000,65000,balanced,"Tôm khô, Trứng muối, Lạp xưởng","Mặn, Thơm, Đậm đà",1,1,https://cdn.tgdd.vn/Files/2021/07/27/1371006/cach-lam-banh-u-ba-trang-nguoi-hoa-dam-da-chuan-vi-don-gian-tai-nha-202107270039199440.jpg,Bánh bao Bak Chang - tương tự bánh ú (zongzi) của Trung Quốc,"Đậu xanh cà vỏ: 200g, Hạt sen: 200g, Nếp dẻo: 900g, Nấm đông cô khô: 8 cái, Lạp xưởng: 100g, Thịt ba rọi: 250g, Trứng muối: 10 cái, Tôm khô: 50g, Hành tím: 1 muỗng canh, Lá chuối: 500g, Bột ngũ vị hương: 1/4 muỗng cà phê, Dầu ăn: 4.5 muỗng canh, Gia vị: 1 ít, Rượu trắng: 1 ít","Chảo, Rây, Muỗng, Dao","Nấu mềm hạt sen, Ướp sơ chế thịt tôm nấm đậu xanh, Xào từng nguyên liệu rồi trộn nếp chuẩn bị lá, Gói bánh ú đủ nhân và luộc chín mềm",Cân bằng,Keto / Low-carb
banh-bao,Bánh bao,Trung,main,dinner,76,30,medium,500,20,60,15,3,900,5,35000,65000,balanced,"Trứng cút/muối, Sữa (vỏ), Bột mì","Ngọt, Cay, Thơm, Béo, Đậm đà",1,1,https://takestwoeggs.com/wp-content/uploads/2021/03/Ba%CC%81nh-Bao-Vietnamese-Steamed-Pork-Buns-takestwoeggs-sq.jpg,"Làm bằng bột mỳ hấp có nhân gồm thịt heo xay, mộc nhĩ, nấm hương, hành, miến, lạp xưởng, trứng chim cút hoặc trứng gà.","Bột bánh bao pha sẵn: 1kg, Thịt heo xay: 500g, Trứng cút: 10 quả, Ngò rí: 1 ít, Hành tím băm: 5 củ, Nấm mèo: 7 cái, Sữa tươi không đường: 2 gói, Dầu ăn: 2 muỗng canh, Dầu hào: 2 muỗng canh, Hạt nêm/tiêu xay: 1 ít","Nồi, Chảo, Thớt, Chén, Vá, Đũa","Trộn bột với sữa men cho hòa, Nhào chia ủ bột mềm dẻo, Làm nhân thịt nấm trứng trộn đều, Gói bánh bao và hấp chín thơm",Cân bằng,"Keto / Low-carb, Không gluten"
banh-beo,Bánh bèo,Bắc,main,lunch,20,37,medium,500,20,60,15,3,900,5,20000,40000,balanced,"Tôm cháy, Nước mắm","Mặn, Cay, Thơm, Đậm đà",1,1,https://www.yong.vn/Content/images/foods/banh-beo-da-nang.jpg,"Bánh làm từ bột gạo, nhân để rắc lên bánh làm bằng tôm xay nhuyễn, và nước chấm, một hỗn hợp mà nước mắm là thành phần chính và thường đổ trực tiếp vào bánh","Thịt heo nạc: 100g, Tôm: 100g, Bột gạo: 200g, Hành tím: 2 củ, Hành lá: 3 nhánh, Tỏi: 2 tép, Ớt: 1 trái, Dầu điều: 3 muỗng canh, Dầu ăn: 2 muỗng canh, Gia vị thông dụng: 1 ít, Nước mắm: 4 muỗng canh","Nồi, Kéo, Chảo, Tô","Sơ chế thịt heo tôm hành tỏi băm nhỏ, Xào hành tỏi dầu điều cho tôm thịt vào nêm rồi cho bột gạo pha loãng khuấy sệt thêm hành lá, Pha bột với nước muối dầu và pha nước mắm đường ớt, Hấp chén rót bột cho chín rồi rưới nhân tôm thịt đậu phộng hành lá",Cân bằng,Keto / Low-carb
banh-bot-loc,Bánh bột lọc,Trung,main,lunch,55,30,medium,500,20,60,15,3,900,5,35000,65000,balanced,"Tôm, Nước mắm","Mặn, Cay, Thơm, Đậm đà",1,1,https://beptruong.edu.vn/wp-content/uploads/2021/03/banh-bot-loc-tom-thit.jpg,"Bằng bột sắn được luộc một phần nhỏ, nhồi kỹ. Nhân thường bằng tôm trộn với gia vị, có thể làm nhân bằng thịt heo nạc hay hỗn hợp tôm-thịt heo","Tôm: 200g, Thịt heo: 200g, Bột năng: 800g, Hành lá: 2 nhánh, Ớt bột: 1 muỗng canh, Dầu ăn: 10 muỗng canh, Nước mắm: 2 muỗng canh, Nguyên liệu thông dụng: 1 ít","Đũa, Kéo, Nồi, Thớt, Chén","Sơ chế tôm thịt hành rửa sạch băm và ướp gia vị, Xào tôm thịt riêng cho săn, Nhồi bột năng với nước sôi đến dẻo mịn, Gói bánh với nhân tôm thịt rồi luộc đến khi trong, Làm mỡ hành và pha nước mắm sate cay, Rưới mỡ hành và chan nước mắm lên bánh",Nhẹ bụng / Ít calo,Keto / Low-carb
banh-can,Bánh căn,Nam,main,breakfast,28,30,medium,500,20,60,15,3,900,5,20000,40000,balanced,"Mắm nêm/Nước mắm, Trứng","Mặn, Chua, Thơm",1,1,https://dulichkhampha24.com/wp-content/uploads/2022/10/banh-can-da-nang-1.jpg,"Bằng bột gạo nướng. Làm bánh căn thường phải có khuôn đúc đặc biệt, thường làm bằng đất nung, và có nhiều lỗ tròn để đặt khuôn. Vì bánh căn nhỏ nên thường tính theo cặp chứ không theo cái, ở giữa có thể quét mỡ hành hoặc đổ trứng.","Tôm: 200g, Trứng cút: 10 quả, Bột gạo: 200g, Bột năng: 100g, Đu đủ: 100g, Tỏi băm: 2 muỗng canh, Hành lá: 3 nhánh, Giấm: 2 muỗng canh, Nước mắm: 12 muỗng canh, Dầu ăn: 100ml, Gia vị thông dụng: 1 ít","Chảo, Nồi hấp, Chén, Nồi, Dao","Pha bột gạo bột năng với nghệ nêm muối tiêu rồi để nghỉ, Sơ chế tôm rút chỉ ướp gia vị tỏi hành, Làm đồ chua đu đủ và pha nước mắm chanh tỏi ớt, Đổ bột vào khuôn cho trứng cút và tôm chiên vàng giòn",Cân bằng,Keto / Low-carb
banh-day,Bánh dày,Bắc,main,breakfast,28,30,medium,500,20,60,15,3,900,5,35000,65000,balanced,Giò lụa (ăn kèm),Thanh nhẹ,1,1,https://assets.tmecosys.com/image/upload/t_web_rdp_recipe_584x480/img/recipe/ras/Assets/f6ccc70049ae92986c55ceee91aa9f39/Derivates/a4ac50b1a4f0be1fedf6914df74d192aabec2cfa.jpg,"Được làm bằng xôi đã được giã thật mịn, có thể có nhân đậu xanh và sợi dừa với vị ngọt hoặc mặn. Bánh có thể được làm vào các dịp Tết cổ truyền của dân tộc Việt và vào ngày Giỗ Tổ Hùng Vương","Bột gạo nếp: 500g, Bột gạo: 50g, Nước ấm: 100ml, Dầu ăn: 1 muỗng canh, Chả lụa: 30g","Dao, Đũa, Muỗng, Thớt, Chén","Trộn bột nếp gạo với nước ấm nhồi dẻo cho dầu vào để nghỉ, Vo bột đặt lên lá chuối ép dẹt, Hấp bánh 10–15 phút đến trắng đục, Phết dầu ăn và ăn kèm chả lụa",Cân bằng,Keto / Low-carb
banh-uc,Bánh đúc,Bắc,main,breakfast,21,47,medium,500,20,60,15,3,900,5,35000,65000,balanced,"Thịt băm, Nước mắm","Mặn, Chua, Cay, Thơm, Đậm đà",1,1,https://cdn2.fptshop.com.vn/unsafe/800x0/banh_duc_nong_ha_noi_1_97740c97ff.jpg,"Làm bằng bột gạo (tại miền Bắc và miền Trung) hoặc bột năng (miền Nam) với nước vôi trong một số gia vị. Bánh được làm thành tấm to, khi ăn thì cắt nhỏ thành miếng tùy thích.","Bột gạo: 200g, Bột năng: 200g, Bột nếp: 50g, Thịt heo băm: 200g, Nấm hương: 20g, Nấm mèo: 20g, Rau mùi: 1 ít, Tỏi ớt băm: 1 ít, Hành tím (băm nhuyễn): 2 củ, Dầu ăn: 1 muỗng canh, Giấm: 1 muỗng canh, Nước mắm: 2 muỗng canh, Gia vị thông dụng: 1 ít","Nồi, Tô, Chén, Kéo","Ngâm và cắt nấm mèo nấm hương, Phi hành rồi xào thịt băm với nấm nêm vừa, Khuấy bột gạo bột năng bột nếp với nước nấu sánh cho dầu vào, Pha nước mắm chua ngọt tỏi ớt, Múc bánh đúc ra chén thêm thịt nấm hành phi rau mùi và chan nước mắm",Cân bằng,Keto / Low-carb
banh-gio,Bánh giò,Trung,main,dinner,18,68,medium,500,20,60,15,3,900,5,35000,65000,balanced,"Trứng cút, Thịt băm","Mặn, Cay, Thơm, Đậm đà",1,1,https://s3-ap-southeast-1.amazonaws.com/happie-bucket/1/0/8/10823a3a-7fea-4652-9aab-337c4cb4bcec-origin.jpeg,"Bằng bột tẻ lọc, thịt nạc vai dùng chế biến nhân có kèm mộc nhĩ, hành khô, hạt tiêu, nước mắm, muối... Bánh giò có hình dài nhô cao như hình bàn tay úp","Thịt heo băm: 200g, Bột gạo: 320g, Bột năng: 80g, Trứng cút: 10 quả, Nấm hương: 20g, Nấm mèo: 30g, Nước dùng gà: 1/2 lít, Hành tây: 1 muỗng canh, Hành tím băm: 200g, Lá chuối: 10 miếng, Hành phi: 1 muỗng canh, Tỏi băm: 1 muỗng canh, Tiêu: 1 muỗng canh, Hạt nêm: 1 muỗng canh, Dầu ăn: 1 muỗng canh, Muối: 1.5 muỗng canh","Rây, Nồi, Dao, Vá","Xào thịt heo với hành tỏi nấm mèo nấm hương nêm vừa, Khuấy bột gạo bột năng với nước xương đến sánh, Trụng lá chuối và gấp phễu, Múc bột thêm nhân trứng cút gói kín, Hấp bánh 20–25 phút đến chín mềm",Cân bằng,"Thuần chay (Vegan), Ăn chay (Vegetarian), Keto / Low-carb"
banh-goipa-te-so,Bánh gối,Nam,main,breakfast,22,48,medium,500,20,60,15,3,900,5,35000,65000,balanced,"Trứng cút, Bột mì (vỏ), Nước mắm","Mặn, Cay, Đậm đà",1,1,https://cdn.tgdd.vn/2020/07/CookProduct/saf-1200x676.jpg,"Được làm bằng nhiều lớp bột và chiên giòn. Theo truyền thống, nhân thịt lợn, nhưng ngày nay thịt gà và thịt bò cũng được sử dụng.","Vỏ bánh gối: 10 cái, Thịt nạc xay: 300g, Giá đỗ: 200g, Cà rốt: 1 củ, Nấm mèo (mộc nhĩ): 100g, Bột chiên giòn: 2 muỗng canh, Muối/tiêu xay: 1 ít, Dầu ăn: 210ml","Rây, Kéo, Thớt, Nồi","Sơ chế thịt trộn tiêu muối dầu, Ngâm nấm mèo băm cùng cà rốt giá, Xào sơ nhân thịt nấm cà rốt cho kết dính, Gói vỏ bánh gối phết bột chiên giòn viền mép, Chiên ngập dầu đến vàng giòn",Cân bằng,Keto / Low-carb
banh-khot,Bánh khọt,Nam,main,dinner,40,65,medium,500,20,60,15,3,900,5,20000,40000,balanced,"Tôm, Trứng (pha bột), Nước mắm","Ngọt, Cay, Thơm, Béo, Đậm đà",1,1,https://i.ytimg.com/vi/Rvo3698rSfk/hq720.jpg?sqp=-oaymwEhCK4FEIIDSFryq4qpAxMIARUAAAAAGAElAADIQj0AgKJD&rs=AOn4CLC9BVcgtMWhgjLhBnkAFK84I2bIVg,"Bằng bột gạo, có nhân tôm, được rán và ăn kèm với rau sống, ớt tươi, chấm nước sốt mắm tôm (không phải mắm tôm hay mắm tôm chua)","Tôm: 300g, Thịt nạc băm: 100g, Mực: 200g, Bột gạo: 250g, Cơm: 70g, Nước cốt dừa: 200ml, Bột chiên giòn: 50g, Nấm mèo: 10g, Hành tím: 6 củ, Tỏi: 2 củ, Hành lá: 10g, Bột nghệ: 10g, Nước dừa: 200ml, Bột năng: 1 muỗng canh, Trứng gà: 1 quả, Ớt hiểm: 2 trái, Rau ăn kèm: 100g","Nồi, Tô, Nồi hấp, Chén","Sơ chế tôm thịt mực nấm hành tỏi rồi ướp, Pha bột gạo bột chiên giòn cơm xay nước cốt dừa để nghỉ, Xào tôm thịt mực làm nhân, Nấu nước cốt dừa cho sánh, Pha nước mắm đường giấm tỏi ớt, Đổ bánh khọt 3 lớp với nhân và cốt dừa đến vàng giòn, Ăn kèm rau sống và nước chấm",Cân bằng,Keto / Low-carb
banh-mi,Bánh mì thịt xiên,Bắc,main,breakfast,30,30,medium,500,20,60,15,3,900,5,35000,65000,balanced,"Bột mì (vỏ bánh), Nước tương","Ngọt, Chua, Thơm, Béo, Đậm đà",1,1,https://images.getrecipekit.com/20230813061131-andy-20cooks-20-20roast-20pork-20banh-20mi.jpg?aspect_ratio=4:3&quality=90&,Bánh mì rạch đôi kẹp nhân ở giữa. Rất nhiều chủng loại khác nhau tùy vào nhân,"Thịt nạc dăm heo: 700g, Nước cốt dừa: 60g, Sả băm: 1/2 chén, Tỏi băm: 1 muỗng canh, Sốt ướp thịt nướng hiệu Cholimex: 1.5 muỗng canh, Đường thốt nốt: 1 muỗng canh, Dầu màu điều: 1/2 muỗng canh, Gia vị thông dụng: 1 ít, Bánh mì: 6 cái, Món ăn kèm bánh mì: 1 ít","Rây, Muỗng, Chảo, Dao, Nồi hấp, Đũa","Pha sốt ướp thịt với nước cốt dừa đường thốt nốt dầu điều tỏi, Sơ chế thái mỏng và ướp thịt với sả để lạnh rồi xiên que, Nướng thịt xiên 200°C phết sốt định kỳ đến vàng thơm, Kẹp bánh mì với thịt xiên dưa leo ngò ớt và tương ớt",Cân bằng,"Thuần chay (Vegan), Ăn chay (Vegetarian), Keto / Low-carb, Không gluten"
banh-nam,Bánh nậm,Trung,main,lunch,8,70,medium,500,20,60,15,3,900,5,20000,40000,balanced,"Tôm, Nước mắm",Đậm đà,1,1,https://madamthu.com/wp-content/uploads/2024/06/banh-nam-2.png,"Bằng bột tẻ, bánh mỏng dẹp với nhân nấm, thịt lợn, tiêu, ớt gói trong lá chuối","Bột gạo: 250g, Bột năng: 50g, Tôm: 100g, Thịt nạc: 100g, Nước: 600ml, Bột màu điều: 100g","Nồi hấp, Đũa, Tô, Chén, Thớt, Nồi","Sơ chế ướp tôm thịt rồi xào với hành tỏi và màu điều cho ráo, Pha bột gạo bột năng nấu khuấy sệt mịn, Phết bột lên lá chuối cho nhân gấp lá hấp chín, Pha nước mắm chanh tỏi ớt ăn kèm",Cân bằng,Keto / Low-carb
banh-hon-tai,Bánh hòn tai,Bắc,main,lunch,30,37,medium,500,20,60,15,3,900,5,35000,65000,balanced,,"Thơm, Đậm đà",1,1,https://img-global.cpcdn.com/recipes/e93851f75f17b7ab/680x781cq80/banh-hon-d%E1%BA%B7c-s%E1%BA%A3n-h%C6%B0%C6%A1ng-canh-vinh-phuc-recipe-main-photo.jpg,"Làm từ bột gạo tẻ, thịt lợn và một số gia vị khác","Bột gạo tẻ: 300g, Thịt băm: 100g, Hành lá: 15g, Nấm mèo ngâm nở: 2 cái, Nấm hương ngâm mềm: 5 cái, Hành tím: 100g, Gia vị thông dụng: 10g","Nồi hấp, Tô, Thớt, Dao, Rây, Chảo","Trộn bột với muối dầu và nhồi mịn để nghỉ, Sơ chế hành nấm băm nhỏ, Trộn ướp thịt làm nhân rồi xào chung nấm hành lá, Bọc nhân trong bột vo tròn, Hấp bánh chín rắc hành phi",Cân bằng,Keto / Low-carb
banh-te,Bánh tẻ,Bắc,main,dinner,10,70,medium,500,20,60,15,3,900,5,35000,65000,balanced,"Tôm, Đậu xanh, Nước cốt dừa, Bột nghệ","Cay, Thơm, Đậm đà",1,1,https://bepnhaheo.vn/wp-content/uploads/2022/08/banh-te-2.jpg,"Bột gạo tẻ, gói ngoài bằng lá dong và được luộc cho chín.","Thịt xay: 150g, Bột gạo: 200g, Nấm mèo: 3 cái, Nấm hương: 6 cái, Hạt nêm: 1.5 muỗng cà phê, Bột canh: 1.5 muỗng cà phê, Tiêu xay: 1 muỗng cà phê, Hành tím: 2 củ, Lá chuối: 2 lá, Dây lạt hoặc dây nilon: 10g, Dầu ăn: 2.5 muỗng canh","Rây, Nồi hấp, Muỗng, Kéo, Vá, Nồi","Ngâm nấm băm thịt hành, Xào thịt với hành nêm tiêu rồi thêm nấm, Khuấy bột gạo với nước dầu nêm nấu sệt mượt, Gói lá chuối với bột–nhân–bột cuốn chặt rồi hấp chín",Cân bằng,Keto / Low-carb
banh-xeo,Bánh xèo,Trung,main,breakfast,20,47,medium,500,20,60,15,3,900,5,20000,40000,balanced,"Tôm, Đậu xanh, Nước cốt dừa, Bột nghệ","Thơm, Béo, Đậm đà",1,1,https://www.huongnghiepaau.com/wp-content/uploads/2017/02/cach-lam-banh-xeo-mien-trung.jpg,"Bằng bột gạo bên ngoài, bên trong có nhân là tôm, thịt, giá đỗ, được rán màu vàng, đúc thành hình tròn hoặc gấp lại thành hình bán nguyệt","Tôm: 300g, Thịt heo: 500g, Pate: 150g, Thịt băm: 150g, Bột bánh xèo: 250g, Nước soda: 660ml, Bột ngọt: 1/2 muỗng cà phê, Tỏi băm: 10g, Hành tím băm: 10g, Dầu màu điều: 1 muỗng cà phê, Bột nêm: 2.5 muỗng cà phê, Dầu ăn: 50ml, Bơ đậu phộng: 2/3 muỗng canh, Bột bắp: 1 muỗng cà phê, Gia vị: 1 ít, Rau ăn kèm: 1 ít, Giá: 300g","Rây, Thớt, Đũa, Kéo, Tô, Vá","Sơ chế tôm thịt rửa sạch cắt lát, Xào thịt rồi cho tôm nêm gia vị cho săn, Nấu nước chấm thịt băm pate bơ đậu phộng cho sệt, Pha bột bánh xèo với soda cho nghỉ rồi đổ bánh giòn vàng kèm rau chấm nước mắm",Cân bằng,Keto / Low-carb
bot-chien,Bột chiên,Nam,main,lunch,18,43,medium,500,20,60,15,3,900,5,35000,65000,balanced,"Nước tương, Bột gạo/mì, Trứng","Ngọt, Mặn, Chua, Thơm",1,1,https://cdn.netspace.edu.vn/images/2020/03/26/cach-lam-bot-chien-thom-ngon-tai-nha-244959-800.jpg,Bánh gạo chiên với trứng và dùng với nước tương.,"Gạo: 200g, Bột bắp: 1 muỗng canh, Bột mì đa dụng: 1 muỗng canh, Đu đủ xanh (khoảng 600g): 1 trái, Trứng gà: 1 quả, Hành lá: 4 nhánh, Nước tương: 3 muỗng canh, Giấm ăn: 1 muỗng canh, Dầu ăn: 5 muỗng canh, Đường/muối: 1 ít","Nồi hấp, Vá, Thớt, Muỗng, Đũa","Ngâm gạo xay nhuyễn, Trộn bột với bột bắp bột mì khuấy sệt rồi hấp chín, Pha nước chấm tương đường giấm, Bào đu đủ hành lá và chiên bột vàng đổ trứng rắc hành chan nước chấm",Cân bằng,
banh-bo,Bánh bò,Nam,main,dinner,68,60,medium,500,20,60,15,3,900,5,35000,65000,balanced,"Tôm cháy, Nước mắm","Ngọt, Mặn, Béo",1,1,https://file.hstatic.net/200000721249/file/on_an_banh_bo_nuoc_cot_dua_quen_thuoc_bf193e76a9344b459b62e9c6f96c0eff.jpg,"Bánh xốp làm từ: bột gạo, nước, đường và men. Mặt bánh có rất nhiều bong bóng nhỏ do có nhiều lỗ khí trong bánh","Bột gạo lọc: 400g, Cơm rượu: 180g, Nước ấm: 200ml, Nước cốt dừa: 350ml, Đường: 250g, Muối: 1/4 muỗng cà phê, Vani: 2g","Thớt, Muỗng, Vá, Chảo, Nồi hấp","Nhào bột gạo với cơm rượu ủ lạnh, Nấu nước cốt dừa đường muối, Trộn bột với nước cốt dừa vani lọc mịn ủ tiếp, Hấp bánh bò cho nở rễ tre mềm thơm",Cân bằng,"Thuần chay (Vegan), Ăn chay (Vegetarian), Keto / Low-carb"
banh-com,Bánh cốm,Bắc,main,lunch,32,30,medium,500,20,60,15,3,900,5,35000,65000,balanced,"Nước mắm, Chả lụa",Ngọt,1,1,https://langcomvong.com/uploads/images/banh-com-ha-noi.jpg,"Làm từ cốm, nhân đậu xanh, dừa nạo và mứt bí hoặc mứt sen trần, thường dùng cho lễ ăn hỏi. Cốm được trộn nước theo tỷ lệ nhất định, đảo đều trên lửa, hoặc hấp chín trộn chút đường và nước hoa bưởi.","Cốm khô: 300g, Đậu xanh: 50g, Đường cát: 80g, Bột nếp: 3 muỗng canh, Dầu ăn: 1 muỗng canh, Lá dứa: 20g, Nước hoa bưởi: 10ml","Chảo, Kéo, Thớt, Đũa, Nồi hấp, Muỗng","Chuẩn bị bột và nhân, Tạo hình bánh, Hấp hoặc chiên đến chín, Dùng kèm nước chấm",Cân bằng,Keto / Low-carb
banh-da-lon,Bánh da lợn,Nam,main,dinner,18,50,medium,280,18,50,6,1,150,25,15000,30000,balanced,"Cua đồng, Nước mắm","Ngọt, Béo",1,1,https://cdn.tgdd.vn/Files/2019/03/08/1153592/cach-lam-banh-da-lon-deo-ngon-bui-bui-nhu-mua-ngoai-hang-202112031617559658.jpg,"Bằng bột năng, đường trắng, dừa nạo, va ni hay lá dứa và một số gia vị khác. Nhân bánh được làm từ đậu xanh, khoai môn nghiền mịn hoặc bào sợi hấp chín và bột gạo, đường","Bột năng: 500g, Bột gạo: 500g, Bột nếp: 500g, Đậu xanh tách vỏ: 200g, Lá dứa: 200g, Nước cốt dừa: 500ml, Đường: 200g, Dầu ăn: 1 muỗng canh","Đũa, Dao, Chén, Muỗng","Ngâm hấp xay đậu xanh, Xay lọc nước cốt lá dứa, Pha hai phần bột lá dứa và bột đậu xanh lọc mịn, Hấp bánh da lợn từng lớp cho dai thơm",Cân bằng,"Thuần chay (Vegan), Ăn chay (Vegetarian), Keto / Low-carb"
banh-flan,Bánh flan,Trung,main,lunch,18,60,medium,280,18,50,6,1,150,25,15000,30000,balanced,"Trứng gà, Sữa tươi/đặc","Ngọt, Béo",1,1,https://monngonmoingay.com/wp-content/uploads/2024/08/cach-lam-banh-flan-bang-noi-chien-khong-dau-1-1.jpg,"Bánh được hấp chín từ các nguyên liệu chính là trứng và sữa, caramel","Trứng gà: 4 quả, Lòng đỏ trứng gà: 6 cái, Sữa tươi không đường: 500ml, Đường: 170g, Nước cốt chanh: 1 muỗng canh, Nước: 170ml","Thớt, Kéo, Chén, Đũa, Nồi, Nồi hấp","Nấu caramel đổ khuôn cho đông, Khuấy trứng sữa lọc mịn, Rót hỗn hợp vào khuôn, Hấp flan lửa nhỏ cho mịn không rỗ",Cân bằng,"Thuần chay (Vegan), Keto / Low-carb"
banh-ran,Bánh rán,Bắc,main,dinner,20,38,medium,500,20,60,15,3,900,5,35000,65000,balanced,"Đậu xanh, Sữa (vỏ)","Ngọt, Béo",1,1,https://cdn.tgdd.vn/2021/04/CookProduct/1-1200x676-5.jpg,"Bằng gạo nếp viên tròn nhân đỗ xanh xay nhuyễn, chiên vàng giòn ngập mỡ, thường có nhân ngọt hoặc phủ đường bên ngoài","Bột nếp: 200g, Bột tẻ: 20g, Bột nở: 5g, Dừa bào sợi: 20g, Khoai tây: 1 củ, Đậu xanh: 100g, Sữa tươi không đường: 3 muỗng canh, Nước: 160ml, Đường trắng: 130g","Đũa, Thớt, Nồi, Dao, Rây, Tô","Trộn bột nếp khoai tây cho nghỉ, Sên nhân đậu xanh dẻo, Bọc nhân tạo hình ép dẹt, Chiên vàng rồi áo đường kết tinh",Cân bằng,Keto / Low-carb
bo-sot-vang,Bò sốt vang,Bắc,main,breakfast,32,70,medium,500,20,60,15,3,900,5,35000,65000,balanced,"Bơ, Rượu vang","Thơm, Béo, Đậm đà",1,1,https://lh6.googleusercontent.com/bQE-KwO69SXIpyNr5o_sixx3cpvYuCYp7Kew3nvFIYq-FpBmBWqQzHqhCyaw8ornkhariMSzkgUUo5Uhzr-ZyYWw8wfuX5TaqQyMoE91g5kWcAMjArxZdhM9ktMCzQ,"Thịt bò được nấu với rau củ, rượu vang cho đặc sánh lại. Là món ẩm thực Pháp nhưng được Việt hóa và trở thành đặc trưng của Việt Nam","Nạm thịt bò: 500gr, Rượu vang đỏ: 60ml, Cà chua: 2 quả, Cà rốt: 70gr, Khoai tây: 70gr, Hành tây: 10gr, Gừng: 10gr, Bột năng: 20gr, Bơ lạt: 30gr, Tương cà: 15gr, Gói sốt bò kho: 1 gói","Đũa, Dao, Tô, Rây, Vá, Chảo","Sơ chế cà chua rau củ xay sốt, Trụng bò khử hôi rồi ướp vang, Xào bò với bơ tỏi đổ nước hầm mềm, Thêm cà rốt khoai tây sánh sốt bột năng",Cân bằng,"Thuần chay (Vegan), Ăn chay (Vegetarian)"
bo-nuong-la-lot,Bò nướng lá lốt,Nam,main,dinner,82,30,medium,500,20,60,15,3,900,5,35000,65000,balanced,"Đậu phộng, Mắm nêm","Cay, Thơm, Đậm đà",1,1,https://fujifoods.vn/wp-content/uploads/2021/05/bo-nuong-la-lot-3.jpg,Thịt bò xay cuộn lá lốt,"Thịt bò: 400g, Lá lốt: 100g, Sả: 3 cây, Tỏi: 4 tép, Ớt: 2 trái, Hành tím: 2 củ, Đậu phộng: 100g, Dầu ăn: 2 muỗng canh, Hạt nêm/tiêu xay: 1 ít","Đũa, Chảo, Muỗng, Tô","Sơ chế bò hành tỏi sả ớt gừng lá lốt, Ướp bò gia vị dầu ăn cho thấm lạnh 60 phút, Cuộn bò bằng lá lốt ghim mép, Nướng 225°C 10 phút rắc đậu phộng",Cân bằng,"Thuần chay (Vegan), Ăn chay (Vegetarian)"
ca-loc-nuong-trui,Cá lóc nướng trui,Nam,main,lunch,35,30,medium,500,20,60,15,3,900,5,35000,65000,balanced,"Đậu phộng, Mỡ hành","Chua, Cay, Thơm",1,1,https://file.hstatic.net/1000105320/file/image2_3e5a1688ed274a6a86ad2bb915c9f180.jpg,"Cá không cần sơ chế (không đánh vảy, cạo nhớt, mổ bụng, tẩm ướp gia vị) vừa bắt dưới sông lên, rửa sạch, được xuyên bằng một que dài từ miệng đến đuôi, vùi cá vào đống rơm khô rồi châm lửa đốt.","Cá lóc: 2 con, Bún tươi: 200g, Ớt băm: 100g, Đậu phộng rang: 100g, Hành lá: 4 nhánh, Me vắt: 100g, Thơm: 300g, Tỏi băm: 100g, Sả băm: 50g, Bánh tráng: 300g, Gia vị: 10g","Đũa, Kéo, Muỗng, Chén, Nồi hấp","Sơ chế rau thơm dưa leo khế chuối đậu phộng, Chà muối rửa cá lóc xiên que giữ nguyên con, Phủ rơm đốt nướng trui gạt cháy, Làm mỡ hành rưới cá, Pha mắm nêm và mắm me ăn kèm",Cân bằng,"Thuần chay (Vegan), Ăn chay (Vegetarian)"
gia-cay,Giò heo giả cầy,Bắc,main,breakfast,22,70,medium,500,20,60,15,3,900,5,35000,65000,balanced,Mắm tôm,"Ngọt, Mặn",1,1,https://www.cet.edu.vn/wp-content/uploads/2022/11/cach-nau-gio-heo-gia-cay.jpg,"Chân giò lợn đem thui lửa cho vàng rồi đem ninh với giềng, mẻ, mắm tôm, tạo ra hương vị gần giống như thịt chó.","Giò heo: 500g, Củ riềng: 100g, Ngò gai: 1 nhánh, Nước dừa tươi: 300ml, Rau ăn kèm: 1 ít, Cơm mẻ: 50g, Mắm tôm: 50g, Bột nghệ: 2 muỗng cà phê, Dầu ăn: 100ml, Đường phèn: 1 muỗng canh, Hạt nêm/bột ngọt: 1 ít","Chén, Đũa, Vá, Chảo, Thớt","Sơ chế ngò gai rau sống vắt nước cơm mẻ, Rửa chặt giò heo nướng sơ rồi ướp riềng mắm tôm cơm mẻ nghệ, Chiên giò heo thêm nước dừa nêm gia vị hầm mềm, Rắc ngò gai ăn kèm bún rau sống",Cân bằng,"Thuần chay (Vegan), Ăn chay (Vegetarian)"
nom-suagoi-sua,Nộm sứa,Trung,main,breakfast,28,30,medium,250,18,28,8,4,450,6,25000,45000,balanced,"Sứa, Đậu phộng, Nước mắm","Ngọt, Mặn, Chua, Cay, Thơm",1,1,https://bepxua.vn/wp-content/uploads/2020/08/nomsua-nb_rwtn.jpg,"Món nộm sử dụng nguyên liệu chính là sứa đã được sơ chế, trộn chua ngọt với các loại rau, thịt động vật và gia vị.","Sứa đóng gói: 500g, Cà rốt: 1/2 củ, Dưa leo: 3 quả, Xoài xanh: 1 quả, Hành tây: 1 củ, Rau thơm: 50g, Tỏi băm: 1 muỗng cà phê, Ớt băm: 1/2 muỗng cà phê, Nước mắm: 3 muỗng canh, Đậu phộng: 1/2 chén, Mè: 1 muỗng cà phê, Nước cốt chanh: 3 muỗng canh, Đường: 3 muỗng canh","Dao, Vá, Muỗng, Kéo, Rây, Nồi","Ngâm rửa sứa trụng nhanh nước sôi rồi ngâm đá cho giòn, Bào xoài cà rốt dưa leo cắt hành tây ngâm đá rang mè đậu phộng, Pha nước mắm chua ngọt tỏi ớt, Trộn sứa rau củ với nước mắm rắc đậu mè dùng kèm bánh phồng",Cân bằng,
oc-luoc,Ốc hấp sả,Nam,main,lunch,23,30,medium,500,20,60,15,3,900,5,35000,65000,balanced,Nước mắm gừng,"Mặn, Chua, Cay, Thơm",1,1,https://cookbeo.com/media/2020/08/oc-luoc-4x3.jpg,"Ốc luộc lên với sả, khi ăn khều ra chấm nước mắm chua ngọt pha gừng","Ốc bươu: 1kg, Lá chanh: 10 lá, Sả: 4 nhánh, Dấm bỗng: 10ml, Ớt: 6 quả, Muối: 1/2 muỗng cà phê","Kéo, Muỗng, Đũa, Chén, Nồi","Ngâm rửa ốc với ớt cho sạch, Hấp ốc với sả gừng cho thơm, Pha nước chấm mắm chanh gừng sả ớt lá chanh, Múc ốc nóng ra tô chấm kèm nước mắm",Cân bằng,"Thuần chay (Vegan), Ăn chay (Vegetarian)"
oc-buou-nhoi-thit,Ốc bươu nhồi thịt,Bắc,main,breakfast,21,43,medium,500,20,60,15,3,900,5,35000,65000,balanced,Ốc,"Ngọt, Mặn, Cay, Thơm, Đậm đà",1,1,https://cdn.tgdd.vn/Files/2021/08/03/1372829/cach-lam-mon-oc-buou-nhoi-thit-thom-ngon-la-mieng-202108032142060306.jpg,"Thịt ốc bằm nhuyễn dùng với thịt heo xay, cà rốt, nấm mèo nhồi","Ốc bươu: 1kg, Giò sống: 100g, Thịt xay: 100g, Nấm mèo: 100g, Sả: 7 nhánh, Gừng: 2 củ, Hành tím: 1 củ, Tỏi: 3 tép, Ớt sừng: 4 trái, Nước mắm: 5 muỗng canh, Đường: 2 muỗng canh, Tiêu xay: 1 muỗng canh","Thớt, Vá, Nồi, Kéo","Ngâm rửa ốc sạch, Luộc ốc và lấy thịt băm bỏ đuôi, Trộn ốc với thịt giò nấm sả gừng nêm gia vị, Nhồi lại vào vỏ hấp chín, Pha nước mắm gừng tỏi ớt để chấm",Cân bằng,"Thuần chay (Vegan), Ăn chay (Vegetarian)"
thit-chua,Thịt chua,Bắc,main,lunch,78,30,medium,500,20,60,15,3,900,5,35000,65000,balanced,,Đậm đà,1,1,https://cdn.tgdd.vn/Files/2021/02/25/1330487/cach-lam-thit-chua-don-gian-thom-ngon-chuan-vi-phu-tho-202201041459110634.jpg,Thịt lợn tươi sống ướp trong thính gạo để làm thành phẩm chín tự nhiên,"Thịt heo (mông, ba chỉ hoặc nạc vai): 800g, Thính gạo - ngô - đậu xanh: 200g, Lá ổi: 36 lá, Lá sung: 20 lá, Lá đinh lăng: 20 lá, Gia vị: 1 ít","Kéo, Tô, Nồi, Chén, Nồi hấp, Thớt","Rửa nướng thui sơ thịt thái chỉ, Trộn thịt hạt nêm tiêu rồi áo thính, Xếp thịt với lá ổi sung đinh lăng nén chặt ủ 3–5 ngày, Ăn kèm lá sống và bảo quản lạnh",Cân bằng,"Thuần chay (Vegan), Ăn chay (Vegetarian)"
trung-vit-bac-thao,Trứng vịt Bắc Thảo,Nam,main,dinner,83,30,medium,500,20,60,15,3,900,5,35000,65000,balanced,Trứng vịt,Thanh nhẹ,1,1,https://cdn.tgdd.vn/2020/07/CookProduct/nglbacthao-1200x676.jpg,"Trứng vịt ủ trong một hỗn hợp từ đất sét, tro, muối, vôi, và trấu... trong nhiều tuần lễ, hay nhiều tháng","Trứng vịt: 5 quả, Bồ kết: 5 trái, Bồ kết: 50g, Diêm sinh: 1/2 muỗng cà phê, Quế bột: 4 muỗng cà phê, Đinh hương: 1 muỗng cà phê, Trà mạn (trà khô không ướp hương): 70g, Rau dền gai: 300g, Lá trắc bách diệp: 20g, Phèn chua: 4 muỗng cà phê","Thớt, Kéo, Tô, Dao, Vá","Kiểm tra rửa ngâm trứng với phèn chua, Pha bùn bồ kết trà mạn đinh hương tro trấu, Bọc trứng lăn trấu ủ kín 3 tháng, Trứng bắc thảo đen trong ăn kèm cháo súp",Cân bằng,"Thuần chay (Vegan), Ăn chay (Vegetarian)"
trung-vit-lon-hot-vit-lon,Trứng vịt lộn um bầu,Trung,main,breakfast,32,30,medium,500,20,60,15,3,900,5,35000,65000,"balanced,light","Vịt, Trứng","Cay, Thơm",1,1,https://suckhoedoisong.qltns.mediacdn.vn/Images/thanhloan/2017/05/01/an-trung-vit-nhu-the-nao-de-tot-cho-suc-khoe-9.jpg,Trứng vịt lộn được um bầu thơm ngon bổ dưỡng,"Trứng vịt lộn: 3 quả, Bầu: 1 trái, Mồng tơi: 100g, Hành lá: 1 nhánh, Ớt hiểm: 1 trái, Hành tím băm: 1 muỗng canh, Dầu ăn: 1 muỗng canh, Gia vị thông dụng: 1 ít","Dao, Chén, Kéo, Vá","Sơ chế bầu mồng tơi hành ớt, Luộc trứng vịt lộn bóc lấy nước và con, Um trứng với bầu nêm hạt nêm rồi cho mồng tơi vào, Múc ra tô rắc hành tiêu ớt","Cân bằng, Nhẹ bụng / Ít calo","Thuần chay (Vegan), Ăn chay (Vegetarian)"
cha-muc,Chả mực,Bắc,main,dinner,20,30,medium,500,20,60,15,3,900,5,35000,65000,balanced,Mực,"Cay, Thơm",1,1,https://lh6.googleusercontent.com/8hSKww7Y7pjMZnJeZpSPrhpoUghX7MS2VUFuuIc2AY4xBWGq-mluoftAmuuCBG_fyknxktTgtDLRAgo33hCJA48D2BtnQ8CbQsnsaxEbkHCvsOOY-REa4CmzhUSE_K7bRBAWFSgim-oI4e_kTA,"Loại chả đặc sản của Hạ Long được làm rất cầu kỳ từ mực giã nhuyễn, thì là, hành hoa... nặn thành miếng và chiên ngập dầu","Mực mai: 1kg, Tỏi băm: 15g, Hành tím băm: 15g, Tiêu: 1 muỗng cà phê, Dầu ăn: 2 muỗng canh","Tô, Muỗng, Dao, Nồi hấp, Chảo, Nồi","Giã mực với hành tỏi tiêu cho quyện, Nặn viên dẹt quết dầu rồi chiên vàng hai mặt, Vớt ra để ráo và thưởng thức chả mực giòn dai thơm",Cân bằng,"Thuần chay (Vegan), Ăn chay (Vegetarian)"
banh-khoai-mon,Bánh khoai môn,Bắc,main,breakfast,25,63,medium,410,18,50,6,1,150,25,15000,30000,balanced,"Bột mì, Sữa","Ngọt, Béo",1,1,https://cdn.tgdd.vn/2021/03/CookProduct/1200-1200x676-85.jpg,Món tráng miệng làm từ khoai môn,"Bột mì đa dụng (bột mì số 11): 50g, Bột chiên xù: 100g, Bột năng: 50g, Khoai môn: 400g, Khoai lang tím: 100g, Phô mai mozzarella: 100g, Đường: 50g, Dầu ăn: 20ml","Nồi, Chén, Muỗng, Đũa, Rây","Hấp khoai môn khoai lang cho mềm rồi tán nhuyễn, Trộn khoai với bột mì bột năng đường và dầu thành khối dẻo, Nhồi phô mai vào giữa vo tròn tạo hình, Lăn nước rồi phủ bột chiên xù và chiên vàng giòn",Cân bằng,Keto / Low-carb
chuoi-chien,Chuối chiên,Nam,main,breakfast,26,30,medium,500,20,60,15,3,900,5,35000,65000,balanced,,"Ngọt, Mặn, Béo",1,1,https://duonggiahotel.vn/wp-content/uploads/2023/10/banh-chuoi-chien-da-nang-4.jpg,Bánh làm từ chuối chiên với bột,"Chuối sứ chín: 8 trái, Bột gạo: 140gr, Bột nở: 7gr, Mè trắng: 10gr, Dừa nạo: 65gr, Nước cốt dừa: 30ml, Nước lọc: 140ml, Muối: 1 muỗng cà phê, Đường: 65gr","Đũa, Kéo, Thớt, Dao","Trộn bột gạo với soda mè dừa đường muối nước cốt dừa, Cắt chuối dọc rồi nhúng phủ bột, Chiên chuối ngập dầu đến vàng giòn, Vớt ráo và thưởng thức ",Cân bằng,
salad-bo-trung,Salad bơ trứng,Bắc,main,dinner,36,30,easy,450,22,8,35,6,550,3,45000,60000,keto,"Trứng luộc, Sốt Mayonnaise","Mặn, Chua, Cay, Béo",0,1,https://cdn.tgdd.vn/2021/04/CookProduct/saladbotrung-1200x676.jpg,"Salad bơ trứng ít tinh bột, giàu chất béo tốt và protein.","Bơ: 2 quả, Cà chua bi: 10 quả, Trứng gà: 2 quả, Rau xà lách: 100g, Dầu ô liu: 1 muỗng canh, Sốt mayonnaise: 1 muỗng canh, Giấm: 1/2 muỗng canh, Muối: 1/2 muỗng cà phê, Chanh: 1/4 quả, Mè rang: 1 ít, Tiêu xay: 1 ít, Lá bạc hà: 1 nhánh","Thớt, Dao, Tô; Nĩa","Luộc trứng, Cắt bơ và trứng, Trộn với xà lách, Rưới dầu olive và chanh, Nêm nếm",Keto / Low-carb,"Thuần chay (Vegan), Không sữa"
ga-nuong-pho-mai,Ức gà nướng phô mai ,Trung,main,breakfast,30,39,medium,520,30,10,28,2,700,2,50000,75000,keto,Phô mai,"Ngọt, Cay, Béo",1,1,https://cdn.tgdd.vn/Files/2020/05/30/1259393/cach-lam-uc-ga-nuong-pho-mai-xot-cam-cay-thom-ngon-1-760x367.jpg,"Ức gà nướng phủ phô mai béo nhẹ, phù hợp keto.","Ức gà: 100g, Cam: 1/2 quả, Bột ớt paprika (hoặc bột ớt thường): 2 muỗng cà phê, Phô mai mozzarella: 50g, Mật ong: 2 muỗng cà phê, Ngò tây: 5g, Dầu hào: 2 muỗng cà phê, Dầu oliu: 1 muỗng cà phê, Gia vị: 1 ít","Lò nướng, Khay, Chổi phết","Ướp gà, Nướng, Rắc phô mai, Nướng thêm 3–5 phút",Keto / Low-carb,"Thuần chay (Vegan), Ăn chay (Vegetarian), Không sữa"
ca-hoi-ap-chao,Cá hồi áp chảo bơ tỏi,Nam,main,lunch,30,30,easy,560,25,5,40,0,600,1,70000,100000,keto,"Cá hồi, Bơ","Mặn, Chua, Cay, Thơm, Béo",0,1,https://cdn.tgdd.vn/2020/08/CookProduct/Untitled-1-1200x676-43.jpg,"Cá hồi áp chảo bơ tỏi giàu omega-3, rất phù hợp keto.","Cá hồi (2 miếng): 500g, Cà chua: 50g, Bơ lạt: 10g, Tỏi băm: 15g, Hành tím băm: 5g, Mùi tây băm: 5g, Ớt băm: 5g, Muối: 8g, Tiêu: 3g, Nước cốt chanh: 35ml, Nước mắm ngọt: 2 muỗng canh","Chảo, Kẹp, Dĩa","Lau khô cá, Áp chảo, Rưới bơ tỏi, Vắt chanh",Keto / Low-carb,"Thuần chay (Vegan), Ăn chay (Vegetarian), Không sữa"
trung-chien-pho-mai-rau,Trứng chiên phô mai thịt xông khói,Bắc,main,lunch,30,30,easy,420,24,6,32,2,500,2,25000,40000,keto,"Trứng, Phô mai, Thịt xông khói","Mặn, Cay, Thơm, Béo",0,1,https://cdn-www.vinid.net/fa05abd5-cach-lam-trung-chien-pho-mai-2.jpg,"Trứng chiên phô mai thêm rau xào nhẹ, ít tinh bột.","Trứng gà: 5 quả, Phô mai cheddar bào sợi: 15g, Phô mai mozzarella: 15g, Ba rọi xông khói: 100g, Cà chua: 25g, Hành tây: 25g, Hành boa-rô: 15g, Muối: 1/2 muỗng cà phê, Tiêu: 1/3 muỗng cà phê","Chảo chống dính, Phới","Đánh trứng, Xào rau, Đổ trứng, Thêm phô mai",Keto / Low-carb,"Thuần chay (Vegan), Ăn chay (Vegetarian), Không sữa"
thit-bo-xao-mang-tay,Thịt bò xào măng tây,Trung,main,lunch,22,30,medium,480,28,9,30,3,800,2,60000,90000,keto,Bò,"Mặn, Thơm, Đậm đà",1,1,https://cdn.tgdd.vn/2021/05/CookProduct/thumbcmscn-1200x676-1.jpg,"Bò xào măng tây giòn ngọt, giàu đạm, ít tinh bột.","Thịt bò: 200g, Măng tây: 300g, Tỏi băm: 2 muỗng canh, Nước mắm: 1/2 muỗng canh, Dầu ăn: 2.5 muỗng canh, Gia vị thông dụng: 1 ít","Chảo, Dao, Thớt","Sơ chế, Xào nhanh lửa lớn, Nêm nếm",Keto / Low-carb,"Thuần chay (Vegan), Ăn chay (Vegetarian)"
thit-heo-ap-chao-sot-nam,Thịt heo áp chảo sốt nấm tiêu xanh,Nam,main,breakfast,18,30,medium,530,26,7,38,2,850,3,45000,70000,keto,"Heo, Nấm","Ngọt, Mặn, Chua, Cay, Thơm, Béo, Đậm đà",0,1,https://cdn.tgdd.vn/2020/08/CookRecipe/GalleryStep/thanh-pham-277.jpg,"Thịt heo áp chảo kèm sốt nấm kem nhẹ, hợp khẩu vị keto.","Thịt thăn heo: 500g, Muối: 5g, Tiêu hạt đập dập: 15g, Lá thyme tươi: 10g, Tỏi băm: 20g, Dầu oliu: 50g, Demi Glace: 30g, Nước lọc: 300g, Nấm đông cô tươi: 50g, Hành tím: 20g, Whipping cream: 50g, Sữa tươi không đường: 50g, Tiêu xanh: 30g, Bơ lạt: 10g, Rượu vang đỏ: 50g","Chảo, Dao, Tô","Áp chảo thịt, Làm sốt nấm, Trộn và nêm",Keto / Low-carb,"Thuần chay (Vegan), Ăn chay (Vegetarian)"
tom-xao-bo-toi,Tôm xào bơ tỏi,Bắc,main,lunch,15,30,easy,430,27,6,28,1,900,2,60000,90000,keto,"Tôm, Bơ, Dầu đậu nành","Ngọt, Chua, Thơm, Béo",1,1,https://cdn.tgdd.vn/2020/12/CookProduct/Thumb-1200x676-9.jpg,"Tôm xào bơ tỏi đậm đà, ít tinh bột.","Tôm: 500g, Mật ong: 1 muỗng canh, Bơ lạt: 150g, Chanh: 1 trái, Tỏi băm: 3 muỗng cà phê, Rau mùi tây: 1 ít, Nước tương: 1 muỗng canh","Chảo, Muỗng, Dĩa","Làm sạch tôm, Xào bơ tỏi, Nêm nếm",Keto / Low-carb,"Thuần chay (Vegan), Ăn chay (Vegetarian), Không sữa"
suon-bo-ham-rau-cu,Sườn bò hầm rau củ ,Trung,main,lunch,20,70,hard,600,32,12,42,3,1000,4,80000,120000,keto,"Sườn heo, Nước mắm, Nước tương","Ngọt, Mặn, Thơm",1,1,https://cdn.tgdd.vn/Files/2021/03/22/1337343/thit-bo-ham-rau-cu-thit-bo-mem-thom-ngon-kho-cuong-tai-nha-202109281550575556.jpg,"Sườn bò hầm với rau củ low-carb như súp lơ, cần tây.","Sườn: 1kg, Hành lá: 5 nhánh, Ngò rí: 5 nhánh, Hành tím: 4 củ, Muối hột: 1 ít, Gia vị thông dụng: 1 ít, Khoai tây: 1 củ, Cà rốt: 1 củ, Nước dừa: 1 trá","Nồi hầm, Vá, Thớt","Áp chảo sườn, Hầm với nước dùng, Thêm rau, Nêm nếm",Keto / Low-carb,"Thuần chay (Vegan), Ăn chay (Vegetarian)"
salad-ca-ngu,Salad cá ngừ sốt mayo,Nam,main,lunch,28,30,easy,480,29,7,32,3,850,3,45000,70000,keto,"Cá ngừ, Sốt Mayonnaise","Ngọt, Mặn, Chua, Cay, Thơm",0,1,https://cdn.tgdd.vn/Files/2019/11/15/1219188/3-cong-thuc-lam-salad-ca-ngu-cuc-don-gian-giau-dinh-duong-lam-nhanh-760x367.jpg,"Cá ngừ trộn sốt mayo ăn kèm xà lách, ít tinh bột.","Trứng: 2 quả, Cá ngừ ngâm dầu: 100g, Rau xà lách: 100g, Dưa leo: 1 quả, Cà chua: 1 quả, Chanh: 1/2 quả, Hành tây: 1/2 củ, Ô-liu xanh hoặc đen (cắt nhỏ): 6 quả, Sốt mayonnaise: 1.5 muỗng canh, Muối tiêu: 20g, Dầu ô liu: 1/4 chén, Giấm: 1/4 chén, Mật ong: 1 muỗng cà phê, Mù tạt: 1 muỗng cà phê, Muối: 1/4 muỗng cà phê","Tô, Muỗng, Dao","Trộn cá ngừ với mayo, Thêm trứng và rau, Nêm",Keto / Low-carb,"Thuần chay (Vegan), Ăn chay (Vegetarian), Không sữa"
sup-bong-cai-kem-tuoi,Súp bông cải kem sữa,Bắc,main,dinner,30,30,easy,390,18,11,28,3,700,4,30000,50000,keto,"Kem tươi (Cream), Sữa, Bột mì","Mặn, Cay, Thơm, Béo",0,1,https://cdn.tgdd.vn/2020/10/CookRecipe/Avatar/sup-bong-cai-xanh-kem-sua-thumbnail.jpg,"Súp bông cải xanh xay mịn với kem tươi, ấm bụng, ít carb.","Bông cải xanh: 250g, Hành tây (cắt nhỏ): 1 củ vừa, Tỏi: 4 tép, Sữa: 300ml, Bơ: 1 muỗng canh, Bột mì: 1 muỗng canh, Bột thì là: 1 muỗng cà phê, Gia vị Garam masala: 5g, Muối: 2 muỗng cà phê, Tiêu: 1 muỗng cà phê, Dầu ô liu: 1 muỗng canh","Nồi, Máy xay, Vá","Xào hành, Thêm bông cải, Cho sữa và gia vị, Xay mịn",Keto / Low-carb,"Thuần chay (Vegan), Không sữa"
thit-xong-khoi-cuon-rau,Thịt xông khói cuộn rau,Trung,main,lunch,20,30,easy,410,20,6,32,2,950,2,35000,60000,keto,,Đậm đà,0,1,https://cdn.tgdd.vn/2020/07/CookProduct/img_4786-1200x676.jpg,"Thịt xông khói cuộn cùng dưa leo và xà lách, bữa nhẹ keto.","Cà rốt: 30g, Đậu ve: 20g, Bắp non: 6 cái, Thịt ba rọi xông khói: 6 lát","Chảo, Thớt, Dao","Áp chảo thịt, Cuộn với rau, Chấm mayo",Keto / Low-carb,"Thuần chay (Vegan), Ăn chay (Vegetarian)"
goi-cuon,Gỏi cuốn chay,Nam,main,dinner,55,30,easy,300,12,45,8,5,400,4,25000,40000,vegetarian,"Đậu hũ chiên, Thính gạo",Đậm đà,0,1,https://cdn.tgdd.vn/2022/01/CookDish/3-cach-lam-goi-cuon-chay-dinh-duong-ngon-mieng-avt-1200x676-1.jpg,Gỏi cuốn chay thanh mát với rau sống và đậu hũ.,"Nấm đùi gà: 200g, Tàu hũ ky khô: 100g, Xà lách: 500g, Bún tươi: 100g, Húng quế: 100g, Bánh tráng: 10 miếng","Tô, Đĩa, Dao, Thớt","Chuẩn bị nguyên liệu, Cuốn gỏi, Pha nước chấm, Thưởng thức",Ăn chay (Vegetarian),
bun-rau-cu,Bún rau củ chay,Bắc,main,lunch,20,30,easy,320,10,55,7,6,500,5,30000,45000,vegetarian,"Nước tương, Mì căn (Gluten), Trứng (nếu ko thuần chay)","Ngọt, Mặn, Thơm, Đậm đà",0,1,https://cdn.tgdd.vn/2021/02/CookProduct/thumbhcn-1200x676.jpg,"Bún rau củ thanh đạm, phù hợp cho người ăn chay.","Nước dừa: 300ml, Cà rốt: 1 củ, Su su: 1 củ, Củ sắn: 1 củ, Củ cải trắng: 1 củ, Ngải bún: 50g, Sả: 4 nhánh, Đậu hũ: 4 miếng, Chả chay: 1 miếng, Chả nấm: 3 miếng, Chao tán nhuyễn: 3 muỗng canh, Mắm đậu: 3 muỗng canh, Đường phèn : 1 muỗng canh, Muối: 3 muỗng cà phê, Bột ngọt: 1 muỗng cà phê, Dầu ăn: 4 muỗng canh, Rau sống ăn kèm : 200g, Bún: 500g","Nồi, Vá, Đũa","Luộc rau, Xào nhẹ, Chan nước dùng chay, Dùng nóng",Ăn chay (Vegetarian),Keto / Low-carb
canh-chua-chay,Canh chua chay,Nam,main,breakfast,30,60,easy,180,8,25,5,4,400,3,20000,35000,vegetarian,"Cá, Nước mắm","Mặn, Chua, Cay",1,1,https://cdn.tgdd.vn/Files/2020/06/21/1264424/cach-nau-canh-chua-chay-thom-ngon-thanh-dam-cho-gi-10-760x367.jpg,"Canh chua chay thanh mát, vị đậm đà tự nhiên.","Me chua: 2 muỗng canh, Giá: 100g, Dọc mùng: 2 cây, Cà chua: 2 quả, Thơm: 1/2 quả, Đậu hũ: 1 miếng, Ngò gai: 5g, Ớt: 2 quả, Hạt nêm chay: 1 muỗng cà phê, Muối: 1 muỗng cà phê","Nồi, Vá, Muỗng","Nấu nước dùng, Thêm rau củ, Nêm nếm, Dùng nóng",Ăn chay (Vegetarian),
dau-hu-sot-ca-chua,Đậu hũ sốt cà chua chay,Bắc,main,breakfast,20,53,easy,250,15,10,15,2,600,3,15000,25000,vegetarian,Đậu hũ,Mặn,0,1,https://cdn.tgdd.vn/2021/05/CookRecipe/Avatar/dau-hu-sot-ca-chua-thumbnail-1.jpg,Đậu hũ chiên giòn phủ sốt cà chua thơm ngon.,"Đậu hũ chiên: 3 miếng, Cà chua: 2 trái, Dầu ăn: 2 muỗng canh, Hạt nêm chay: 2 muỗng cà phê, Bột ngọt: 2 muỗng cà phê, Muối: 1 muỗng cà phê","Chảo, Muỗng, Dao","Chiên đậu hũ, Làm sốt, Nấu chung, Rắc hành lá",Ăn chay (Vegetarian),
com-chien-chay,Cơm chiên chay,Nam,main,lunch,30,30,easy,400,14,60,12,3,800,2,20000,35000,vegetarian,Gạo,"Thơm, Đậm đà",1,1,https://cdn.tgdd.vn/2021/05/CookProduct/COM-RANG-CHAY---Cach-lam-COM-RANG-RAU-CU-Thanh-Dam---Mon-An-Ngon-Moi-Ngay-0-19-screenshot-1200x676.jpg,Cơm chiên chay thơm ngon với rau củ nhiều màu sắc.,"Cơm: 1 tô, Sườn non chay: 200g, Bắp Mỹ: 1 quả, Đậu que: 200g, Nấm rơm: 200g, Cà rốt: 1 quả, Hành tím: 6 củ, Ngò rí: 2 nhánh, Nước tương: 1 muỗng canh, Dầu hào chay: 1 muỗng canh, Dầu mè: 1 muỗng cà phê, Dầu ăn: 2 muỗng canh, Hạt nêm chay: 1 muỗng cà phê, Gia vị thông dụng: 1 ít","Chảo, Muỗng, Thớt","Xào rau, Thêm cơm, Nêm nếm, Dọn ra đĩa",Ăn chay (Vegetarian),Keto / Low-carb
nem-chay,Nem rán chay,Bắc,main,lunch,43,30,medium,420,15,40,20,4,700,3,30000,50000,vegetarian,"Đậu hũ, Miến, Mộc nhĩ","Chua, Cay, Thơm, Đậm đà",0,1,https://cdn.tgdd.vn/2021/11/CookDish/cach-lam-mon-nem-chay-cho-mam-co-ngay-tet-avt-1200x676.jpg,"Nem rán chay giòn rụm, nhân rau củ và miến.","Đậu xanh: 60g, Bánh tráng cuốn nem: 400g, Đậu hũ trắng: 1 miếng, Cà rốt: 200g, Khoai môn: 400g, Nấm mèo (mộc nhĩ): 30g, Củ sắn (củ đậu): 200g, Bún tàu: 50g, Chanh: 1 trái, Ớt hiểm: 3 trái, Hành lá hoặc hành baro: 2 cây, Nước cốt thơm : 2 muỗng canh, Gia vị thông dụng : 1 ít, Dầu ăn: 200ml.","Chảo, Thớt, Muỗng","Trộn nhân, Cuốn, Chiên vàng, Dọn ra đĩa",Ăn chay (Vegetarian),
mi-xao-chay,Mì xào rau củ chay,Nam,main,breakfast,20,30,easy,350,12,55,9,3,600,3,25000,40000,vegetarian,"Nước tương, Mì căn (Gluten), Trứng (nếu ko thuần chay)","Cay, Thơm, Đậm đà",1,1,https://cdn.tgdd.vn/2021/03/CookProduct/thumbcmscn-1200x676-21.jpg,Mì xào chay hấp dẫn với nhiều loại rau.,"Mì trứng: 450g, Nấm mèo khô (mộc nhĩ): 10g, Nấm đùi gà: 1 cây, Ớt chuông đỏ: 1/2 trái, Ớt chuông vàng: 1/2 trái, Cà rốt: 1 củ, Su hào: 1/2 củ, Đậu hũ chiên: 1 miếng, Hành boa rô băm: 1 muỗng canh, Nước tương: 2 muỗng canh, Dầu hào chay: 2 muỗng canh, Dầu mè: 1 muỗng canh, Dầu ăn: 2 muỗng canh, Gia vị thông dụng: 1 ít","Chảo, Đũa, Thớt","Luộc mì, Xào rau, Thêm mì, Nêm nếm",Ăn chay (Vegetarian),"Keto / Low-carb, Không gluten"
dau-hu-xao-sa-ot,Đậu hũ xào sả ớt,Trung,main,lunch,15,30,easy,300,16,8,18,2,750,2,20000,35000,vegetarian,Đậu hũ,"Ngọt, Cay, Thơm",2,1,https://cdn.tgdd.vn/2021/09/CookRecipe/Avatar/dau-hu-kho-sa-ot-thumbnail.jpg,"Đậu hũ xào sả ớt cay nồng, ngon miệng.","Đậu hũ chiên: 5 miếng, Sả: 3 cây, Tỏi: 2 tép, Ớt: 2 trái, Nước tương: 1 muỗng canh, Hạt nêm chay: 1/2 muỗng cà phê, Dầu ăn: 2 muỗng canh, Đường/bột ngọt: 1 ít","Chảo, Dao, Thớt","Chiên đậu, Phi sả ớt, Xào, Nêm nếm",Ăn chay (Vegetarian),
lau-nam-chay,Lẩu nấm chay,Nam,main,breakfast,42,30,medium,500,18,50,20,6,1200,5,80000,120000,vegetarian,"Đậu hũ, Nước tương, Các loại nấm","Thơm, Đậm đà",1,2,https://cdn.tgdd.vn/Files/2019/12/16/1227037/thanh-dam-bo-mat-cuoi-tuan-voi-2-mon-lau-nam-chay-thom-ngon-don-gian-va-de-lam-9-760x367.jpg,"Lẩu nấm chay đậm đà, nhiều loại nấm và rau tươi.","Nấm bào ngư nấm kim châm: 100g, Nấm đông cô: 50g, Nấm đùi gà: 50g, Nấm rơm: 50g, Nấm linh chi: 50g, Nấm bào ngư: 50g, Cây súp lơ: 1 cái, Khoai môn: 1 củ, Ngô: 1 quả, Cà rốt: 1 củ, Tàu hũ ky: 50g, Mía lau: 100g, Hành boa-rô: 2 nhánh, Gia vị: 70g","Nồi lẩu, Vá, Đũa","Chuẩn bị nước dùng, Thêm nấm rau, Nêm nếm, Dọn ăn nóng",Ăn chay (Vegetarian),
salad-rau-cu,Salad rau củ chay,Bắc,main,breakfast,31,30,easy,200,6,20,10,4,300,5,20000,30000,vegetarian,"Nước tương, Mì căn (Gluten), Trứng (nếu ko thuần chay)","Cay, Thơm",0,1,https://cdn.tgdd.vn/2022/03/CookDish/cach-lam-mon-xa-lach-salad-tron-chay-vo-cung-thom-ngon-hap-avt-1200x676.jpg,"Salad rau củ chay nhiều màu sắc, tươi ngon.","Xà lách: 2 cây, Cà chua: 1 quả, Hành tây: 1/2 quả, Hành lá: 2 nhánh, Nước tương: 1 muỗng canh, Dầu hào chay: 1 muỗng canh, Tương ớt: 1 muỗng canh, Tương cà: 1 muỗng canh, Dầu ăn: 1 muỗng canh, Gia vị thông dụng: 1 ít","Tô, Dao, Thớt","Rửa rau, Cắt nhỏ, Trộn dầu và chanh, Dọn ra đĩa",Ăn chay (Vegetarian),
ca-thu-xao-bo-toi-voi-nam-dong-co-kieu-keto,Cá thu xào bơ tỏi với nấm đông cô kiểu keto,Bắc,main,dinner,42,30,medium,453,34,4,43,3,816,3,30000,70000,keto,"Cá, Bơ, Nấm","Mặn, Cay, Thơm, Béo, Đậm đà",1,1,https://img-global.cpcdn.com/recipes/fe29b22cbe3806bd/300x426f0.499729_0.5_1.0q80/ca-s%E1%BB%91t-b%C6%A1-t%E1%BB%8Fi-recipe-main-photo.webp,"Cá thu xào bơ tỏi với nấm đông cô kiểu keto là món ăn ít tinh bột, nhiều đạm và chất béo tốt, phù hợp cho chế độ keto kiểu Việt.","Cá thu: 200g, nấm đông cô: 150g, Bơ lạt: 20g, Tỏi băm: 10g, Nước mắm: 10ml, Muối: 3g, Tiêu: 2g, Dầu ôliu: 10ml","Nồi hấp, Rây, Thau, Đũa, Vá","Sơ chế và rửa sạch nguyên liệu, Ướp Cá thu với gia vị cơ bản, Làm nóng chảo và xào/áp chảo cùng nấm đông cô, Nêm lại cho vừa ăn và trình bày ra dĩa",Keto / Low-carb,"Thuần chay (Vegan), Ăn chay (Vegetarian), Không sữa"
ca-hoi-xao-bo-toi-voi-rau-cai-thia-kieu-keto,Cá hồi xào bơ tỏi với rau cải thìa kiểu keto,Nam,main,dinner,42,30,easy,566,28,10,28,7,427,1,25000,45000,keto,"Cá, Bơ","Mặn, Cay, Thơm, Béo",1,1,https://cakholangvudai.com/wp-content/uploads/2015/01/ca-hoi-xao-cai-thia.jpg,"Cá hồi xào bơ tỏi với rau cải thìa kiểu keto là món ăn ít tinh bột, nhiều đạm và chất béo tốt, phù hợp cho chế độ keto kiểu Việt.","Cá hồi: 200g, rau cải thìa: 150g, Bơ lạt: 20g, Tỏi băm: 10g, Nước mắm: 10ml, Muối: 3g, Tiêu: 2g, Dầu ôliu: 10ml","Nồi, Thớt, Dao, Muỗng, Đũa, Tô","Sơ chế và rửa sạch nguyên liệu, Ướp Cá hồi với gia vị cơ bản, Làm nóng chảo và xào/áp chảo cùng rau cải thìa, Nêm lại cho vừa ăn và trình bày ra dĩa",Keto / Low-carb,"Thuần chay (Vegan), Ăn chay (Vegetarian), Không sữa"
thit-ba-roi-tron-salad-dau-oliu-voi-bi-ngoi-kieu-keto,Thịt ba rọi trộn salad dầu ôliu với bí ngòi kiểu keto,Bắc,main,breakfast,42,30,medium,408,33,12,41,3,665,5,30000,70000,keto,,"Mặn, Cay, Thơm, Béo, Đậm đà",1,1,https://img-global.cpcdn.com/recipes/7f703755d49986f4/680x781cq80/salad-th%E1%BB%8Bt-xong-khoi-recipe-main-photo.jpg,"Thịt ba rọi trộn salad dầu ôliu với bí ngòi kiểu keto là món ăn ít tinh bột, nhiều đạm và chất béo tốt, phù hợp cho chế độ keto kiểu Việt.","Thịt ba rọi: 200g, bí ngòi: 150g, Bơ lạt: 20g, Tỏi băm: 10g, Nước mắm: 10ml, Muối: 3g, Tiêu: 2g, Dầu ôliu: 10ml","Chảo, Nồi, Đũa, Thớt, Dao, Chén","Sơ chế và rửa sạch nguyên liệu, Ướp Thịt ba rọi với gia vị cơ bản, Làm nóng chảo và xào/áp chảo cùng bí ngòi, Nêm lại cho vừa ăn và trình bày ra dĩa",Keto / Low-carb,"Thuần chay (Vegan), Ăn chay (Vegetarian)"
ca-thu-xao-bo-toi-voi-mang-tay-kieu-keto,Cá hồi xào bơ tỏi với măng tây kiểu keto,Nam,main,lunch,42,30,medium,469,30,4,25,5,563,1,35000,75000,keto,"Cá, Bơ","Mặn, Cay, Thơm, Béo",1,1,https://lisadofoods.com.vn/wp-content/uploads/2020/05/mang-tay-sot-bo-voi-ca-hoi-1-min.png,"Cá thu xào bơ tỏi với măng tây kiểu keto là món ăn ít tinh bột, nhiều đạm và chất béo tốt, phù hợp cho chế độ keto kiểu Việt.","Cá hồi: 200g, măng tây: 150g, Bơ lạt: 20g, Tỏi băm: 10g, Nước mắm: 10ml, Muối: 3g, Tiêu: 2g, Dầu ôliu: 10ml","Nồi, Thớt, Dao, Muỗng, Đũa, Tô","Sơ chế và rửa sạch nguyên liệu, Ướp Cá thu với gia vị cơ bản, Làm nóng chảo và xào/áp chảo cùng măng tây, Nêm lại cho vừa ăn và trình bày ra dĩa",Keto / Low-carb,"Thuần chay (Vegan), Ăn chay (Vegetarian), Không sữa"
trung-ga-xao-toi-voi-bong-cai-xanh-kieu-keto,Trứng gà xào tỏi với bông cải xanh kiểu keto,Bắc,main,breakfast,42,30,easy,510,20,5,25,5,337,1,35000,55000,keto,"Gà, Trứng, Bông cải","Mặn, Cay, Thơm, Béo",0,1,https://img-global.cpcdn.com/recipes/e816eae0e7583edc/680x781f0.5_0.501055_1.0q80/bong-c%E1%BA%A3i-xanh-xao-tr%E1%BB%A9ng-recipe-main-photo.jpg,"Trứng gà xào tỏi với bông cải xanh kiểu keto là món ăn ít tinh bột, nhiều đạm và chất béo tốt, phù hợp cho chế độ keto kiểu Việt.","Trứng gà: 200g, bông cải xanh: 150g, Bơ lạt: 20g, Tỏi băm: 10g, Nước mắm: 10ml, Muối: 3g, Tiêu: 2g, Dầu ôliu: 10ml","Chảo, Nồi, Đũa, Thớt, Dao, Chén","Sơ chế và rửa sạch nguyên liệu, Ướp Trứng gà với gia vị cơ bản, Làm nóng chảo và xào/áp chảo cùng bông cải xanh, Nêm lại cho vừa ăn và trình bày ra dĩa",Keto / Low-carb,"Thuần chay (Vegan), Ăn chay (Vegetarian)"
thit-bo-kho-tieu-xanh-voi-bi-ngoi-kieu-keto,Thịt bò kho tiêu xanh với bí ngòi kiểu keto,Nam,main,breakfast,42,30,medium,526,28,4,43,3,401,3,40000,70000,keto,Bò,"Mặn, Cay, Thơm, Béo, Đậm đà",0,1,https://pacow.net/upload/tiny/bi-ngoi-xao-bo-3.jpg,"Thịt bò kho tiêu xanh với bí ngòi kiểu keto là món ăn ít tinh bột, nhiều đạm và chất béo tốt, phù hợp cho chế độ keto kiểu Việt.","Thịt bò: 200g, bí ngòi: 150g, Bơ lạt: 20g, Tỏi băm: 10g, Nước mắm: 10ml, Muối: 3g, Tiêu: 2g, Dầu ôliu: 10ml","Chảo chống dính, Thớt, Dao, Muỗng, Dĩa","Sơ chế và rửa sạch nguyên liệu, Ướp Thịt bò với gia vị cơ bản, Làm nóng chảo và xào/áp chảo cùng bí ngòi, Nêm lại cho vừa ăn và trình bày ra dĩa",Keto / Low-carb,"Thuần chay (Vegan), Ăn chay (Vegetarian)"
thit-bo-nuong-lo-voi-nam-dong-co-kieu-keto,Thịt bò nướng lò với nấm đông cô kiểu keto,Nam,main,lunch,42,30,medium,444,29,6,43,3,460,4,25000,55000,keto,"Bò, Nấm","Mặn, Cay, Thơm, Béo, Đậm đà",2,1,https://cdn.tgdd.vn/Files/2023/01/05/1500948/cong-thuc-lam-bo-ham-nam-dong-co-boi-bo-ca-nha-cuoi-tuan-202301051242109633.jpg,"Thịt bò nướng lò với nấm đông cô kiểu keto là món ăn ít tinh bột, nhiều đạm và chất béo tốt, phù hợp cho chế độ keto kiểu Việt.","Thịt bò: 200g, nấm đông cô: 150g, Bơ lạt: 20g, Tỏi băm: 10g, Nước mắm: 10ml, Muối: 3g, Tiêu: 2g, Dầu ôliu: 10ml","Chảo chống dính, Thớt, Dao, Muỗng, Dĩa","Sơ chế và rửa sạch nguyên liệu, Ướp Thịt bò với gia vị cơ bản, Làm nóng chảo và xào/áp chảo cùng nấm đông cô, Nêm lại cho vừa ăn và trình bày ra dĩa",Keto / Low-carb,"Thuần chay (Vegan), Ăn chay (Vegetarian)"
ca-hoi-xao-bo-toi-salad,Cá hồi áp chảo salad,Bắc,main,dinner,86,30,medium,468,28,9,33,5,634,5,25000,55000,keto,"Cá hồi, Bơ","Ngọt, Mặn, Chua, Cay, Béo",2,1,https://img-global.cpcdn.com/recipes/cb6b96abdb71195f/300x426cq80/ca-h%E1%BB%93i-ap-ch%E1%BA%A3o-salad-keto-recipe-main-photo.webp,"Cá hồi áp chảo salad là món ăn thanh đạm, ít tinh bột, giàu protein và bổ sung nhiều chất béo tốt từ cá hồi. Kết hợp cùng salad rau xanh kiểu Việt, món ăn mang lại cảm giác tươi mát nhưng vẫn đảm bảo phù hợp với chế độ ăn Eat Clean hoặc Keto theo phong cách Việt Nam.","Cá hồi sống: 120g, Rau bina: 40g, 1/2 quả bơ (avocado): 70g, Cà chua bi: 60g, Phô mai: 20g, Nước cốt chanh: 5ml, Bơ: 10g, Muối: 2g, Hạt tiêu: 1g, Đường ăn kiêng: 2g","Nồi hấp, Rây, Thau, Đũa, Vá","Sơ chế và rửa sạch rau bina, cà chua bi và bơ, Cắt cá hồi thành lát vừa ăn, Trộn cá hồi với nước cốt chanh, muối, tiêu cho thấm nhẹ, Làm chảy bơ rồi rưới lên phần salad, Thêm phô mai và đường ăn kiêng, Trộn đều tất cả nguyên liệu và trình bày ra dĩa",Keto / Low-carb,"Thuần chay (Vegan), Ăn chay (Vegetarian)"
uc-ga-nuong-lo-voi-rau-muong-kieu-keto,Salad ức gà,Bắc,main,lunch,78,30,easy,405,31,5,42,3,407,3,35000,55000,keto,Đậu gà,Thanh nhẹ,1,1,https://img-global.cpcdn.com/recipes/15e5cd416f2632b0/300x426f0.5_0.518829_1.0q80/salad-%E1%BB%A9c-ga-keto-recipe-main-photo.webp,"Salad ức gà là món ăn ít tinh bột, giàu đạm và nhiều chất xơ từ rau xanh, giúp no lâu nhưng vẫn giữ cảm giác nhẹ bụng. Món này phù hợp cho chế độ ăn Eat Clean hoặc Keto kiểu Việt, mang đến sự thanh mát mà vẫn đảm bảo đầy đủ dinh dưỡng cho một bữa ăn lành mạnh.","Ức gà: 150g, Xúc xích: 50g, Rau mầm: 50g, Xà lách: 4 lá, Dưa leo baby: 3 trái, Cà chua bi: 5 quả, Nước sốt mè rang: 20ml","Nồi hấp, Rây, Thau, Đũa, Vá","Sơ chế và rửa sạch nguyên liệu, Ướp ức gà với gia vị cơ bản, Làm nóng chảo và áp chảo ức gà đến khi chín vàng, Trộn rau mầm, xà lách, dưa leo baby và cà chua bi với sốt mè rang, Cắt ức gà đặt lên salad, Nêm lại cho vừa ăn và trình bày ra dĩa",Keto / Low-carb,"Thuần chay (Vegan), Ăn chay (Vegetarian)"
thit-bo-rim-nuoc-mam-voi-cai-xanh-kieu-keto,Thịt bò rim nước mắm với cải xanh kiểu keto,Bắc,main,dinner,42,30,medium,639,22,7,31,7,339,3,35000,55000,keto,Bò,"Mặn, Cay, Thơm, Béo, Đậm đà",1,1,https://img-global.cpcdn.com/recipes/880bfc1e5a8260a3/680x781cq80/c%E1%BA%A3i-r%E1%BB%95-xao-th%E1%BB%8Bt-bo-recipe-main-photo.jpg,"Thịt bò rim nước mắm với cải xanh kiểu keto là món ăn ít tinh bột, nhiều đạm và chất béo tốt, phù hợp cho chế độ keto kiểu Việt.","Thịt bò: 200g, cải xanh: 150g, Bơ lạt: 20g, Tỏi băm: 10g, Nước mắm: 10ml, Muối: 3g, Tiêu: 2g, Dầu ôliu: 10ml","Chảo, Nồi, Đũa, Thớt, Dao, Chén","Sơ chế và rửa sạch nguyên liệu, Ướp Thịt bò với gia vị cơ bản, Làm nóng chảo và xào/áp chảo cùng cải xanh, Nêm lại cho vừa ăn và trình bày ra dĩa",Keto / Low-carb,"Thuần chay (Vegan), Ăn chay (Vegetarian)"
tom-nuong-lo-voi-rau-cai-thia-kieu-keto,Tôm nướng lò với rau cải thìa kiểu keto,Bắc,main,lunch,42,30,medium,548,33,4,43,5,685,4,25000,45000,keto,"Tôm, Bơ","Mặn, Cay, Thơm, Béo",1,1,https://img-global.cpcdn.com/recipes/012bb55ab28f80b2/680x781cq80/tom-xao-c%E1%BA%A3i-thia-recipe-main-photo.jpg,"Tôm nướng lò với rau cải thìa kiểu keto là món ăn ít tinh bột, nhiều đạm và chất béo tốt, phù hợp cho chế độ keto kiểu Việt.","Tôm: 200g, rau cải thìa: 150g, Bơ lạt: 20g, Tỏi băm: 10g, Nước mắm: 10ml, Muối: 3g, Tiêu: 2g, Dầu ôliu: 10ml","Chảo chống dính, Thớt, Dao, Muỗng, Dĩa","Sơ chế và rửa sạch nguyên liệu, Ướp Tôm với gia vị cơ bản, Làm nóng chảo và xào/áp chảo cùng rau cải thìa, Nêm lại cho vừa ăn và trình bày ra dĩa",Keto / Low-carb,"Thuần chay (Vegan), Ăn chay (Vegetarian)"
ca-thu-kho-tieu-xanh-voi-rau-muong-kieu-keto,Cá thu kho tiêu xanh  kiểu keto,Nam,main,dinner,57,70,medium,485,23,7,40,5,465,4,35000,55000,keto,"Cá thu, Bơ (Butter)","Ngọt, Mặn, Cay, Thơm",0,1,https://img-global.cpcdn.com/recipes/f620f0bc1fdf79fd/300x426cq80/ca-thu-kho-tieu-xanh-recipe-main-photo.webp,"Cá thu kho tiêu xanh kiểu keto là món ăn ít tinh bột, giàu đạm và chất béo tốt từ cá thu. Vị cay thơm của tiêu xanh hòa cùng nước kho đậm đà tạo nên món ăn đậm chất Việt Nam nhưng vẫn phù hợp cho chế độ ăn Keto.","Cá thu: 200g, Tiêu xanh: 10g, Nước mắm: 15ml, Dầu ôliu hoặc dầu dừa: 10ml, Tỏi băm: 5g, Hành tím: 5g, Nước lọc: 30ml, Muối: 1g, Tiêu xay: 1g, Đường ăn kiêng: 2g","Chảo chống dính, Thớt, Dao, Muỗng, Dĩa","Sơ chế và rửa sạch cá thu, Phi thơm tỏi và hành tím với dầu, Cho cá thu vào áp chảo nhẹ cho săn, Thêm nước mắm, tiêu xanh, nước lọc và đường ăn kiêng, Kho lửa nhỏ đến khi nước sệt lại, Nêm lại cho vừa ăn và trình bày ra dĩa",Keto / Low-carb,"Thuần chay (Vegan), Ăn chay (Vegetarian)"
uc-ga-nuong-lo-voi-nam-dong-co-kieu-keto,Ức gà nướng lò với nấm đông cô kiểu keto,Bắc,main,dinner,52,60,medium,621,26,5,32,5,470,4,30000,60000,keto,"Bơ, Phô mai (nếu có)","Ngọt, Mặn, Cay, Thơm, Béo, Đậm đà",2,1,https://img-global.cpcdn.com/recipes/64cdadfb275d9bb1/200x200f0.638018_0.5_1.0q80/%E1%BB%A9c-ga-kho-h%E1%BA%A1t-di%E1%BB%81u-n%E1%BA%A5m-dong-co-recipe-main-photo.jpg,"Ức gà nướng lò với nấm đông cô kiểu keto là món ăn ít tinh bột, giàu đạm và chất béo tốt. Thịt gà mềm, thơm, kết hợp vị ngọt tự nhiên từ nấm đông cô mang lại bữa ăn chuẩn keto nhưng vẫn đậm chất Việt Nam.","Ức gà: 200g, Nấm đông cô tươi: 150g, Bơ lạt: 15g, Tỏi băm: 5g, Dầu ôliu: 10ml, Muối: 2g, Tiêu: 1g, Lá oregano hoặc hương thảo: 1g, Đường ăn kiêng: 1g","Nồi, Thớt, Dao, Muỗng, Đũa, Tô","Sơ chế và rửa sạch ức gà và nấm đông cô, Ướp ức gà với muối tiêu tỏi dầu ôliu và gia vị, Làm nóng lò và trải nấm đông cô dưới khay nướng, Đặt ức gà lên và phết bơ lạt, Nướng đến khi gà chín vàng và nấm mềm ngọt, Nêm lại cho vừa ăn và trình bày ra dĩa",Keto / Low-carb,"Thuần chay (Vegan), Ăn chay (Vegetarian)"
uc-ga-nuong-lo-voi-rau-cai-thia-kieu-keto,Ức gà áp chảo với rau cải thìa kiểu keto,Trung,main,dinner,52,30,medium,472,26,11,27,3,345,4,40000,70000,keto,Gà,"Ngọt, Mặn, Cay, Thơm, Béo",1,1,https://img-global.cpcdn.com/recipes/bdc90bc86937dc9f/680x781f0.5_0.508259_1.0q80/%E1%BB%A9c-ga-ap-ch%E1%BA%A3o-c%E1%BA%A3i-thia-lu%E1%BB%99c-recipe-main-photo.jpg,"Ức gà áp chảo với rau cải thìa kiểu keto là món ăn ít tinh bột, giàu đạm và cung cấp nhiều vitamin từ rau xanh. Ức gà được áp chảo săn vàng, kết hợp cải thìa giòn ngọt, mang đến bữa ăn đơn giản, nhanh gọn nhưng vẫn chuẩn keto kiểu Việt.","Ức gà: 200g, Cải thìa: 150g, Bơ lạt: 10g, Tỏi băm: 5g, Dầu ôliu: 10ml, Nước mắm: 10ml, Muối: 2g, Tiêu: 1g, Đường ăn kiêng: 1g","Nồi hấp, Rây, Thau, Đũa, Vá","Sơ chế và rửa sạch ức gà và cải thìa, Ướp ức gà với muối tiêu và tỏi, Làm nóng chảo với dầu ôliu và áp chảo ức gà đến khi vàng đều, Xào cải thìa với bơ lạt và nước mắm cho thấm vị, Thêm đường ăn kiêng nếu muốn vị dịu, Trình bày ức gà cùng cải thìa ra dĩa và nêm lại cho vừa ăn",Keto / Low-carb,"Thuần chay (Vegan), Ăn chay (Vegetarian)"
thit-bo-xao-toi-voi-bi-ngoi-kieu-keto,Thịt bò xào tỏi với bí ngòi kiểu keto,Nam,main,dinner,62,30,easy,483,32,9,31,4,477,5,30000,50000,keto,Bò,"Ngọt, Mặn, Cay, Thơm, Béo, Đậm đà",0,1,https://cdn.tgdd.vn/2020/07/CookRecipe/Avatar/bi-ngoi-xao-thit-bo-thumbnail.jpg,"Thịt bò xào tỏi với bí ngòi kiểu keto là món ăn ít tinh bột, giàu đạm và chất béo tốt. Thịt bò mềm thơm kết hợp bí ngòi giòn ngọt, tạo nên bữa ăn nhanh gọn nhưng vẫn chuẩn keto kiểu Việt, phù hợp cho người ăn kiêng hoặc kiểm soát carb.","Thịt bò: 200g, Bí ngòi xanh: 150g, Tỏi băm: 8g, Dầu ôliu: 10ml, Muối: 2g, Tiêu: 1g, Nước mắm: 10ml, Bơ lạt: 10g, Đường ăn kiêng: 1g","Nồi, Thớt, Dao, Muỗng, Đũa, Tô","Sơ chế và rửa sạch thịt bò và bí ngòi, Ướp thịt bò với muối tiêu và tỏi, Làm nóng chảo với dầu ôliu rồi xào bò cho săn, Thêm bí ngòi và đảo đều đến khi chín vừa, Cho bơ lạt và nước mắm vào tạo độ bóng và đậm vị, Nêm lại với đường ăn kiêng và trình bày ra dĩa",Keto / Low-carb,"Thuần chay (Vegan), Ăn chay (Vegetarian)"
trung-ga-tron-salad-dau-oliu-voi-rau-cai-thia-kieu-keto,Trứng gà trộn salad dầu ôliu kiểu keto,Bắc,main,lunch,38,30,medium,492,31,9,44,6,809,4,35000,65000,keto,"Gà, Trứng","Mặn, Chua, Cay",1,1,https://img-global.cpcdn.com/recipes/7c02e0aa72b26c3d/240x320cq80/photo.jpg,"Trứng gà trộn salad dầu ôliu kiểu keto là món ăn nhẹ, ít tinh bột nhưng giàu đạm và chất béo tốt. Sự kết hợp giữa trứng luộc béo bùi và salad tươi mát, thêm dầu ôliu thơm ngậy tạo nên bữa ăn nhanh gọn, lành mạnh và phù hợp cho chế độ keto kiểu Việt.","Trứng gà: 2 quả , Xà lách: 40g, Rau mầm: 30g, Dưa leo: 50g, Cà chua bi: 50g, Dầu ôliu: 10ml, Muối: 1g, Tiêu: 1g, Giấm táo hoặc chanh: 5ml","Nồi hấp, Rây, Thau, Đũa, Vá","Luộc trứng và bóc vỏ, Sơ chế và rửa sạch xà lách rau mầm dưa leo và cà chua bi, Cắt nhỏ trứng và rau củ, Trộn với dầu ôliu muối tiêu và giấm táo, Điều chỉnh gia vị cho vừa ăn và trình bày ra dĩa",Keto / Low-carb,"Thuần chay (Vegan), Ăn chay (Vegetarian)"
thit-bo-ap-chao-bo-toi-voi-bong-cai-xanh-kieu-keto,Thịt bò xào với bông cải xanh kiểu keto,Trung,main,breakfast,62,30,easy,472,24,12,32,5,489,2,25000,65000,keto,"Bò, Bông cải","Ngọt, Mặn, Cay, Thơm, Béo, Đậm đà",1,1,https://i.ytimg.com/vi/srAB7chNNi4/hq720.jpg?sqp=-oaymwEhCK4FEIIDSFryq4qpAxMIARUAAAAAGAElAADIQj0AgKJD&rs=AOn4CLCa9gKJdZtJ5lYU3pJf55DKRXrlUw,"Thịt bò xào với bông cải xanh kiểu keto là món ăn ít tinh bột, giàu đạm và vitamin. Thịt bò mềm ngọt kết hợp bông cải xanh giòn nhẹ, tạo nên bữa ăn đơn giản nhưng bổ dưỡng, phù hợp cho chế độ ăn keto kiểu Việt và những ai muốn kiểm soát lượng carb hằng ngày.","Thịt bò: 200g, Bông cải xanh: 150g, Tỏi băm: 8g, Dầu ôliu: 10ml, Bơ lạt: 10g, Nước mắm: 10ml, Muối: 2g, Tiêu: 1g, Đường ăn kiêng: 1g","Nồi hấp, Rây, Thau, Đũa, Vá","Sơ chế và rửa sạch thịt bò và bông cải xanh, Ướp thịt bò với muối tiêu và tỏi, Làm nóng chảo với dầu ôliu rồi xào thịt bò cho săn lại, Cho bông cải xanh vào đảo đều đến khi chín vừa, Thêm bơ lạt nước mắm và đường ăn kiêng để tạo vị đậm đà, Nêm lại cho vừa ăn và trình bày ra dĩa",Keto / Low-carb,"Thuần chay (Vegan), Ăn chay (Vegetarian)"
nam-dong-co-xao-cai-thia,Nấm đông cô xào bông cải xanh,Nam,main,breakfast,42,30,easy,635,26,7,43,7,673,2,40000,70000,keto,"Dầu hào, Nước tương","Ngọt, Mặn, Cay, Thơm, Đậm đà",0,1,https://www.lemon8-app.com/seo/image?item_id=7225532812709954050&index=2&sign=c30432abb27680e539bb7ed9a7edccca,"Nấm đông cô xào bông cải xanh là món chay nhẹ nhàng, ít tinh bột, giàu chất xơ và vitamin. Vị ngọt thanh của nấm kết hợp độ giòn của bông cải xanh tạo nên món ăn đơn giản nhưng dinh dưỡng, phù hợp cho chế độ ăn keto hoặc eatclean kiểu Việt.","Nấm đông cô tươi: 150g, Bông cải xanh: 150g, Tỏi băm: 5g,  dầu dừa: 10ml, Muối: 2g, Tiêu: 1g, Nước mắm hoặc xì dầu ít carb: 10ml, Đường ăn kiêng: 1g","Chảo chống dính, Thớt, Dao, Muỗng, Dĩa","Sơ chế và rửa sạch nguyên liệu, Ướp Trứng gà với gia vị cơ bản, Làm nóng chảo và xào/áp chảo cùng nấm đông cô, Nêm lại cho vừa ăn và trình bày ra dĩa",Keto / Low-carb,
ca-thu-ap-chao-bo-toi-voi-bong-cai-xanh-kieu-keto,Cá thu áp chảo bơ tỏi với bí ngòi kiểu keto,Bắc,main,breakfast,42,30,medium,633,25,12,37,5,394,5,25000,65000,keto,"Cá, Bơ","Ngọt, Mặn, Cay, Thơm, Béo",2,1,https://img-global.cpcdn.com/recipes/d931864ab7eea2a7/680x781f0.5_0.514194_1.0q80/ca-thu-ap-ch%E1%BA%A3o-va-bi-ngoi-xao-b%C6%A1-t%E1%BB%8Fi-recipe-main-photo.jpg,"Cá thu áp chảo bơ tỏi với bí ngòi kiểu keto là món ăn ít tinh bột, giàu đạm và chất béo tốt. Cá thu thơm béo, áp chảo vàng giòn kết hợp bí ngòi giòn ngọt tạo nên bữa ăn nhẹ, đậm vị và rất phù hợp cho chế độ keto kiểu Việt.","Cá thu: 200g, Bí ngòi xanh: 150g, Bơ lạt: 12g, Tỏi băm: 5g, Dầu ôliu: 5ml, Muối: 2g, Tiêu: 1g, Nước mắm: 8ml, Đường ăn kiêng: 1g","Nồi hấp, Rây, Thau, Đũa, Vá","Sơ chế và rửa sạch cá thu và bí ngòi, Làm nóng chảo với dầu rồi áp chảo cá thu đến khi vàng đều hai mặt, Phi thơm tỏi với bơ và cho bí ngòi vào xào nhẹ, Nêm muối tiêu nước mắm và đường ăn kiêng, Cho cá thu vào chảo đảo đều cho thấm vị, Trình bày ra dĩa và thưởng thức",Keto / Low-carb,"Thuần chay (Vegan), Ăn chay (Vegetarian), Không sữa"
uc-ga-nam-dui-ga,Ức gà nướng với nấm đùi gà kiểu keto,Nam,main,lunch,60,30,easy,650,24,3,45,5,614,4,35000,65000,keto,"Bơ, Phô mai (nếu có)","Ngọt, Mặn, Cay, Thơm, Béo, Đậm đà",2,1,https://img-global.cpcdn.com/recipes/231958d2a88272e2/300x426cq80/%E1%BB%A9c-ga-va-n%E1%BA%A5m-dui-ga-n%C6%B0%E1%BB%9Bng-recipe-main-photo.webp,"Ức gà nướng với nấm đùi gà kiểu keto là món ăn ít tinh bột, giàu đạm và chất béo tốt. Thịt gà nướng thơm mềm kết hợp nấm đùi gà ngọt tự nhiên tạo nên bữa ăn đơn giản, nhẹ bụng nhưng vẫn đảm bảo chuẩn keto kiểu Việt.","Ức gà: 200g, Nấm đùi gà: 150g, Bơ lạt: 12g, Dầu ôliu: 10ml, Tỏi băm: 5g, Muối: 2g, Tiêu: 1g, Lá oregano hoặc hương thảo: 1g, Đường ăn kiêng: 1g","Chảo, Nồi, Đũa, Thớt, Dao, Chén","Sơ chế và rửa sạch ức gà và nấm đùi gà, Ướp ức gà với muối tiêu tỏi dầu ôliu và gia vị, Trộn nấm đùi gà với bơ lạt và ít muối, Làm nóng lò và xếp gà cùng nấm vào khay, Nướng đến khi gà chín vàng và nấm mềm ngọt, Nêm lại cho vừa ăn và trình bày ra dĩa",Keto / Low-carb,"Thuần chay (Vegan), Ăn chay (Vegetarian)"
canh-rau-cai-ca-thu,Canh rau cỏi non nấu cá thu,Trung,main,breakfast,22,70,easy,411,25,8,42,3,415,3,40000,60000,keto,"Cá thu, Nước mắm","Mặn, Cay, Thơm",0,1,https://img-global.cpcdn.com/recipes/cf47e46d9628658b/300x426cq80/canh-rau-c%E1%BA%A3i-non-n%E1%BA%A5u-ca-thu-recipe-main-photo.webp,"Canh rau cải non nấu cá thu là món ăn thanh nhẹ, ít tinh bột, giàu đạm và omega-3 tự nhiên từ cá thu. Nước canh ngọt dịu hòa cùng vị tươi của rau cải non tạo nên món ăn nhẹ bụng, phù hợp cho thực đơn lành mạnh hoặc keto kiểu Việt.","Cá thu: 200g, Rau cải non: 150g, Hành tím: 5g, Gừng lát: 5g, Nước mắm: 10ml, Muối: 1g, Tiêu: 1g, Nước lọc: 600ml","Chảo, Nồi, Đũa, Thớt, Dao, Chén","Sơ chế cá thu và rau cải non, Phi thơm hành tím với ít dầu rồi cho cá thu vào xào sơ, Thêm nước lọc gừng lát và nấu sôi, Cho rau cải non vào và nêm nước mắm muối tiêu, Nấu đến khi cải chín vừa và trình bày ra tô",Keto / Low-carb,"Thuần chay (Vegan), Ăn chay (Vegetarian)"
ca-hoi-xao-bo-toi-voi-rau-muong-kieu-keto,Cá hồi chiên bơ tỏi ,Nam,main,lunch,62,30,medium,606,32,6,28,4,306,3,40000,80000,keto,"Cá hồi, Bơ","Ngọt, Mặn, Chua, Cay, Thơm, Béo",1,1,https://cdn.tgdd.vn/2020/08/CookProduct/Untitled-1-1200x676-43.jpg,"Cá hồi chiên bơ tỏi là món ăn giàu đạm và chất béo omega-3 tốt cho sức khỏe. Cá hồi được chiên giòn nhẹ bên ngoài, mềm béo bên trong, hòa quyện cùng hương bơ tỏi thơm nồng, tạo nên món ăn đơn giản nhưng rất giàu dinh dưỡng và phù hợp với chế độ ăn keto kiểu Việt.","Cá hồi: 200g, Bơ lạt: 15g, Tỏi băm: 5g, Dầu ôliu: 5ml, Muối: 2g, Tiêu: 1g, Nước mắm: 5ml, Chanh: 1 lát, Đường ăn kiêng: 1g","Chảo, Nồi, Đũa, Thớt, Dao, Chén","Sơ chế và thấm khô cá hồi, Ướp cá hồi với muối tiêu và nước mắm, Làm nóng chảo với dầu rồi chiên cá hồi vàng đều hai mặt, Thêm bơ và tỏi vào chảo đảo cho dậy mùi, Rưới nước bơ tỏi lên cá và thêm lát chanh, Nêm lại nhẹ nếu cần và trình bày ra dĩa",Keto / Low-carb,"Thuần chay (Vegan), Ăn chay (Vegetarian), Không sữa"
uc-ga-xao-bo-toi-voi-rau-muong-kieu-keto,Ức gà xào bơ tỏi với rau muống,Bắc,main,dinner,40,30,medium,580,31,10,28,6,461,4,35000,75000,keto,"Gà, Bơ","Ngọt, Mặn, Cay, Thơm, Béo",2,1,https://img-global.cpcdn.com/recipes/22bff6cada1ed4c7/300x426f0.5_0.50125_1.0q80/%E1%BB%A9c-ga-xao-rau-mu%E1%BB%91ng-d%E1%BA%A7u-oliu-200kalo-recipe-main-photo.webp,"Ức gà xào bơ tỏi với rau muống kiểu keto là món ăn ít tinh bột, giàu đạm và chất béo tốt. Ức gà mềm săn kết hợp rau muống giòn xanh, thêm hương bơ tỏi đậm thơm tạo nên bữa ăn nhanh gọn, bổ dưỡng và phù hợp cho chế độ keto kiểu Việt.","Ức gà: 200g, Rau muống: 150g, Bơ lạt: 12g, Tỏi băm: 6g, Dầu ôliu: 5ml, Muối: 2g, Tiêu: 1g, Nước mắm: 8ml, Đường ăn kiêng: 1g","Nồi hấp, Rây, Thau, Đũa, Vá","Sơ chế và rửa sạch ức gà và rau muống, Cắt ức gà thành miếng và ướp với muối tiêu và tỏi, Làm nóng chảo và áp chảo ức gà đến khi săn lại, Thêm bơ lạt và cho rau muống vào xào chín giòn, Nêm nước mắm và đường ăn kiêng cho vừa vị, Đảo đều và trình bày ra dĩa",Keto / Low-carb,"Thuần chay (Vegan), Ăn chay (Vegetarian), Không sữa"
tom-nuong-lo-voi-bong-cai-xanh-kieu-keto,Tôm nướng lò với bông cải xanh kiểu keto,Trung,main,breakfast,48,30,medium,477,26,3,41,7,556,1,25000,45000,keto,"Tôm, Bơ","Ngọt, Mặn, Chua, Cay, Thơm, Béo",1,1,https://cdn.tgdd.vn/2021/06/CookRecipe/GalleryStep/thanh-pham-419.jpg,"Tôm nướng lò với bông cải xanh kiểu keto là món ăn ít tinh bột, giàu đạm và khoáng chất. Tôm nướng thơm ngọt kết hợp bông cải xanh giòn xanh tạo nên bữa ăn thanh nhẹ, bổ dưỡng nhưng vẫn chuẩn keto kiểu Việt, thích hợp cho bữa trưa hoặc tối.","Tôm tươi: 200g, Bông cải xanh: 150g, Dầu ôliu: 10ml, Bơ lạt: 10g, Tỏi băm: 5g, Muối: 2g, Tiêu: 1g, Chanh: 1 lát, Đường ăn kiêng: 1g","Nồi hấp, Rây, Thau, Đũa, Vá","Sơ chế tôm và rửa sạch bông cải xanh, Trộn tôm với dầu ôliu muối tiêu và tỏi, Trộn bông cải xanh với bơ lạt và ít muối, Làm nóng lò và xếp tôm cùng bông cải xanh vào khay, Nướng đến khi tôm chín đỏ và bông cải xanh mềm giòn, Thêm lát chanh và trình bày ra dĩa",Keto / Low-carb,"Thuần chay (Vegan), Ăn chay (Vegetarian)"
thit-bo-tron-salad-dau-oliu-voi-bong-cai-xanh-kieu-keto,Thịt bò trộn salad dầu ôliu ,Trung,main,breakfast,38,30,easy,592,28,5,40,7,398,4,25000,65000,keto,Tôm,"Mặn, Chua, Cay, Đậm đà",1,1,https://cdn.tgdd.vn/2020/11/CookProduct/Screenshotter--YouTube-6ThaiDinnersYouCanMakeAtHomeQuarantineCookingStayHomeWithMeMarionsKitchen-5%E2%80%9911%E2%80%9D-1200x676.jpg,"Thịt bò trộn salad dầu ôliu là món ăn ít tinh bột, giàu đạm và chất xơ từ rau xanh. Thịt bò áp chảo mềm thơm kết hợp dầu ôliu béo nhẹ tạo nên món salad chuẩn keto kiểu Việt, thanh mát nhưng vẫn đủ dưỡng chất cho một bữa ăn lành mạnh.","Thịt bò: 200g, Xà lách: 50g, Rau mầm: 30g, Cà chua bi: 50g, Dưa leo: 50g, Dầu ôliu: 12ml, Muối: 2g, Tiêu: 1g, Giấm táo hoặc chanh: 5ml","Nồi hấp, Rây, Thau, Đũa, Vá","Sơ chế thịt bò và rau salad, Áp chảo bò đến khi chín vừa rồi thái lát, Trộn xà lách rau mầm dưa leo và cà chua bi, Thêm thịt bò lên trên và rưới dầu ôliu giấm táo muối tiêu, Trộn nhẹ tay và trình bày ra dĩa",Keto / Low-carb,"Thuần chay (Vegan), Ăn chay (Vegetarian)"
thit-ba-roi-nuong-lo-voi-rau-can-kieu-keto,Thịt ba rọi cuộn rau cần nướng,Bắc,main,dinner,50,30,medium,562,27,6,31,7,585,4,30000,50000,keto,,"Ngọt, Mặn, Cay, Thơm, Đậm đà",1,1,https://baokhanhhoa.vn/file/e7837c02857c8ca30185a8c39b582c03/dataimages/201509/original/images1095458_Baroi.jpg,"Thịt ba rọi cuộn rau cần nướng là món ăn đậm đà, ít tinh bột và giàu chất béo tốt. Thịt ba rọi béo mềm được cuộn cùng rau cần thanh mát, nướng lên thơm lừng giúp món ăn giữ được vị ngọt tự nhiên mà vẫn phù hợp với chế độ ăn keto kiểu Việt.","Thịt ba rọi: 200g, Rau cần: 100g, Dầu ôliu: 10ml, Tỏi băm: 5g, Muối: 2g, Tiêu: 1g, Nước mắm: 8ml, Đường ăn kiêng: 1g","Nồi hấp, Rây, Thau, Đũa, Vá","Sơ chế và rửa sạch thịt ba rọi và rau cần, Cắt thịt thành dải mỏng và ướp với muối tiêu tỏi và nước mắm, Cuộn thịt với rau cần rồi cố định, Làm nóng lò và xếp các cuộn vào khay, Nướng đến khi thịt vàng thơm và rau cần chín mềm, Rưới dầu ôliu nhẹ và trình bày ra dĩa",Keto / Low-carb,"Thuần chay (Vegan), Ăn chay (Vegetarian)"
ca-hoi-sot-cam,Cá hồi sốt cam,Bắc,main,breakfast,47,35,medium,575,23,6,42,7,832,4,30000,50000,keto,"Cá hồi, Bơ","Ngọt, Mặn, Cay, Thơm, Béo",0,1,https://img-global.cpcdn.com/recipes/6963c65c4698483d/300x426cq80/ca-h%E1%BB%93i-s%E1%BB%91t-cam-recipe-main-photo.webp,"Cá hồi sốt cam là món ăn thanh nhẹ, giàu omega-3 và vitamin. Thịt cá hồi béo mềm kết hợp vị chua ngọt tự nhiên của cam tạo nên món ăn hài hòa, dễ ăn và tốt cho sức khỏe. Món này phù hợp cho thực đơn lành mạnh hoặc biến tấu theo phong cách keto khi giảm tối đa lượng đường.","Cá hồi: 200g, Nước cam vắt: 40ml, Cam cắt lát: 2 lát, Bơ lạt: 10g, Tỏi băm: 5g, Muối: 2g, Tiêu: 1g, Đường ăn kiêng: 1–2g, Nước mắm: 5ml","Nồi, Thớt, Dao, Muỗng, Đũa, Tô","Sơ chế và thấm khô cá hồi, Ướp cá với muối tiêu và ít nước mắm, Áp chảo cá hồi vàng đều hai mặt, Phi thơm tỏi với bơ rồi cho nước cam và đường ăn kiêng vào, Đun sệt nhẹ thành sốt và cho cá hồi vào áo đều, Thêm lát cam và trình bày ra dĩa",Keto / Low-carb,"Thuần chay (Vegan), Ăn chay (Vegetarian)"
tom-rim-nuoc-mam-voi-bong-cai-xanh-kieu-keto,Tôm rim nước mắm với bông cải xanh kiểu keto,Trung,main,dinner,32,67,easy,538,25,3,29,6,460,3,25000,55000,keto,"Tôm, Nước mắm","Ngọt, Mặn, Cay, Thơm",2,1,https://doiduavang.vn/wp-content/uploads/2022/01/cach-lam-tom-chua-ngot-xao-bong-cai-xanh.jpg,"Tôm rim nước mắm với bông cải xanh kiểu keto là món ăn ít tinh bột, giàu đạm và khoáng chất. Tôm rim đậm vị nước mắm hòa với bông cải xanh giòn ngọt tạo nên bữa ăn vừa đưa cơm vừa phù hợp cho người theo chế độ keto kiểu Việt.","Tôm tươi: 200g, Bông cải xanh: 150g, Nước mắm: 10ml, Tỏi băm: 5g, Dầu ôliu: 10ml, Muối: 1g, Tiêu: 1g, Đường ăn kiêng: 1–2g","Nồi hấp, Rây, Thau, Đũa, Vá","Sơ chế và rửa sạch tôm và bông cải xanh, Phi thơm tỏi với dầu rồi cho tôm vào xào đến khi săn, Thêm nước mắm và đường ăn kiêng rim đến khi thấm đậm vị, Cho bông cải xanh vào đảo đều đến khi chín giòn, Nêm muối tiêu cho vừa ăn và trình bày ra dĩa",Keto / Low-carb,"Thuần chay (Vegan), Ăn chay (Vegetarian)"
salad-ngu-sac,Salad ngũ sắc trộn dầu ôliu,Bắc,main,dinner,45,30,medium,506,26,5,34,7,455,4,40000,70000,keto,,"Mặn, Chua, Cay",2,1,https://img-global.cpcdn.com/recipes/0bcfdd7ca255a976/1200x630cq80/photo.jpg,"Salad ngũ sắc trộn dầu ôliu là món ăn tươi mát, ít tinh bột nhưng giàu vitamin và chất xơ. Sự kết hợp của nhiều loại rau củ đầy màu sắc giúp món ăn bắt mắt, giàu dinh dưỡng và rất phù hợp cho chế độ ăn lành mạnh hoặc keto kiểu Việt.","Xà lách: 40g, Cà rốt: 40g, Bắp cải tím: 40g, Dưa leo: 40g, Cà chua bi: 50g, Rau mầm: 30g, Dầu ôliu: 12ml, Muối: 1g, Tiêu: 1g, Giấm táo hoặc chanh: 5ml","Nồi, Thớt, Dao, Muỗng, Đũa, Tô","Sơ chế và rửa sạch tất cả rau củ, Cắt nhỏ hoặc bào sợi cà rốt bắp cải tím và dưa leo, Trộn xà lách rau mầm và cà chua bi trong tô lớn, Rưới dầu ôliu giấm táo muối và tiêu, Trộn đều nhẹ tay và trình bày ra dĩa",Keto / Low-carb,
tom-tron-salad-dau-oliu-voi-bong-cai-xanh-kieu-keto,Tôm trộn salad dầu ôliu với bông cải xanh kiểu keto,Bắc,main,breakfast,38,30,medium,437,27,3,30,4,323,5,40000,80000,keto,"Tôm, Bông cải","Mặn, Chua, Cay",1,1,https://www.lemon8-app.com/seo/image?item_id=7225579607859282433&index=1&sign=2f54336449e24a8236efd39954717b0e,"Tôm trộn salad dầu ôliu với bông cải xanh kiểu keto là món ăn thanh mát, ít tinh bột, giàu đạm và chất béo tốt. Tôm luộc hoặc áp chảo kết hợp bông cải xanh và rau xanh tươi giòn giúp món salad vừa bổ dưỡng vừa phù hợp cho chế độ ăn keto kiểu Việt.","Tôm tươi: 200g, Bông cải xanh: 120g, Xà lách: 40g, Cà chua bi: 50g, Dầu ôliu: 12ml, Muối: 1g, Tiêu: 1g, Giấm táo hoặc chanh: 5ml","Chảo chống dính, Thớt, Dao, Muỗng, Dĩa","Sơ chế tôm và bông cải xanh, Luộc hoặc áp chảo tôm đến khi chín, Chần bông cải xanh cho giòn xanh, Trộn tôm với xà lách và cà chua bi, Rưới dầu ôliu giấm táo muối và tiêu, Trộn đều nhẹ tay và trình bày ra dĩa",Keto / Low-carb,"Thuần chay (Vegan), Ăn chay (Vegetarian)"
ca-thu-sot-ca,Cá thu sốt cà,Nam,main,lunch,37,70,medium,596,22,4,29,7,618,5,35000,55000,keto,"Cá thu, Nước mắm","Ngọt, Mặn, Cay, Thơm",0,1,https://barona.vn/storage/meo-vat/112/ca-thu-sot-ca-chua.jpg,"Cá thu sốt cà là món ăn đậm đà, dễ ăn với vị chua ngọt hài hòa từ cà chua. Cá thu béo mềm thấm đều sốt cà giúp món ăn trở nên hấp dẫn, phù hợp cho thực đơn lành mạnh hoặc điều chỉnh lại để phù hợp với chế độ ăn ít tinh bột/keto kiểu Việt.","Cá thu: 200g, Cà chua: 150g, Hành tím: 5g, Tỏi băm: 5g, Dầu ôliu: 10ml, Nước mắm: 10ml, Muối: 1g, Tiêu: 1g, Đường ăn kiêng: 1–2g, Nước lọc: 30ml","Nồi hấp, Rây, Thau, Đũa, Vá","Sơ chế và rửa sạch cá thu và cà chua, Áp chảo cá thu đến khi vàng hai mặt, Phi thơm hành tỏi rồi cho cà chua vào đảo đến khi mềm, Thêm nước mắm muối tiêu đường ăn kiêng và nước lọc tạo sốt, Cho cá thu vào rim đến khi thấm đậm vị, Trình bày ra dĩa và thưởng thức",Keto / Low-carb,"Thuần chay (Vegan), Ăn chay (Vegetarian)"
ca-hoi-xao-voi-rau-cai-thia-kieu-keto,Cá hồi xào với rau cải thìa kiểu keto,Nam,main,breakfast,45,30,easy,573,30,9,26,4,505,5,40000,70000,keto,Cá,"Ngọt, Mặn, Cay, Thơm, Béo",0,1,https://cakholangvudai.com/wp-content/uploads/2015/01/ca-hoi-xao-cai-thia.jpg,"Cá hồi xào với rau cải thìa kiểu keto là món ăn ít tinh bột, giàu omega-3 và vitamin. Cá hồi mềm béo kết hợp cải thìa giòn ngọt giúp món ăn thanh nhẹ nhưng đầy đủ dinh dưỡng, rất phù hợp cho chế độ ăn keto kiểu Việt.","Cá hồi: 200g, Cải thìa: 150g, Tỏi băm: 5g, Dầu ôliu: 10ml, Bơ lạt: 10g, Muối: 2g, Tiêu: 1g, Nước mắm: 8ml, Đường ăn kiêng: 1g","Nồi, Thớt, Dao, Muỗng, Đũa, Tô","Sơ chế và cắt cá hồi cải thìa, Phi thơm tỏi với dầu rồi cho cá hồi vào đảo nhẹ đến khi săn, Thêm cải thìa vào xào cùng đến khi chín giòn, Nêm nước mắm muối tiêu và đường ăn kiêng, Thêm bơ để tạo độ béo và trộn đều, Trình bày ra dĩa và thưởng thức",Keto / Low-carb,"Thuần chay (Vegan), Ăn chay (Vegetarian)"
thit-ba-roi-ap-chao-bo-toi-voi-bi-ngoi-kieu-keto,Thịt ba rọi áp chảo bơ tỏi với bí ngòi kiểu keto,Nam,main,dinner,42,30,easy,621,27,12,42,5,885,2,30000,50000,keto,Bơ,"Ngọt, Mặn, Cay, Thơm, Béo, Đậm đà",1,1,https://www.lemon8-app.com/seo/image?item_id=7223311672725848577&index=4&sign=b2370ee19ab2d9b9ba0ee122cbcf3996,"Thịt ba rọi áp chảo bơ tỏi với bí ngòi kiểu keto là món ăn đậm đà, ít tinh bột và giàu chất béo tốt. Thịt ba rọi được áp chảo vàng giòn, hòa quyện cùng bí ngòi giòn ngọt và hương bơ tỏi thơm lừng, tạo nên món ăn chuẩn keto nhưng vẫn mang phong vị Việt.","Thịt ba rọi: 200g, Bí ngòi xanh: 150g, Bơ lạt: 12g, Tỏi băm: 6g, Dầu ôliu: 5ml, Muối: 2g, Tiêu: 1g, Nước mắm: 8ml, Đường ăn kiêng: 1g","Nồi, Thớt, Dao, Muỗng, Đũa, Tô","Sơ chế và cắt thịt ba rọi và bí ngòi, Áp chảo thịt ba rọi đến khi vàng giòn và ra bớt mỡ, Phi thơm tỏi với bơ rồi cho bí ngòi vào xào đến khi chín vừa, Thêm thịt ba rọi vào đảo đều, Nêm nước mắm muối tiêu và đường ăn kiêng, Trình bày ra dĩa và thưởng thức",Keto / Low-carb,"Thuần chay (Vegan), Ăn chay (Vegetarian), Không sữa"
tom-xao-toi-voi-nam-dui-ga-kieu-keto,Tôm xào tỏi với nấm đùi gà kiểu keto,Bắc,main,dinner,40,30,medium,573,29,11,35,6,840,2,30000,70000,keto,"Tôm, Gà, Nấm","Ngọt, Mặn, Cay, Thơm, Béo, Đậm đà",0,1,https://happyfood.vn/wp-content/uploads/2023/01/efedfefg.png,"Tôm xào tỏi với nấm đùi gà kiểu keto là món ăn ít tinh bột, giàu đạm và hương vị tự nhiên. Tôm tươi ngọt kết hợp nấm đùi gà giòn mềm, hòa cùng mùi tỏi phi thơm lừng giúp món ăn đơn giản nhưng rất bổ dưỡng, phù hợp cho chế độ ăn keto kiểu Việt.","Tôm tươi: 200g, Nấm đùi gà: 150g, Tỏi băm: 6g, Dầu ôliu: 10ml, Bơ lạt: 8g, Muối: 2g, Tiêu: 1g, Nước mắm: 8ml, Đường ăn kiêng: 1g","Chảo, Nồi, Đũa, Thớt, Dao, Chén","Sơ chế và rửa sạch tôm và nấm đùi gà, Cắt nấm thành miếng vừa ăn, Phi thơm tỏi với dầu rồi cho tôm vào xào đến khi săn, Thêm nấm và xào đến khi mềm, Nêm nước mắm muối tiêu và đường ăn kiêng, Thêm bơ cho dậy mùi và trình bày ra dĩa",Keto / Low-carb,"Thuần chay (Vegan), Ăn chay (Vegetarian)"
uc-ga-ap-chao-voi-mang-tay-kieu-keto,Ức gà áp chảo với măng tây kiểu keto,Trung,main,lunch,50,30,easy,427,30,11,27,5,780,5,35000,65000,keto,Gà,"Ngọt, Mặn, Cay, Thơm, Béo",2,1,https://img-global.cpcdn.com/recipes/c0ce55468fd62513/1200x630cq80/photo.jpg,"Ức gà áp chảo với măng tây kiểu keto là món ăn ít tinh bột, giàu đạm và vitamin. Ức gà mềm săn kết hợp măng tây giòn ngọt, thêm chút bơ tỏi thơm lừng tạo nên một bữa ăn thanh nhẹ nhưng đầy đủ dinh dưỡng, phù hợp cho chế độ keto kiểu Việt.","Ức gà: 200g, Măng tây: 150g, Bơ lạt: 10g, Dầu ôliu: 5ml, Tỏi băm: 5g, Muối: 2g, Tiêu: 1g, Nước mắm: 8ml, Đường ăn kiêng: 1g","Nồi, Thớt, Dao, Muỗng, Đũa, Tô","Sơ chế và cắt ức gà và măng tây, Ướp gà với muối tiêu tỏi và nước mắm, Áp chảo gà với dầu ôliu đến khi vàng đều, Xào măng tây với bơ đến khi chín giòn, Trộn gà và măng tây lại với nhau và nêm đường ăn kiêng, Trình bày ra dĩa và thưởng thức",Keto / Low-carb,"Thuần chay (Vegan), Ăn chay (Vegetarian)"
uc-ga-rim-nuoc-mam,Ức gà rim nước mắm,Trung,main,dinner,42,70,medium,542,32,6,43,3,685,3,30000,70000,keto,"Nước mắm, Bơ (nếu kiểu Keto)","Ngọt, Mặn, Cay, Thơm, Béo",2,1,https://cdn.tgdd.vn/Files/2020/04/29/1252562/cach-lam-mon-uc-ga-chien-nuoc-mam-cay-man-thom-ng-7.jpg,"Ức gà rim nước mắm kiểu keto là món ăn đơn giản, đậm đà, ít tinh bột và giàu đạm. Ức gà được rim nhẹ với nước mắm và gia vị làm dậy lên hương vị đặc trưng, phù hợp cho thực đơn keto kiểu Việt vừa ngon miệng vừa dễ chế biến.","Ức gà: 200g, Nước mắm: 10ml, Tỏi băm: 5g, Dầu ôliu hoặc bơ lạt: 10ml, Muối: 1g, Tiêu: 1g, Đường ăn kiêng: 2g, Nước lọc: 20ml","Chảo chống dính, Thớt, Dao, Muỗng, Dĩa","Sơ chế và cắt ức gà thành miếng vừa ăn, Ướp gà với nước mắm muối tiêu và tỏi, Làm nóng chảo với dầu và áp chảo gà đến khi săn, Thêm nước lọc và đường ăn kiêng rồi rim lửa nhỏ đến khi sệt lại, Nêm lại cho vừa ăn và trình bày ra dĩa",Keto / Low-carb,"Thuần chay (Vegan), Ăn chay (Vegetarian)"
tom-ap-chao-sot-bo-voi-dua-chuot,Tôm áp chảo sốt bơ với dưa chuột,Bắc,main,breakfast,38,30,medium,633,22,10,26,7,830,2,25000,65000,keto,"Tôm, Bơ","Ngọt, Mặn, Cay, Thơm, Béo",2,1,https://s1.media.ngoisao.vn/news/2021/04/08/tomap-chao-sot-bo-duachuot-ngoisaovb-4-ngoisaovn-w2048-h1470.jpg,"Tôm áp chảo sốt bơ với dưa chuột là món ăn thanh nhẹ, ít tinh bột nhưng giàu đạm. Tôm áp chảo thơm ngọt quyện cùng sốt bơ béo nhẹ và dưa chuột giòn mát giúp món ăn vừa đậm đà vừa tươi mát, rất phù hợp cho chế độ ăn keto kiểu Việt.","Tôm tươi: 200g, Dưa chuột: 100g, Bơ lạt: 12g, Tỏi băm: 5g, Dầu ôliu: 5ml, Muối: 2g, Tiêu: 1g, Nước mắm: 5ml, Đường ăn kiêng: 1g","Nồi hấp, Rây, Thau, Đũa, Vá","Sơ chế và rửa sạch tôm và dưa chuột, Làm nóng chảo và áp chảo tôm đến khi chín đỏ, Phi thơm tỏi với bơ rồi cho dưa chuột cắt lát vào đảo nhanh, Cho tôm trở lại chảo và nêm muối tiêu nước mắm và đường ăn kiêng, Trộn đều cho thấm vị và trình bày ra dĩa",Keto / Low-carb,"Thuần chay (Vegan), Ăn chay (Vegetarian), Không sữa"
bi-ngoi-xao-thit-heo,Bí ngòi xào thịt heo,Trung,main,dinner,50,30,easy,638,25,7,31,4,832,3,25000,55000,keto,"Nước mắm, Bơ (nếu kiểu Keto)","Ngọt, Mặn, Cay, Thơm, Béo, Đậm đà",1,1,https://storage.googleapis.com/onelife-public/blog.onelife.vn/2021/11/cach-lam-bi-ngoi-xao-thit-heo-mon-chinh-930184604839.jpg,"Bí ngòi xào thịt heo keto là món ăn ít tinh bột, giàu đạm và chất béo tốt. Thịt heo mềm béo kết hợp bí ngòi giòn ngọt tạo nên món ăn đơn giản, dễ làm nhưng vẫn phù hợp với chế độ keto kiểu Việt và thực đơn giảm carb.","Thịt heo: 200g, Bí ngòi xanh: 150g, Tỏi băm: 5g, Dầu ôliu: 10ml, Bơ lạt: 8g, Nước mắm: 8ml, Muối: 2g, Tiêu: 1g, Đường ăn kiêng: 1g","Chảo chống dính, Thớt, Dao, Muỗng, Dĩa","Sơ chế thịt heo và bí ngòi, Cắt thịt heo và ướp với muối tiêu tỏi và nước mắm, Làm nóng chảo rồi xào thịt đến khi săn, Thêm bí ngòi vào đảo đều đến khi chín vừa, Thêm bơ và đường ăn kiêng tạo độ béo và vị đậm đà, Trình bày ra dĩa và thưởng thức",Keto / Low-carb,"Thuần chay (Vegan), Ăn chay (Vegetarian)"
thit-ba-roi-xao-voi-bong-cai-xanh-kieu-keto,Thịt ba rọi xào với bông cải xanh kiểu keto,Nam,main,lunch,22,39,medium,569,33,3,34,7,841,5,40000,60000,keto,Bông cải,"Ngọt, Mặn, Cay, Thơm, Đậm đà",2,1,https://i.ytimg.com/vi/RAYOhqg1Uis/hq720.jpg?sqp=-oaymwEhCK4FEIIDSFryq4qpAxMIARUAAAAAGAElAADIQj0AgKJD&rs=AOn4CLBHzS1AftWj8jscVpPdF7_QaCC_CA,"Thịt ba rọi xào với bông cải xanh kiểu keto là món ăn đậm đà, ít tinh bột và giàu chất béo tốt. Thịt ba rọi béo mềm hòa quyện cùng bông cải xanh giòn ngọt tạo nên món ăn đơn giản nhưng vô cùng đưa cơm, phù hợp với chế độ keto kiểu Việt.","Thịt ba rọi: 200g, Bông cải xanh: 150g, Tỏi băm: 6g, Dầu ôliu: 10ml, Nước mắm: 8ml, Muối: 2g, Tiêu: 1g, Đường ăn kiêng: 1g","Nồi hấp, Rây, Thau, Đũa, Vá","Sơ chế và cắt thịt ba rọi và bông cải xanh, Áp chảo thịt ba rọi đến khi săn và ra bớt mỡ, Thêm tỏi vào phi thơm rồi cho bông cải xanh vào xào, Nêm nước mắm muối tiêu và đường ăn kiêng, Xào đến khi chín vừa và trình bày ra dĩa",Keto / Low-carb,"Thuần chay (Vegan), Ăn chay (Vegetarian)"
salad-ga-xe,Salad gà xé ,Trung,main,breakfast,38,30,medium,422,24,7,40,4,655,3,40000,60000,keto,Gà,"Mặn, Chua, Cay",0,1,https://drinkocany.com/wp-content/uploads/2023/06/salad-ga-xe-0.jpg,"Salad gà xé là món ăn thanh nhẹ, ít tinh bột nhưng giàu đạm và chất xơ. Ức gà được luộc hoặc áp chảo rồi xé nhỏ, trộn cùng rau xanh và dầu ôliu tạo nên món salad tươi mát, dễ ăn và phù hợp cho chế độ keto hoặc eatclean kiểu Việt.","Ức gà luộc/xé: 150g, Xà lách: 40g, Rau mầm: 30g, Cà chua bi: 50g, Dưa leo: 50g, Dầu ôliu: 12ml, Muối: 1g, Tiêu: 1g, Giấm táo hoặc chanh: 5ml","Chảo, Nồi, Đũa, Thớt, Dao, Chén","Luộc hoặc áp chảo ức gà rồi xé nhỏ, Sơ chế và rửa sạch các loại rau salad, Trộn xà lách rau mầm cà chua bi và dưa leo trong tô lớn, Thêm gà xé lên trên và rưới dầu ôliu giấm muối tiêu, Trộn đều nhẹ tay và trình bày ra dĩa",Keto / Low-carb,"Thuần chay (Vegan), Ăn chay (Vegetarian)"
uc-ga-tron-salad-dau-oliu-voi-mang-tay-kieu-keto,Ức gà trộn salad dầu ôliu với măng tây kiểu keto,Nam,main,lunch,42,30,medium,468,35,5,34,5,431,3,25000,45000,keto,Gà,"Mặn, Cay, Thơm, Béo",0,1,https://core.afg.vn/uploads/images/Nguy%C3%AAn-li%E1%BB%87u-c%E1%BA%A7n-chu%E1%BA%A9n-b%E1%BB%8B-%C4%91%E1%BB%83-l%C3%A0m-salad-%E1%BB%A9c-g%C3%A0.jpg,"Ức gà trộn salad dầu ôliu với măng tây kiểu keto là món ăn ít tinh bột, nhiều đạm và chất béo tốt, phù hợp cho chế độ keto kiểu Việt.","Ức gà: 200g, măng tây: 150g, Bơ lạt: 20g, Tỏi băm: 10g, Nước mắm: 10ml, Muối: 3g, Tiêu: 2g, Dầu ôliu: 10ml","Chảo, Nồi, Đũa, Thớt, Dao, Chén","Sơ chế và rửa sạch nguyên liệu, Ướp Ức gà với gia vị cơ bản, Làm nóng chảo và xào/áp chảo cùng măng tây, Nêm lại cho vừa ăn và trình bày ra dĩa",Keto / Low-carb,"Thuần chay (Vegan), Ăn chay (Vegetarian)"
trung-ga-tron-salad-dau-oliu-voi-mang-tay-kieu-keto,Trứng gà trộn salad dầu ôliu kiểu keto,Trung,main,dinner,38,30,easy,612,28,4,45,3,652,2,35000,75000,keto,"Gà, Trứng","Mặn, Chua, Cay",0,1,https://img-global.cpcdn.com/recipes/c32afdd9f367a10f/1200x630cq80/photo.jpg,"Trứng gà trộn salad dầu ôliu kiểu keto là món ăn nhẹ, ít tinh bột nhưng giàu đạm và chất béo tốt. Trứng luộc béo bùi kết hợp rau xanh tươi mát và dầu ôliu thơm nhẹ giúp món ăn thanh lành, đơn giản và phù hợp cho thực đơn keto kiểu Việt.","Trứng gà: 2 quả (100g), Xà lách: 40g, Rau mầm: 30g, Dưa leo: 50g, Cà chua bi: 50g, Dầu ôliu: 12ml, Muối: 1g, Tiêu: 1g, Giấm táo hoặc chanh: 5ml","Nồi, Thớt, Dao, Muỗng, Đũa, Tô","Luộc trứng và bóc vỏ rồi cắt nhỏ, Sơ chế và rửa sạch rau xanh, Trộn xà lách rau mầm dưa leo và cà chua bi trong tô, Thêm trứng vào và rưới dầu ôliu giấm muối tiêu, Trộn đều nhẹ tay và trình bày ra dĩa",Keto / Low-carb,"Thuần chay (Vegan), Ăn chay (Vegetarian)"
nam-dui-ga-kho-tieu-xanh,Nấm đùi gà kho với tiêu xanh,Bắc,main,lunch,27,70,medium,457,28,8,25,3,773,2,30000,50000,keto,"Nước mắm, Nước tương","Ngọt, Mặn, Cay, Thơm, Đậm đà",1,1,https://i.ytimg.com/vi/OROl9lYKMCo/hq720.jpg?sqp=-oaymwEhCK4FEIIDSFryq4qpAxMIARUAAAAAGAElAADIQj0AgKJD&rs=AOn4CLB0PJiS1wV88h_tAz6zSBQh8lCytQ,"Nấm đùi gà kho với tiêu xanh kiểu keto là món ăn ít tinh bột, giàu chất xơ và hương vị đậm đà. Nấm đùi gà thấm vị kho mặn nhẹ kết hợp tiêu xanh cay nồng tạo nên món chay keto thơm ngon, phù hợp cho bữa ăn thanh đạm nhưng vẫn đủ dinh dưỡng.","Nấm đùi gà: 200g, Tiêu xanh: 8g, Tỏi băm: 5g, Hành tím: 5g, Dầu ôliu hoặc dầu dừa: 10ml, Nước mắm hoặc xì dầu ít carb: 10ml, Muối: 1g, Đường ăn kiêng: 1–2g, Nước lọc: 40ml","Nồi, Thớt, Dao, Muỗng, Đũa, Tô","Sơ chế và cắt nấm đùi gà thành miếng, Phi thơm tỏi và hành tím với dầu, Cho nấm vào xào đến khi săn và ra nước, Thêm tiêu xanh nước mắm và đường ăn kiêng rồi kho lửa nhỏ, Thêm nước lọc và kho đến khi sệt lại, Nêm lại cho vừa ăn và trình bày ra dĩa",Keto / Low-carb,"Thuần chay (Vegan), Ăn chay (Vegetarian)"
ca-thu-kho-tieu-xanh-voi-cai-xanh-kieu-keto,Cá thu kho tiêu xanh với cải xanh kiểu keto,Trung,main,breakfast,42,30,easy,416,27,10,42,7,462,5,30000,70000,keto,Cá,"Mặn, Cay, Thơm, Béo",1,1,https://i.ytimg.com/vi/dLuLDi_1UxY/hq720.jpg?rs=AOn4CLCCVY80i7NUmQP2VCQnjmf5M2x5Qg&sqp=-oaymwEhCK4FEIIDSFryq4qpAxMIARUAAAAAGAElAADIQj0AgKJD&utm_source=chatgpt.com,"Cá thu kho tiêu xanh với cải xanh kiểu keto là món ăn ít tinh bột, nhiều đạm và chất béo tốt, phù hợp cho chế độ keto kiểu Việt.","Cá thu: 200g, cải xanh: 150g, Bơ lạt: 20g, Tỏi băm: 10g, Nước mắm: 10ml, Muối: 3g, Tiêu xanh: 5-10g, Dầu ôliu: 10ml","Nồi (hoặc chảo sâu lòng), Đũa, Thớt, Dao, Muỗng / thìa, Chén.","Sơ chế và rửa sạch nguyên liệu, Ướp Cá thu với gia vị cơ bản, Làm nóng chảo và xào/áp chảo cùng cải xanh, Nêm lại cho vừa ăn và trình bày ra dĩa",Keto / Low-carb,"Thuần chay (Vegan), Ăn chay (Vegetarian)"
trung-ga-rim-nuoc-mam-voi-rau-cai-thia-kieu-keto,Trứng gà rim nước mắm với rau cải thìa kiểu keto,Bắc,main,breakfast,42,30,easy,503,30,4,35,5,632,4,25000,65000,keto,"Gà, Trứng","Mặn, Cay, Thơm, Béo",1,1,https://i.ytimg.com/vi/IGMuqHiKEVU/hq720.jpg?rs=AOn4CLC66oSbg4WF0dpj4AQGE_IGTqBqgQ&sqp=-oaymwEhCK4FEIIDSFryq4qpAxMIARUAAAAAGAElAADIQj0AgKJD,"Trứng gà rim nước mắm với rau cải thìa kiểu keto là món ăn ít tinh bột, nhiều đạm và chất béo tốt, phù hợp cho chế độ keto kiểu Việt.","Trứng gà: 200g, rau cải thìa: 150g, Bơ lạt: 20g, Tỏi băm: 10g, Nước mắm: 10ml, Muối: 2-3g, Tiêu: 2g, Dầu ôliu: 10ml","Chảo, Nồi, Đũa, Thớt, Dao, Chén, Muỗng / thìa.","Sơ chế và rửa sạch nguyên liệu, Ướp Trứng gà với gia vị cơ bản, Làm nóng chảo và xào/áp chảo cùng rau cải thìa, Nêm lại cho vừa ăn và trình bày ra dĩa",Keto / Low-carb,"Thuần chay (Vegan), Ăn chay (Vegetarian)"
uc-ga-xao-toi-voi-rau-muong-kieu-keto,Ức gà xào tỏi với rau muống kiểu keto,Trung,main,breakfast,42,30,medium,399,29,11,38,4,891,2,35000,55000,keto,Gà,"Mặn, Cay, Thơm, Béo",1,1,https://img-global.cpcdn.com/recipes/22bff6cada1ed4c7/680x781f0.5_0.50125_1.0q80/%E1%BB%A9c-ga-xao-rau-mu%E1%BB%91ng-d%E1%BA%A7u-oliu-200kalo-recipe-main-photo.jpg,"Ức gà xào tỏi với rau muống kiểu keto là món ăn ít tinh bột, nhiều đạm và chất béo tốt, phù hợp cho chế độ keto kiểu Việt.","Ức gà: 200g, rau muống: 150g, Bơ lạt: 20g, Tỏi băm: 10g, Nước mắm: 10ml, Muối: 2-3g, Tiêu: 2g, Dầu ôliu: 10ml","Chảo (hoặc nồi), Thớt, Dao, Muỗng, Đũa, Tô","Sơ chế và rửa sạch nguyên liệu, Ướp Ức gà với gia vị cơ bản, Làm nóng chảo và xào/áp chảo cùng rau muống, Nêm lại cho vừa ăn và trình bày ra dĩa",Keto / Low-carb,"Thuần chay (Vegan), Ăn chay (Vegetarian)"
luon-ga-ap-chao,Lườn gà áp chảo ,Nam,main,dinner,52,30,medium,649,34,7,29,7,733,5,30000,50000,keto,Gà,"Mặn, Cay, Đậm đà",0,1,https://cdn2.fptshop.com.vn/unsafe/Uploads/images/tin-tuc/160525/Originals/uc-ga-ap-chao-2.jpg,"Lườn gà áp chảo keto là món ăn đơn giản, ít tinh bột nhưng giàu đạm và chất béo tốt. Lườn gà được áp chảo vàng thơm, giữ được độ mềm ẩm tự nhiên, phù hợp cho thực đơn keto kiểu Việt và những ai muốn ăn nhẹ nhưng vẫn đủ dinh dưỡng.","Thăn gà: 200g, Nấm tươi: 120g, Dưa chuột: 60g, Súp lơ xanh: 120g, Cà chua bi: 60g, Nước sốt tẩm ướp thịt Hàn Quốc: 15g, Dầu ôliu: 10ml, Muối: 1g, Tiêu: 1g","Nồi hấp, Rây, Thau, Đũa, Vá","Sơ chế và rửa sạch thăn gà và các loại rau củ, Ướp thăn gà với nước sốt tẩm ướp Hàn Quốc muối và tiêu, Làm nóng chảo với dầu ôliu rồi áp chảo thăn gà đến khi vàng đều, Cho nấm súp lơ dưa chuột và cà chua bi vào xào chung, Đảo đều đến khi rau củ chín vừa, Nêm lại cho vừa ăn và trình bày ra dĩa",Keto / Low-carb,"Thuần chay (Vegan), Ăn chay (Vegetarian)"
ca-hoi-nuong-bo-voi-bi-ngoi-kieu-keto,Cá hồi nướng bơ bí ngòi kiểu keto,Bắc,main,dinner,60,30,medium,435,23,11,27,5,340,1,40000,60000,keto,"Cá, Bơ","Ngọt, Mặn, Chua, Cay, Thơm, Béo",2,1,https://img-global.cpcdn.com/recipes/b87d0756e4db5ca7/1200x630cq80/photo.jpg,"Cá hồi nướng bơ bí ngòi kiểu keto là món ăn ít tinh bột, giàu omega-3 và chất béo tốt. Cá hồi mềm béo kết hợp bí ngòi ngọt nhẹ, nướng cùng bơ tạo nên hương vị đậm đà nhưng vẫn thanh nhẹ, rất phù hợp cho chế độ ăn keto kiểu Việt.","Cá hồi: 180g, Bí ngòi: 150g, Bơ lạt: 12g, Dầu ôliu: 5ml, Tỏi băm: 5g, Muối: 2g, Tiêu: 1g, Nước cốt chanh: 5ml, Đường ăn kiêng: 1g","Chảo chống dính, Thớt, Dao, Muỗng, Dĩa","Sơ chế và rửa sạch cá hồi và bí ngòi, Ướp cá hồi với muối tiêu tỏi dầu ôliu và chanh, Trộn bí ngòi với bơ lạt và ít muối, Làm nóng lò và xếp cá hồi cùng bí ngòi vào khay, Nướng đến khi cá chín mềm và bí ngòi vàng nhẹ, Nêm lại với đường ăn kiêng nếu cần và trình bày ra dĩa",Keto / Low-carb,"Thuần chay (Vegan), Ăn chay (Vegetarian), Không sữa"
trung-may-bong-cai-xanh,Trứng mây bông cải xanh,Bắc,main,lunch,38,42,easy,491,27,8,34,3,506,4,35000,65000,keto,"Trứng, Bông cải","Ngọt, Mặn, Cay, Thơm, Béo",2,1,https://songkhoe.medplus.vn/wp-content/uploads/2022/12/Menu-Eat-clean-19-3.png,"Trứng mây bông cải xanh là món ăn nhẹ, ít tinh bột, giàu đạm và chất xơ. Lòng trắng trứng được đánh bông rồi nướng tạo thành lớp “mây” mềm nhẹ, kết hợp bông cải xanh giòn ngọt tạo nên món ăn đẹp mắt, thơm ngon, phù hợp cho thực đơn keto hoặc eatclean kiểu Việt.","Trứng gà: 100g, Bông cải xanh: 120g, Bơ lạt: 10g, Muối: 1g, Tiêu: 1g, Tỏi băm: 3g, Đường ăn kiêng: 1g","Chảo chống dính, Thớt, Dao, Muỗng, Dĩa","Tách lòng đỏ và lòng trắng trứng, Đánh bông lòng trắng với chút muối, Xào sơ bông cải xanh với bơ và tỏi, Trộn bông cải vào lòng trắng và tạo hình ổ mây, Đặt lòng đỏ vào giữa và nướng đến khi chín vừa, Rắc tiêu đường ăn kiêng và trình bày ra dĩa",Keto / Low-carb,Thuần chay (Vegan)
dau-hu-non-om-nuoc-tuong-voi-su-hao-thuan-chay,Đậu hũ non om nước tương,Trung,main,lunch,33,40,easy,590,14,69,12,6,573,8,25000,45000,"vegetarian,light","Đậu hũ, Nước tương","Ngọt, Cay, Thơm",1,1,https://abcfood.vn/wp-content/uploads/2021/12/dau-non-miso.jpg,"Đậu hũ non om nước tương (thuần chay) là món ăn nhẹ nhàng, ít tinh bột, dễ tiêu và giàu đạm thực vật. Đậu hũ mềm mịn được om trong nước tương đậm đà, kết hợp hương thơm thanh của hành boa rô tạo nên món ăn thuần chay đơn giản nhưng vẫn rất hài hòa và dinh dưỡng.","Đậu hũ non: 200g, Nước tương thuần chay: 15ml, Tỏi băm hoặc tỏi bột chay: 5g, Hành boa rô: 10g, Dầu mè hoặc dầu ôliu: 5ml, Nước lọc: 30ml, Đường ăn kiêng: 1g, Tiêu: 1g","Chảo chống dính, Thớt, Dao, Muỗng, Dĩa","Cắt đậu hũ non thành miếng vừa ăn, Phi thơm hành boa rô và tỏi chay với dầu, Thêm nước tương nước lọc và đường ăn kiêng vào đun nhẹ, Cho đậu hũ vào om lửa nhỏ đến khi thấm vị, Nêm lại cho vừa ăn và rắc thêm tiêu, Trình bày ra dĩa và thưởng thức","Ăn chay (Vegetarian), Nhẹ bụng / Ít calo",
nam-dui-ga-tron-rau-cu-voi-rau-muong-thuan-chay,Nấm đùi gà trộn với rau muống,Bắc,main,dinner,30,33,medium,349,19,62,14,5,252,3,30000,50000,"vegetarian,light","Gà, Nấm","Ngọt, Mặn, Chua, Cay, Thơm, Đậm đà",0,1,https://img-global.cpcdn.com/recipes/050f813ce284b36c/680x781f0.5_0.5_1.0q80/g%E1%BB%8Fi-rau-mu%E1%BB%91ng-n%E1%BA%A5m-dui-ga-recipe-main-photo.jpg,"Nấm đùi gà trộn rau muống (thuần chay) là món ăn thanh mát, giàu chất xơ và đạm thực vật. Nấm đùi gà giòn ngọt kết hợp rau muống luộc xanh mướt, trộn cùng sốt chua ngọt nhẹ thuần chay tạo nên món ăn đơn giản nhưng rất đậm đà và dễ ăn.","Nấm đùi gà: 150g, Rau muống: 150g, Tỏi bột chay: 5g, Dầu mè: 5ml, Nước tương thuần chay: 10ml, Giấm táo: 5ml, Đường ăn kiêng: 2g, Muối: 1g, Tiêu: 1g","Chảo, Nồi, Đũa, Thớt, Dao, Chén","Sơ chế và rửa sạch nấm đùi gà và rau muống, Luộc rau muống đến khi vừa chín và để ráo, Áp chảo hoặc xào nhanh nấm đùi gà cho thơm, Trộn nấm và rau muống với nước tương giấm dầu mè và đường ăn kiêng, Nêm muối tiêu cho vừa ăn và trình bày ra dĩa","Ăn chay (Vegetarian), Nhẹ bụng / Ít calo",Thuần chay (Vegan)
nam-dui-ga-kho-sa,Nấm đùi gà kho sả,Nam,main,breakfast,27,70,medium,357,18,75,15,8,651,4,25000,65000,"vegetarian,light","Nước tương, Nấm","Ngọt, Mặn, Cay, Thơm, Đậm đà",0,1,https://cdn11.dienmaycholon.vn/filewebdmclnew/public/userupload/files/kien-thuc/cach-lam-nam-dui-ga-kho-sa-chay/cach-lam-nam-dui-ga-kho-sa-chay-6.jpg,"Nấm đùi gà kho sả chay là món ăn thuần chay đậm vị, thơm nồng từ sả và tiêu. Nấm đùi gà có độ giòn dai tự nhiên, kho cùng gia vị mặn ngọt nhẹ giúp thấm đều và tạo nên món ăn giản dị nhưng rất đưa cơm, phù hợp cho thực đơn chay hoặc eatclean.","Nấm đùi gà: 200g, Sả băm: 10g, Tỏi bột chay: 5g, Nước tương thuần chay: 15ml, Dầu ăn thực vật: 5ml, Đường ăn kiêng: 2g, Muối: 1g, Tiêu: 1g, Nước lọc: 40ml","Nồi hấp, Rây, Thau, Đũa, Vá","Sơ chế và cắt nấm đùi gà thành miếng vừa ăn, Phi thơm sả và tỏi chay với dầu, Cho nấm vào xào đến khi săn lại, Thêm nước tương nước lọc và đường ăn kiêng vào kho lửa nhỏ, Nêm muối tiêu cho vừa ăn và kho đến khi nước sệt, Trình bày ra dĩa và thưởng thức","Ăn chay (Vegetarian), Nhẹ bụng / Ít calo",Thuần chay (Vegan)
salad-dau-ga-xao,Salad đậu gà,Nam,main,lunch,43,30,easy,472,15,70,12,7,570,3,35000,65000,vegetarian,Đậu gà,"Mặn, Chua, Cay, Thơm",0,1,https://thuanchay.vn/congdong/wp-content/uploads/2024/10/dau-ga-3.webp,"Salad đậu gà là món ăn thuần chay giàu đạm thực vật, ít tinh bột xấu và giàu chất xơ. Đậu gà mềm bùi kết hợp rau củ tươi cùng sốt dầu ôliu – chanh giúp món ăn thanh nhẹ nhưng vẫn no lâu, rất phù hợp cho thực đơn chay.","Đậu gà luộc: 150g, Xà lách: 50g, Dưa chuột: 60g, Cà chua bi: 60g, Hành tím: 10g, Dầu ôliu: 10ml, Nước cốt chanh: 5ml, Muối: 1g, Tiêu: 1g","Nồi, Thớt, Dao, Muỗng, Đũa, Tô","Rửa sạch và sơ chế các loại rau củ, Trộn đậu gà với xà lách dưa chuột và cà chua bi, Phi hành tím nhẹ hoặc dùng sống tùy khẩu vị, Rưới dầu ôliu và nước chanh lên hỗn hợp salad, Nêm muối tiêu cho vừa ăn và trộn đều rồi trình bày ra dĩa",Ăn chay (Vegetarian),Thuần chay (Vegan)
ca-ri-dau-lang,Cà ri đậu lăng,Trung,main,breakfast,27,70,medium,421,19,54,13,5,360,3,40000,70000,"vegetarian,light",Nước cốt dừa,"Ngọt, Mặn, Cay, Thơm, Béo",1,1,https://ducankitchen.com/wp-content/uploads/2017/11/caridaulang-featured.jpg,"Cà ri đậu lăng chay là món ăn thuần chay giàu đạm thực vật, ít chất béo xấu và nhiều chất xơ. Đậu lăng mềm bùi kết hợp nước cà ri thơm béo từ nước cốt dừa và gia vị Ấn Độ – Việt Nam, tạo nên món ăn đậm đà, dinh dưỡng và rất phù hợp cho thực đơn chay hoặc eatclean.","Đậu lăng: 120g, Khoai tây: 80g, Cà rốt: 60g, Hành tây: 50g, Tỏi băm: 5g, Bột cà ri: 8g, Nước cốt dừa: 80ml, Nước lọc: 400ml, Dầu ăn thực vật: 8ml, Muối: 2g, Đường ăn kiêng: 1g, Tiêu: 1g","Chảo, Nồi, Đũa, Thớt, Dao, Chén","Rửa đậu lăng và sơ chế rau củ, Phi thơm hành tỏi với dầu rồi cho bột cà ri vào đảo đều, Thêm đậu lăng khoai và cà rốt vào xào nhẹ, Đổ nước và nấu đến khi đậu mềm, Thêm nước cốt dừa và nêm muối tiêu đường ăn kiêng, Nấu sệt lại và trình bày ra tô","Ăn chay (Vegetarian), Nhẹ bụng / Ít calo",
sup-dau-ha-lan-voi-cai-bo-xoi-thuan-chay,Súp đậu hà lan với cải bó xôi,Trung,main,breakfast,20,70,easy,384,13,51,8,6,545,3,35000,75000,"vegetarian,light",Gạo nếp,"Ngọt, Mặn, Cay, Thơm",0,1,https://file.hstatic.net/1000217254/file/lam_sup_dau_ha_lan_cai_bo_xoi_595686c1b8a446478b93051bb0ddd5c9.jpg,"Súp đậu Hà Lan với cải bó xôi chay là món ăn thuần chay nhẹ nhàng, giàu chất xơ, vitamin và đạm thực vật. Đậu Hà Lan mềm mịn kết hợp vị thanh ngọt của cải bó xôi tạo nên món súp xanh mướt, thơm ngon, dễ tiêu và rất phù hợp cho thực đơn eatclean hoặc detox.","Đậu Hà Lan: 120g, Cải bó xôi: 80g, Hành tây: 40g, Tỏi băm: 5g, Dầu ôliu hoặc dầu thực vật: 8ml, Nước lọc: 500ml, Muối: 2g, Tiêu: 1g, Đường ăn kiêng: 1g","Chảo, Nồi, Đũa, Thớt, Dao, Chén","Rửa đậu Hà Lan và ngâm mềm, Phi thơm hành tỏi với dầu rồi cho đậu Hà Lan vào đảo nhẹ, Thêm nước và nấu đến khi đậu mềm, Cho cải bó xôi vào nấu thêm vài phút, Xay nhuyễn hỗn hợp rồi nêm muối tiêu đường ăn kiêng cho vừa ăn, Đun lại cho nóng và trình bày ra tô","Ăn chay (Vegetarian), Nhẹ bụng / Ít calo",Keto / Low-carb
dau-hu-nau-canh-thanh-dam-voi-cai-bo-xoi-thuan-chay,Đậu hũ nấu canh thanh đạm với cải bó xôi,Bắc,main,dinner,45,70,medium,370,16,56,18,7,584,2,35000,65000,"vegetarian,light",Đậu hũ,"Ngọt, Mặn, Cay, Thơm",0,1,https://image.cooky.vn/posproduct/g0/20257/s400x400/aac072b9-0499-4ba9-b0ed-ca3715fdbade.png,"Đậu hũ nấu canh thanh đạm với cải bó xôi (thuần chay) là món ăn nhẹ nhàng, mát lành và dễ tiêu. Đậu hũ mềm kết hợp vị ngọt tự nhiên của cải bó xôi tạo nên bát canh đơn giản nhưng dinh dưỡng, phù hợp cho thực đơn thuần chay hoặc eatclean hằng ngày.","Đậu hũ non hoặc đậu hũ trắng: 200g, Cải bó xôi: 120g, Hành boa rô: 10g, Gừng lát: 3g, Nước lọc: 600ml, Muối: 1.5g, Tiêu: 1g, Đường ăn kiêng: 1g, Dầu mè: 3ml","Nồi, Thớt, Dao, Muỗng, Đũa, Tô","Sơ chế và rửa sạch cải bó xôi, Cắt đậu hũ thành miếng vừa ăn, Phi thơm hành boa rô với chút dầu mè, Thêm nước và gừng vào nấu sôi, Cho đậu hũ vào và nêm muối tiêu đường ăn kiêng, Thêm cải bó xôi và nấu đến khi vừa chín, Trình bày ra tô và thưởng thức","Ăn chay (Vegetarian), Nhẹ bụng / Ít calo",Keto / Low-carb
nam-dui-ga-xao-sa-ot-chay,Nấm đùi gà xào sả ớt chay,Nam,main,lunch,37,30,medium,443,13,58,12,6,620,6,30000,70000,vegetarian,Nước tương,"Ngọt, Mặn, Cay, Thơm, Đậm đà",0,1,https://cdn.tgdd.vn/2022/10/CookRecipe/GalleryStep/thanh-pham-92.jpg,"Nấm đùi gà xào sả ớt chay là món thuần chay thơm nồng, đậm vị với hương sả quyện cùng vị cay nhẹ của ớt. Nấm đùi gà giòn dai tự nhiên, thấm đều gia vị, tạo nên món ăn đơn giản nhưng rất bắt cơm và phù hợp cho thực đơn eatclean hoặc thuần chay hằng ngày.","Nấm đùi gà: 200g, Sả băm: 10g, Ớt băm: 3g, Hành boa rô hoặc tỏi chay: 5g, Nước tương thuần chay: 12ml, Dầu thực vật: 8ml, Muối: 1g, Đường ăn kiêng: 1g, Tiêu: 1g","Nồi, Thớt, Dao, Muỗng, Đũa, Tô","Sơ chế và cắt nấm đùi gà thành miếng vừa ăn, Phi thơm sả ớt và hành boa rô với dầu, Cho nấm vào xào đến khi săn lại, Thêm nước tương muối tiêu và đường ăn kiêng vào đảo đều, Xào lửa nhỏ cho nấm thấm vị đậm đà, Trình bày ra dĩa và thưởng thức",Ăn chay (Vegetarian),Thuần chay (Vegan)
dau-ga-kho-tuong,Đậu gà kho tương,Trung,main,dinner,15,70,easy,358,13,54,14,10,636,5,30000,70000,"vegetarian,light","Đậu gà, Nước tương","Ngọt, Mặn, Cay, Thơm",0,1,https://cdn2.fptshop.com.vn/unsafe/800x0/cach_che_bien_dau_ga_04_78bad3cbf0.jpg,"Đậu gà kho tương (thuần chay) là món ăn giàu đạm thực vật, ít chất béo xấu và có hương vị đậm đà nhờ nước tương thuần chay. Hạt đậu gà bùi mềm, thấm vị mặn ngọt thanh, tạo nên món chay đơn giản nhưng rất đưa cơm và phù hợp cho thực đơn eatclean hoặc thuần chay.","Đậu gà luộc: 180g, Nước tương thuần chay: 15ml, Hành boa rô: 10g, Tỏi chay hoặc tỏi bột: 3g, Dầu thực vật: 5ml, Nước lọc: 40ml, Đường ăn kiêng: 2g, Muối: 1g, Tiêu: 1g","Nồi, Thớt, Dao, Muỗng, Đũa, Tô","Phi thơm hành boa rô và tỏi chay với dầu, Cho đậu gà vào xào nhẹ, Thêm nước tương nước lọc và đường ăn kiêng vào kho lửa nhỏ, Nêm muối tiêu cho vừa ăn và kho đến khi nước sệt lại, Trình bày ra dĩa và thưởng thức","Ăn chay (Vegetarian), Nhẹ bụng / Ít calo",Thuần chay (Vegan)
nam-dui-ga-xao-hanh-tay,Nấm đùi gà xào hành tây,Trung,main,breakfast,35,30,medium,530,16,54,6,5,297,5,30000,50000,"vegetarian,light","Nấm, Bơ, Nước tương","Ngọt, Mặn, Cay, Thơm, Đậm đà",0,1,https://cdn.tgdd.vn/Files/2022/12/22/1498262/cong-thuc-lam-nam-dui-ga-xao-hanh-tay-dinh-duong-thom-lung-202212221443387297.jpg,"Nấm đùi gà xào hành tây chay là món ăn thanh đạm, giàu chất xơ và đạm thực vật. Nấm đùi gà giòn ngọt tự nhiên hòa cùng vị thơm nhẹ của hành tây tạo nên món xào đơn giản nhưng rất hấp dẫn, phù hợp cho thực đơn thuần chay hoặc eatclean hằng ngày.","Nấm đùi gà: 200g, Hành tây: 80g, Hành boa rô: 8g, Dầu thực vật: 8ml, Nước tương thuần chay: 12ml, Muối: 1g, Tiêu: 1g, Đường ăn kiêng: 1g","Nồi, Thớt, Dao, Muỗng, Đũa, Tô","Sơ chế nấm đùi gà và hành tây, Cắt nấm và hành tây thành miếng vừa ăn, Phi thơm hành boa rô với dầu, Cho nấm vào xào săn rồi thêm hành tây vào đảo đều, Nêm nước tương muối tiêu và đường ăn kiêng, Xào đến khi thấm vị và trình bày ra dĩa","Ăn chay (Vegetarian), Nhẹ bụng / Ít calo",Thuần chay (Vegan)
nam-dui-ga-hap-cai-xanh,Nấm đùi gà hấp cải xanh,Bắc,main,dinner,98,30,medium,531,12,67,11,9,316,8,35000,75000,vegetarian,"Nước mắm, Nước tương","Cay, Thơm, Đậm đà",1,1,https://cdn.tgdd.vn/2020/09/CookRecipe/Avatar/nam-dui-ga-hap-cai-xanh-thumbnail.jpg,"Nấm đùi gà hấp cải xanh chay là món ăn thuần chay thanh đạm, ít dầu mỡ và giữ được vị ngọt tự nhiên của nấm. Kết hợp với cải xanh mềm nhẹ, món ăn mang lại hương vị tinh khiết, dễ tiêu, phù hợp cho thực đơn eatclean hoặc bữa chay hằng ngày.","Nấm đùi gà loại lớn: 150g, Cải bẹ xanh: 100g, Nấm linh chi trắng: 100g, Bông kim châm khô: 20g, Đậu hũ non: 200g, Hành boaro bằm: 30g, Cà rốt bào lát: 80g, Kỷ tử: 10g, Baking soda: 3g, Nước bột năng: 60ml, Tiêu xay: 5g, Hạt nêm chay: 25g, Dầu hào chay: 7g, Dầu mè: 5ml","Chảo chống dính, Thớt, Dao, Muỗng, Dĩa","Ngâm bông kim châm và kỷ tử cho mềm, Chuẩn bị nấm đùi gà nấm linh chi và cắt miếng vừa ăn, Cắt cải bẹ xanh cà rốt và đậu hũ non thành miếng, Trộn các loại nấm với hạt nêm dầu hào dầu mè tiêu và baking soda, Xếp cải bẹ xanh dưới đáy tô thêm cà rốt và đậu hũ rồi cho hỗn hợp nấm lên trên, Hấp lửa vừa đến khi nấm chín mềm, Rưới nước bột năng lên trên cho hơi sệt, Rắc hành boaro và trình bày ra dĩa",Ăn chay (Vegetarian),Thuần chay (Vegan)
nam-dong-co-xao-sa-ot-chay,Nấm đông cô xào sả ớt chay ,Bắc,main,lunch,37,30,easy,515,12,78,12,7,340,3,30000,50000,vegetarian,Nước tương,"Ngọt, Mặn, Cay, Thơm, Đậm đà",1,1,https://cdn.tgdd.vn/Files/2023/01/06/1501156/cong-thuc-lam-nam-dong-xao-sa-ot-cay-nong-kich-thich-vi-giac-202301061540150903.jpg,"Nấm đông cô xào sả ớt chay là món thuần chay thơm nồng, đậm vị với hương sả hòa quyện cùng vị cay nhẹ của ớt. Nấm đông cô dai giòn tự nhiên, thấm đều gia vị, tạo nên món xào đơn giản nhưng rất đưa cơm, phù hợp cho thực đơn eatclean hoặc bữa chay hằng ngày.","Nấm đông cô tươi: 200g, Sả băm: 10g, Ớt băm: 3g, Hành boa rô hoặc tỏi chay: 5g, Nước tương thuần chay: 12ml, Dầu thực vật: 8ml, Muối: 1g, Đường ăn kiêng: 1g, Tiêu: 1g","Chảo chống dính, Thớt, Dao, Muỗng, Dĩa","Sơ chế và cắt nấm đông cô thành miếng vừa ăn, Phi thơm sả ớt và hành boa rô với dầu, Cho nấm vào xào đến khi săn lại, Thêm nước tương muối tiêu và đường ăn kiêng vào đảo đều, Xào lửa nhỏ cho nấm thấm vị, Trình bày ra dĩa và thưởng thức",Ăn chay (Vegetarian),
nam-dui-ga-xao-chay-voi-cai-bo-xoi,Nấm đùi gà xào chay với cải bó xôi,Nam,main,lunch,35,30,medium,586,15,68,16,10,615,5,35000,55000,"vegetarian,light","Nấm, Bơ, Nước tương","Ngọt, Mặn, Cay, Thơm, Đậm đà",1,1,https://cdn.tgdd.vn/Files/2021/05/08/1349667/cach-lam-cai-bo-xoi-xao-nam-mon-ngon-du-chat-chay-man-deu-dung-duoc-202201131023189306.jpg,"Nấm đùi gà xào chay với cải bó xôi là món ăn thuần chay thanh đạm, giàu chất xơ và vitamin. Nấm đùi gà giòn dai tự nhiên kết hợp cải bó xôi xanh mướt, tạo nên món xào đơn giản nhưng dinh dưỡng, phù hợp cho thực đơn chay hoặc eatclean hằng ngày.","Nấm đùi gà: 200g, Cải bó xôi: 120g, Hành boa rô: 10g, Tỏi chay hoặc tỏi bột: 3g, Dầu thực vật: 8ml, Nước tương thuần chay: 10ml, Muối: 1g, Đường ăn kiêng: 1g, Tiêu: 1g","Nồi, Thớt, Dao, Muỗng, Đũa, Tô","Sơ chế và rửa sạch nấm đùi gà và cải bó xôi, Cắt nấm vừa ăn và để cải bó xôi ráo nước, Phi thơm hành boa rô và tỏi chay với dầu, Cho nấm vào xào săn rồi thêm cải bó xôi vào đảo đều, Nêm nước tương muối tiêu và đường ăn kiêng, Xào đến khi rau mềm và trình bày ra dĩa","Ăn chay (Vegetarian), Nhẹ bụng / Ít calo","Thuần chay (Vegan), Keto / Low-carb"
dau-hu-hap-nam-chay,Đậu hũ hấp nấm chay,Trung,main,dinner,40,25,medium,327,11,80,18,8,436,8,30000,60000,"vegetarian,light","Đậu hũ, Nước tương","Ngọt, Mặn, Cay, Thơm, Đậm đà",0,1,https://cdn.tgdd.vn/2021/10/CookDish/cach-lam-dau-hu-hap-nam-chay-don-gian-cho-bua-com-thanh-dam-avt-1200x676-1.jpg,"Đậu hũ hấp nấm chay là món ăn thuần chay nhẹ nhàng, ít dầu mỡ và giữ trọn vị thanh ngọt tự nhiên của đậu hũ và các loại nấm. Món hấp này mềm mịn, dễ tiêu, phù hợp cho thực đơn eatclean, thuần chay hoặc những ngày cần món thanh đạm.","Đậu hũ non hoặc đậu hũ trắng: 200g, Nấm đông cô tươi: 80g, Nấm đùi gà: 100g, Hành boa rô: 10g, Gừng lát: 3g, Nước tương thuần chay: 10ml, Dầu mè: 5ml, Muối: 1g, Tiêu: 1g, Đường ăn kiêng: 1g","Chảo, Nồi, Đũa, Thớt, Dao, Chén","Cắt đậu hũ thành miếng vừa ăn và xếp vào dĩa hấp, Sơ chế và cắt các loại nấm, Trộn nấm với nước tương dầu mè muối tiêu và đường ăn kiêng, Rải hỗn hợp nấm lên đậu hũ rồi thêm gừng lát, Hấp lửa vừa đến khi nấm và đậu hũ chín mềm, Rắc hành boa rô lên và trình bày ra dĩa","Ăn chay (Vegetarian), Nhẹ bụng / Ít calo",
dau-hu-kho-suon-chay,Đậu hũ kho sườn chay,Bắc,main,lunch,65,25,easy,455,11,73,10,9,673,7,30000,50000,vegetarian,"Đậu hũ, Sườn chay (đậu nành/lúa mì)","Ngọt, Cay, Thơm, Đậm đà",0,1,https://cdn.tgdd.vn/2020/10/CookRecipe/Avatar/dau-hu-kho-suon-chay-thumbnail.jpg,"Đậu hũ kho sườn chay là món ăn thuần chay đậm đà, kết hợp độ dai của sườn chay, vị béo mềm của đậu hũ và độ ngọt thanh từ nấm – cà rốt. Kho cùng nước dừa tươi giúp món ăn lên màu đẹp, thấm vị và rất phù hợp cho bữa cơm chay hằng ngày.","Sườn chay khô: 100g, Đậu hũ chiên: 120g, Nấm đùi gà baby: 100g, Cà rốt: 50g, Hành boa rô: 30g, Tiêu xanh: 2 nhánh, Nước dừa tươi: 200ml, Màu dầu điều: 5ml, Tương ớt: 15g, Đường: 5g, Hạt nêm chay: 5g, Bột ngọt chay: 3g, Nước tương: 5ml, Dầu ăn: 300ml","Nồi hấp, Rây, Thau, Đũa, Vá","Ngâm sườn chay khô cho mềm rồi vắt ráo, Cắt đậu hũ chiên và nấm đùi gà baby vừa ăn, Cà rốt thái khoanh và hành boa rô cắt khúc, Phi thơm hành boa rô với dầu điều rồi cho sườn chay và đậu hũ vào đảo đều, Thêm nấm cà rốt tiêu xanh tương ớt nước tương đường bột ngọt và hạt nêm, Đổ nước dừa tươi vào kho lửa nhỏ đến khi nước sệt lại và thấm vị, Trình bày ra dĩa và thưởng thức",Ăn chay (Vegetarian),Thuần chay (Vegan)
cai-thia-xao-nam-dong-co,Cải thìa xào nấm đông cô,Trung,main,lunch,20,32,medium,539,19,77,8,10,657,2,40000,60000,vegetarian,"Dầu hào chay, Nước tương","Ngọt, Mặn, Cay, Thơm, Đậm đà",0,1,https://www.huongnghiepaau.com/wp-content/uploads/2019/01/cai-thia-xao-nam-dong-co.jpg,"Cải thìa xào nấm đông cô chay là món thuần chay thanh đạm, giàu chất xơ và vitamin. Cải thìa xanh mướt kết hợp nấm đông cô dai thơm tạo nên món xào đơn giản nhưng rất hài hòa, phù hợp cho thực đơn eatclean hoặc bữa chay hằng ngày.","Cải thìa: 200g, Nấm đông cô tươi: 150g, Hành boa rô: 10g, Tỏi chay hoặc tỏi bột: 3g, Dầu thực vật: 8ml, Nước tương thuần chay: 10ml, Muối: 1g, Đường ăn kiêng: 1g, Tiêu: 1g","Chảo chống dính, Thớt, Dao, Muỗng, Dĩa","Rửa sạch cải thìa và nấm đông cô, Chần cải thìa sơ rồi để ráo, Phi thơm hành boa rô và tỏi chay với dầu, Cho nấm vào xào đến khi mềm rồi thêm cải thìa vào, Nêm nước tương muối tiêu và đường ăn kiêng, Xào nhanh tay cho thấm vị và trình bày ra dĩa",Ăn chay (Vegetarian),
com-lut-dau-ga-chay,Cơm lứt đậu gà rau củ chay,Nam,main,dinner,30,30,easy,390,10,71,11,7,456,3,25000,55000,"vegetarian,light",Nước tương,"Mặn, Cay, Thơm",1,1,https://img-global.cpcdn.com/recipes/8abeaacc524a1fba/300x426cq80/c%C6%A1m-l%E1%BB%A9t-d%E1%BA%ADu-ga-rau-c%E1%BB%A7-chay-recipe-main-photo.webp,"Cơm gạo lứt đậu gà rau củ chay là món thuần chay giàu chất xơ, vitamin và protein thực vật. Gạo lứt dẻo nhẹ kết hợp đậu gà bùi béo và rau củ tươi giúp món ăn thanh đạm nhưng vẫn đủ dưỡng chất, phù hợp cho thực đơn eatclean, giảm cân hoặc ăn chay lành mạnh.","Gạo lứt nấu chín: 200g, Đậu gà luộc: 100g, Cà rốt: 50g, Đậu que: 60g, Hành tây: 40g, Bông cải xanh: 80g, Dầu ôliu hoặc dầu thực vật: 8ml, Muối: 1g, Tiêu: 1g, Nước tương thuần chay: 5ml","Chảo chống dính, Thớt, Dao, Muỗng, Dĩa","Sơ chế và cắt nhỏ rau củ, Xào hành tây với dầu rồi cho cà rốt đậu que và bông cải vào đảo đều, Thêm đậu gà và cơm gạo lứt vào trộn đều, Nêm muối tiêu nước tương cho vừa ăn, Xào đến khi thấm vị và trình bày ra dĩa","Ăn chay (Vegetarian), Nhẹ bụng / Ít calo","Thuần chay (Vegan), Keto / Low-carb"
bun-hue-chay,Bún huế chay,Trung,main,breakfast,20,70,easy,559,19,76,6,7,311,6,30000,60000,"vegetarian,light","Chả chay, Nước dùng chay","Ngọt, Mặn, Cay, Thơm, Đậm đà",0,1,https://img-global.cpcdn.com/recipes/6e0efa79254bb04e/300x426f0.5_0.5_1.0q80/bun-hu%E1%BA%BF-chay-recipe-main-photo.webp,"Bún Huế chay là phiên bản thuần chay của món bún Huế truyền thống, giữ trọn hương vị đặc trưng nhờ nước dùng thanh ngọt từ rau củ và sả, thêm các topping chay như đậu hũ, chả chay và nấm. Món ăn đậm đà, thơm nồng nhưng vẫn nhẹ nhàng, phù hợp cho thực đơn ăn chay lành mạnh.","Bún gạo lứt hoặc bún chay: 200g, Đậu hũ chiên: 100g, Chả chay: 80g, Nấm bào ngư hoặc nấm rơm: 100g, Sả cây: 20g, Cà rốt: 60g, Bắp cải trắng hoặc củ cải trắng: 80g, Hành boa rô: 10g, Nước lọc: 800ml, Nước tương thuần chay: 10ml, Dầu điều: 5ml, Muối: 2g, Đường ăn kiêng: 2g, Sa tế chay: 1 muỗng cà phê, Tiêu: 1g","Chảo, Nồi, Đũa, Thớt, Dao, Chén","Hầm rau củ gồm cà rốt củ cải và sả để làm nước dùng, Phi thơm hành boa rô với dầu điều rồi cho nấm vào xào, Thêm nước dùng rau củ vào nồi và nêm muối nước tương sa tế và đường ăn kiêng, Thêm đậu hũ chiên và chả chay vào nấu sôi nhẹ, Trụng bún và cho vào tô rồi chan nước dùng lên, Rắc tiêu và hành boa rô rồi thưởng thức","Ăn chay (Vegetarian), Nhẹ bụng / Ít calo",Keto / Low-carb
mien-xao-chay,Miến xào chay,Bắc,main,breakfast,67,30,medium,462,20,76,5,10,377,6,25000,45000,vegetarian,"Nước tương, Đậu hũ","Ngọt, Mặn, Cay, Thơm, Đậm đà",0,1,https://img-global.cpcdn.com/recipes/c6829c2e069a4b7a/300x426f0.5_0.5_1.0q80/mi%E1%BA%BFn-xao-chay-recipe-main-photo.webp,"Miến xào chay là món ăn thanh đạm, dễ làm và giàu chất xơ. Sợi miến dai nhẹ kết hợp rau củ và nấm được xào thấm vị, tạo nên món chay đơn giản nhưng thơm ngon, phù hợp cho thực đơn eatclean hoặc bữa chay nhẹ nhàng hằng ngày.","Miến dong hoặc miến khoai: 120g, Nấm đông cô hoặc nấm bào ngư: 100g, Cà rốt: 50g, Bắp cải hoặc cải thảo: 80g, Hành tây: 40g, Hành boa rô: 10g, Nước tương thuần chay: 10ml, Dầu thực vật: 8ml, Muối: 1g, Đường ăn kiêng: 1g, Tiêu: 1g","Nồi, Thớt, Dao, Muỗng, Đũa, Tô","Ngâm miến cho mềm và để ráo, Sơ chế rau củ và nấm rồi cắt sợi, Phi thơm hành boa rô với dầu, Cho nấm và rau củ vào xào đến khi mềm, Thêm miến vào và nêm nước tương muối tiêu đường ăn kiêng, Xào đều cho thấm vị rồi trình bày ra dĩa",Ăn chay (Vegetarian),Keto / Low-carb
cu-sen-nam-loc-nhung,Củ sen kho nấm lộc nhung,Trung,main,lunch,77,67,medium,421,19,75,12,8,305,8,40000,80000,vegetarian,Nước tương,"Ngọt, Mặn, Cay, Thơm, Đậm đà",1,1,https://img-global.cpcdn.com/recipes/2c14623615141e54/300x426f0.5_0.48313_1.0q80/c%E1%BB%A7-sen-kho-n%E1%BA%A5m-l%E1%BB%99c-nhung-mon-chay-recipe-main-photo.webp,"Củ sen kho nấm lộc nhung là món thuần chay đậm đà, giàu chất xơ và khoáng chất. Củ sen giòn bùi kết hợp nấm lộc nhung dai ngọt tự nhiên, kho cùng gia vị mặn ngọt nhẹ tạo nên món ăn thanh đạm nhưng rất bắt cơm, phù hợp cho thực đơn chay hoặc eatclean.","Củ sen: 150g, Nấm lộc nhung: 120g, Hành boa rô: 10g, Tỏi chay hoặc tỏi bột: 3g, Nước tương thuần chay: 12ml, Đường ăn kiêng: 2g, Muối: 1g, Tiêu: 1g, Dầu thực vật: 8ml, Nước lọc: 50ml, Dầu điều (tùy chọn tạo màu): 5ml","Nồi hấp, Rây, Thau, Đũa, Vá","Sơ chế củ sen và cắt lát vừa ăn, Ngâm nấm lộc nhung cho mềm rồi để ráo, Phi thơm hành boa rô và tỏi chay với dầu điều, Cho củ sen và nấm vào xào nhẹ, Thêm nước tương muối tiêu và đường ăn kiêng, Đổ nước lọc vào kho lửa nhỏ đến khi nước sệt lại, Trình bày ra dĩa và thưởng thức",Ăn chay (Vegetarian),
dau-hu-non-hap-rau-cu,Đậu hũ non hấp rau củ,Trung,main,breakfast,40,50,easy,460,12,54,7,10,572,4,35000,65000,"vegetarian,light","Đậu hũ, Nước tương","Mặn, Cay, Thơm, Đậm đà",0,1,https://img-global.cpcdn.com/recipes/97f61e6caae3d00b/300x426cq80/d%E1%BA%ADu-hu-non-h%E1%BA%A5p-rau-c%E1%BB%A7-recipe-main-photo.webp,"Đậu hũ non hấp rau củ là món thuần chay thanh đạm, mềm mịn và dễ tiêu. Rau củ tươi ngọt kết hợp đậu hũ non tạo nên món ăn nhẹ nhàng nhưng vẫn đủ chất, phù hợp cho thực đơn eatclean hoặc bữa chay giảm béo.","Đậu hũ non: 200g, Cà rốt: 50g, Bông cải xanh: 80g, Nấm đông cô hoặc nấm đùi gà: 80g, Hành boa rô: 10g, Gừng lát: 3g, Nước tương thuần chay: 10ml, Dầu mè: 5ml, Muối: 1g, Tiêu: 1g","Chảo chống dính, Thớt, Dao, Muỗng, Dĩa","Cắt đậu hũ non thành miếng vừa ăn, Sơ chế và cắt nhỏ rau củ và nấm, Xếp đậu hũ và rau củ vào dĩa hấp rồi rưới nước tương dầu mè muối tiêu lên trên, Thêm gừng lát và hành boa rô, Hấp lửa vừa đến khi rau củ mềm và đậu hũ chín, Trình bày ra dĩa và thưởng thức","Ăn chay (Vegetarian), Nhẹ bụng / Ít calo",
canh-bi-dao-rau-chan-vit,Canh Bí Đao với rau chân vịt ,Trung,main,dinner,27,56,easy,580,15,56,12,8,632,6,30000,70000,vegetarian,Vịt,"Ngọt, Mặn, Cay, Thơm",0,1,https://img-global.cpcdn.com/recipes/7b053f4e7fc6fdec/300x426f0.510522_0.5_1.0q80/canh-bi-dao-rau-chan-v%E1%BB%8Bt-n%E1%BA%A5u-chay-recipe-main-photo.webp,"Canh bí đao & rau chân vịt nấu chay là món canh thanh mát, ít calo và giàu vitamin. Bí đao ngọt nhẹ kết hợp rau chân vịt mềm mịn tạo nên bát canh nhẹ nhàng, giải nhiệt, phù hợp cho thực đơn thuần chay, eatclean hoặc những ngày muốn ăn thanh đạm.","Bí đao: 200g, Rau chân vịt (spinach): 120g, Hành boa rô: 10g, Gừng lát: 3g, Nước lọc: 700ml, Nước tương thuần chay: 5ml, Muối: 1.5g, Đường ăn kiêng: 1g, Tiêu: 1g, Dầu mè: 3ml","Nồi, Thớt, Dao, Muỗng, Đũa, Tô","Gọt vỏ và cắt bí đao thành miếng vừa ăn, Rửa sạch rau chân vịt và để ráo, Phi thơm hành boa rô với chút dầu mè, Thêm nước lọc và gừng rồi đun sôi, Cho bí đao vào nấu đến khi mềm, Thêm rau chân vịt và nêm nước tương muối đường ăn kiêng tiêu cho vừa ăn, Đun thêm 1 phút và trình bày ra tô",Ăn chay (Vegetarian),Thuần chay (Vegan)
canh-chua-dau-rong,Canh chua đậu rồng chay,Bắc,main,lunch,37,67,easy,377,15,69,17,5,630,3,35000,55000,vegetarian,,"Ngọt, Mặn, Chua, Cay, Thơm, Đậm đà",0,1,https://img-global.cpcdn.com/recipes/f21ddd18f9c75372/300x426f0.5_0.568572_1.0q80/canh-chua-d%E1%BA%ADu-r%E1%BB%93ng-n%E1%BA%A5m-chay-recipe-main-photo.webp,"Canh chua đậu rồng nấm chay là món canh thuần chay thanh mát, chua nhẹ và giàu chất xơ. Đậu rồng giòn ngọt kết hợp nấm tươi và vị chua dịu từ me hoặc chanh tạo nên bát canh đậm đà, phù hợp cho thực đơn chay hoặc những ngày muốn ăn nhẹ nhàng.","Đậu rồng: 150g, Nấm bào ngư hoặc nấm rơm: 120g, Cà chua: 60g, Dứa (thơm): 50g, Me chua hoặc chanh: 10g, Hành boa rô: 10g, Nước lọc: 700ml, Muối: 2g, Đường ăn kiêng: 2g, Nước tương thuần chay: 5ml, Ớt (tùy thích): 1 trái, Tiêu: 1g","Nồi, Thớt, Dao, Muỗng, Đũa, Tô","Sơ chế đậu rồng và cắt lát chéo, Rửa sạch nấm và cắt vừa ăn, Phi thơm hành boa rô rồi cho cà chua vào xào nhẹ, Thêm nước lọc và dứa vào nấu sôi, Cho đậu rồng và nấm vào, Nêm muối đường ăn kiêng nước tương và me hoặc chanh cho vị chua ngọt hài hòa, Đun đến khi đậu rồng chín giòn rồi trình bày ra tô",Ăn chay (Vegetarian),
canh-chay-dau-hu-nam-kim-cham,Canh chay rong biển đậu hủ nấm kim châm,Trung,main,dinner,32,70,easy,401,15,79,16,7,499,6,35000,55000,"vegetarian,light",,"Ngọt, Mặn, Cay, Thơm, Đậm đà",0,1,https://img-global.cpcdn.com/recipes/0dd05652c78ad5c0/300x426cq80/canh-chay-rong-bi%E1%BB%83n-d%E1%BA%ADu-h%E1%BB%A7-n%E1%BA%A5m-kim-cham-recipe-main-photo.webp,"Canh chay rong biển đậu hũ nấm kim châm là món canh thanh mát, giàu khoáng chất và dễ tiêu. Rong biển mang vị ngọt tự nhiên hòa cùng đậu hũ mềm và nấm kim châm tạo nên món canh nhẹ nhàng nhưng đầy dinh dưỡng, rất phù hợp cho thực đơn thuần chay hoặc ăn kiêng.","Rong biển khô: 10g, Đậu hũ non hoặc đậu hũ trắng: 150g, Nấm kim châm: 100g, Cà rốt: 50g, Hành boa rô: 10g, Gừng lát: 3g, Nước lọc: 700ml, Muối: 1.5g, Nước tương thuần chay: 5ml, Đường ăn kiêng: 1g, Tiêu: 1g, Dầu mè: 3ml","Nồi hấp, Rây, Thau, Đũa, Vá","Ngâm rong biển cho nở rồi rửa sạch, Cắt đậu hũ thành miếng vừa ăn và sơ chế nấm kim châm, Phi thơm hành boa rô với chút dầu mè, Thêm nước lọc và gừng vào nấu sôi, Cho cà rốt rong biển và nấm kim châm vào nấu chín, Nêm muối nước tương đường ăn kiêng và tiêu cho vừa ăn, Thêm đậu hũ vào đun nhẹ rồi trình bày ra tô","Ăn chay (Vegetarian), Nhẹ bụng / Ít calo",
pho-chay,Phở chay,Bắc,main,breakfast,20,70,medium,585,15,68,14,9,609,4,40000,70000,"vegetarian,light","Bò lát chay, Nước tương","Ngọt, Mặn, Cay, Thơm, Đậm đà",1,1,https://cdn.hstatic.net/files/200000700229/article/cach-nau-pho-chay-1_2065e541ac9e40fb8eff0795701f9c45.jpg,"Phở chay là phiên bản thanh đạm của món phở truyền thống, với nước dùng được hầm từ rau củ và gia vị thơm như quế, hồi, gừng. Topping gồm đậu hũ, nấm và rau thơm giúp món ăn vẫn đậm đà, thơm ngon nhưng nhẹ nhàng, phù hợp cho thực đơn thuần chay hoặc eatclean.","Bánh phở tươi hoặc phở khô: 200g, Đậu hũ chiên: 100g, Nấm bào ngư hoặc nấm rơm: 120g, Hành tây: 50g, Cà rốt: 50g, Củ cải trắng: 80g, Gừng nướng: 10g, Quế: 1 thanh, Hoa hồi: 2 cái, Hành boa rô: 10g, Nước lọc: 1 lít, Muối: 2g, Đường ăn kiêng: 2g, Nước tương thuần chay: 5ml, Tiêu: 1g","Nồi, Thớt, Dao, Muỗng, Đũa, Tô","Hầm rau củ gồm cà rốt củ cải hành tây và gừng với quế hồi để lấy nước dùng, Phi thơm hành boa rô rồi xào nấm nhẹ cho dậy mùi, Lọc nước dùng và nêm muối nước tương đường ăn kiêng cho vừa ăn, Trụng bánh phở và xếp vào tô, Thêm đậu hũ chiên và nấm lên trên, Chan nước dùng nóng và rắc tiêu cùng rau thơm","Ăn chay (Vegetarian), Nhẹ bụng / Ít calo",Keto / Low-carb
canh-nam-bao-ngu,Canh nấm bào ngư chay,Bắc,main,dinner,35,40,medium,403,12,68,15,7,400,6,30000,50000,vegetarian,Nấm,"Ngọt, Mặn, Cay, Thơm, Đậm đà",1,1,https://img-global.cpcdn.com/recipes/17e653d7a29bed95/300x426cq80/canh-n%E1%BA%A5m-bao-ng%C6%B0-chay-recipe-main-photo.webp,"Canh nấm bào ngư chay là món canh thanh đạm, ngọt tự nhiên và dễ tiêu. Nấm bào ngư mềm giòn kết hợp vị ngọt dịu từ rau củ tạo nên món ăn nhẹ nhàng nhưng đầy dinh dưỡng, phù hợp cho thực đơn thuần chay hoặc eatclean hằng ngày.","Nấm bào ngư: 150g, Cà rốt: 50g, Đậu hũ non hoặc đậu hũ trắng: 120g, Hành boa rô: 10g, Gừng lát: 3g, Nước lọc: 700ml, Muối: 1.5g, Đường ăn kiêng: 1g, Nước tương thuần chay: 5ml, Tiêu: 1g, Dầu mè: 3ml","Chảo chống dính, Thớt, Dao, Muỗng, Dĩa","Rửa sạch và cắt nấm bào ngư vừa ăn, Cắt đậu hũ và cà rốt thành miếng, Phi thơm hành boa rô với chút dầu mè rồi cho cà rốt vào đảo nhẹ, Thêm nước lọc và gừng vào nấu sôi, Cho nấm bào ngư và đậu hũ vào, Nêm muối nước tương đường ăn kiêng và tiêu cho vừa ăn, Nấu thêm 2–3 phút và trình bày ra tô",Ăn chay (Vegetarian),
suon-chay-om-nam-dui-ga,Sườn chay om nấm đùi gà,Nam,main,dinner,77,32,medium,540,12,57,15,10,619,5,40000,80000,vegetarian,"Gà, Nấm","Ngọt, Mặn, Cay, Thơm, Đậm đà",0,1,https://monngonmoingay.com/wp-content/uploads/2024/05/suon-chay-kho-nam-dui-ga.jpg,"Sườn chay om nấm đùi gà là món thuần chay đậm đà, kết hợp độ dai của sườn chay và vị ngọt tự nhiên của nấm đùi gà. Món om được nấu lửa nhỏ giúp thấm vị mặn ngọt hài hòa, rất đưa cơm và phù hợp cho thực đơn chay hoặc eatclean.","Sườn chay khô: 120g, Nấm đùi gà: 150g, Hành boa rô: 10g, Tỏi chay hoặc tỏi bột: 3g, Nước tương thuần chay: 12ml, Hạt nêm chay: 5g, Đường ăn kiêng: 2g, Muối: 1g, Tiêu: 1g, Dầu thực vật: 8ml, Nước lọc: 60ml, Dầu điều: 5ml","Chảo, Nồi, Đũa, Thớt, Dao, Chén","Ngâm sườn chay cho mềm rồi vắt ráo, Sơ chế và cắt nấm đùi gà thành miếng vừa ăn, Phi thơm hành boa rô và tỏi chay với dầu điều, Cho sườn chay và nấm vào xào săn, Thêm nước tương muối hạt nêm đường ăn kiêng và nước lọc, Om lửa nhỏ đến khi thấm vị và nước sệt, Trình bày ra dĩa và thưởng thức",Ăn chay (Vegetarian),Thuần chay (Vegan)
bo-kho-chay,Bò kho chay,Nam,main,lunch,65,70,easy,395,17,71,10,9,459,7,40000,80000,vegetarian,"Bò lát chay (đậu nành), Nước tương","Ngọt, Mặn, Cay, Thơm",1,1,https://monngonmoingay.com/wp-content/uploads/2017/12/bo-kho-chay-880.jpg,"Bò kho chay là phiên bản thuần chay của món bò kho quen thuộc, sử dụng bò chay và rau củ ninh mềm trong nước sốt đậm đà từ gia vị bò kho. Món ăn có hương thơm đặc trưng của quế, hồi, sả và cà chua, rất phù hợp dùng kèm bánh mì chay, bún hoặc cơm nóng.","Bò chay miếng: 150g, Cà rốt: 80g, Khoai tây: 80g, Sả cây: 20g, Cà chua: 60g, Gừng lát: 5g, Tỏi chay hoặc tỏi bột: 3g, Hành boa rô: 10g, Bột bò kho chay: 8g, Nước tương thuần chay: 10ml, Đường ăn kiêng: 2g, Muối: 1g, Tiêu: 1g, Dầu thực vật: 8ml, Nước lọc: 800ml","Chảo chống dính, Thớt, Dao, Muỗng, Dĩa","Ngâm bò chay cho mềm rồi vắt ráo, Sơ chế và cắt cà rốt khoai tây và cà chua, Phi thơm hành boa rô tỏi chay và sả với dầu, Cho bò chay vào xào với bột bò kho cho thấm, Thêm nước lọc cà chua và gừng vào ninh đến khi rau củ mềm, Nêm muối nước tương đường ăn kiêng và tiêu, Trình bày ra tô và thưởng thức",Ăn chay (Vegetarian),Thuần chay (Vegan)
canh-chua-bong-so-dua,Canh chua bông so đũa,Nam,main,lunch,37,70,easy,443,19,77,7,9,443,5,30000,50000,"vegetarian,light","Cá kèo, Nước mắm, Me","Ngọt, Mặn, Chua, Cay, Thơm, Đậm đà",0,1,https://monngonmoingay.com/wp-content/uploads/2015/08/IMG_4117-canh-chua-bong-so-dua-chay.png,"Canh chua bông so đũa chay là món canh thanh mát, có vị chua nhẹ đặc trưng và hương thơm tự nhiên từ bông so đũa. Kết hợp cùng nấm và rau củ, món ăn mang lại cảm giác nhẹ nhàng, dễ tiêu và rất phù hợp cho bữa chay hoặc những ngày muốn ăn thanh đạm.","Bông so đũa: 100g, Nấm bào ngư hoặc nấm rơm: 120g, Cà chua: 60g, Dứa: 50g, Me chua hoặc chanh: 10g, Hành boa rô: 10g, Nước lọc: 700ml, Muối: 2g, Đường ăn kiêng: 2g, Nước tương thuần chay: 5ml, Ớt: 1 trái, Tiêu: 1g","Chảo chống dính, Thớt, Dao, Muỗng, Dĩa","Nhặt và rửa sạch bông so đũa, Sơ chế nấm và cắt vừa ăn, Phi hành boa rô và cho cà chua vào xào nhẹ, Thêm nước lọc và dứa vào nấu sôi, Cho nấm và bông so đũa vào, Nêm muối đường ăn kiêng nước tương và me hoặc chanh cho vị chua ngọt hài hòa, Nấu đến khi bông so đũa vừa chín và trình bày ra tô","Ăn chay (Vegetarian), Nhẹ bụng / Ít calo",Thuần chay (Vegan)
my-quang-xao-chay,Mỳ quảng xào chay,Trung,main,lunch,42,32,easy,446,20,63,5,7,594,8,35000,75000,vegetarian,"Đậu phộng, Đậu hũ, Mì căn (Gluten)","Ngọt, Mặn, Cay, Thơm, Đậm đà",0,1,https://monngonmoingay.com/wp-content/uploads/2015/08/Mi-Quang-xao-chay-540-360.jpg,"Mì Quảng xào chay là phiên bản thuần chay của món Mì Quảng truyền thống, sử dụng rau củ và nấm làm nguyên liệu chính. Sợi mì mềm dai, xào cùng rau củ tươi và gia vị đậm đà tạo nên món ăn thơm ngon, nhẹ nhàng nhưng vẫn đầy đủ dưỡng chất.","Mì Quảng chay hoặc mì gạo: 180g, Nấm bào ngư hoặc nấm rơm: 120g, Cà rốt: 50g, Đậu que: 60g, Hành tây: 40g, Hành boa rô: 10g, Nước tương thuần chay: 10ml, Dầu thực vật: 8ml, Muối: 1g, Đường ăn kiêng: 1g, Tiêu: 1g, Đậu phộng rang giã nhỏ: 10g, Rau thơm: 5g","Chảo chống dính, Thớt, Dao, Muỗng, Dĩa","Trụng mì cho mềm và để ráo, Sơ chế rau củ và nấm rồi cắt vừa ăn, Phi thơm hành boa rô với dầu và xào nấm trước, Thêm cà rốt đậu que và hành tây vào đảo đều, Nêm nước tương muối tiêu và đường ăn kiêng, Cho mì vào xào chung đến khi thấm vị, Trình bày ra dĩa và rắc đậu phộng cùng rau thơm",Ăn chay (Vegetarian),
hu-tieu-xao-chay-vi-me,Hủ tiếu xào chay vị me,Bắc,main,dinner,90,30,medium,536,20,55,13,10,309,8,30000,60000,vegetarian,"Đậu hũ, Nước tương","Ngọt, Mặn, Chua, Cay, Thơm, Đậm đà",0,1,https://monngonmoingay.com/wp-content/uploads/2015/08/hu-tiu-xao-chay-vi-me-42aq501.jpg,"Hủ tiếu xào chay vị me là món ăn thuần chay có hương vị chua ngọt đặc trưng, nhờ nước sốt me kết hợp cùng rau củ và nấm. Sợi hủ tiếu mềm dai thấm vị, tạo nên món ăn hấp dẫn, dễ ăn và phù hợp cho thực đơn chay hoặc eatclean.","Hủ tiếu chay: 180g, Nấm bào ngư hoặc nấm rơm: 120g, Cà rốt: 50g, Đậu que: 60g, Hành tây: 40g, Hành boa rô: 10g, Me chua: 10g, Nước tương thuần chay: 10ml, Dầu thực vật: 8ml, Muối: 1g, Đường ăn kiêng: 2g, Tiêu: 1g","Chảo chống dính, Thớt, Dao, Muỗng, Dĩa","Ngâm hoặc trụng hủ tiếu cho mềm, Sơ chế rau củ và nấm rồi cắt vừa ăn, Pha me với ít nước nóng lọc lấy nước cốt, Phi thơm hành boa rô rồi xào nấm trước, Thêm cà rốt đậu que và hành tây vào đảo đều, Cho hủ tiếu vào và rưới nước me lên, Nêm nước tương muối và đường ăn kiêng, Xào đến khi thấm vị rồi trình bày ra dĩa",Ăn chay (Vegetarian),Keto / Low-carb
canh-khoai-mo,Canh khoai mỡ,Nam,main,breakfast,20,70,medium,544,18,68,12,8,397,4,30000,60000,vegetarian,"Đậu hũ (nếu nấu chay), Ngò gai","Ngọt, Mặn, Cay, Thơm, Đậm đà",0,1,https://img-global.cpcdn.com/recipes/b2986ed64ee8287b/300x426f0.384169_0.5_1.0q80/canh-khoai-m%E1%BB%A1-n%E1%BA%A5u-chay-recipe-main-photo.webp,"Canh khoai mỡ nấu chay là món canh tím đẹp mắt, có vị ngọt thanh và độ sánh tự nhiên từ khoai mỡ. Món ăn đơn giản, dễ nấu và rất thích hợp cho những bữa chay nhẹ nhàng, thanh đạm nhưng vẫn đủ dưỡng chất.","Khoai mỡ: 200g, Nấm bào ngư hoặc nấm rơm: 100g, Hành boa rô: 10g, Gừng lát: 3g, Nước lọc: 700ml, Muối: 1.5g, Đường ăn kiêng: 1g, Nước tương thuần chay: 5ml, Tiêu: 1g, Dầu mè: 3ml","Nồi hấp, Rây, Thau, Đũa, Vá","Gọt vỏ và bào hoặc nghiền khoai mỡ, Rửa sạch và cắt nấm vừa ăn, Phi thơm hành boa rô với ít dầu mè, Thêm nước lọc và gừng vào nấu sôi, Cho khoai mỡ vào khuấy đều đến khi tan sánh, Thêm nấm và nêm muối nước tương đường ăn kiêng tiêu cho vừa ăn, Nấu thêm 2 phút rồi trình bày ra tô",Ăn chay (Vegetarian),
canh-rau-den-do,Canh rau dền đỏ nấm rơm,Trung,main,dinner,42,70,easy,403,19,63,17,9,714,6,35000,65000,vegetarian,Nấm,"Ngọt, Mặn, Cay, Thơm, Đậm đà",0,1,https://img-global.cpcdn.com/recipes/3aa1b9a9d2ffb7fe/300x426cq80/canh-rau-d%E1%BB%81n-d%E1%BB%8F-n%E1%BA%A5m-r%C6%A1m-mon-chay-recipe-main-photo.webp,"Canh rau dền đỏ nấm rơm là món canh thuần chay thanh mát, có màu đỏ tím đẹp mắt từ rau dền và vị ngọt tự nhiên của nấm rơm. Món ăn nhẹ nhàng, dễ tiêu và giàu dưỡng chất, rất phù hợp cho bữa chay hoặc thực đơn eatclean.","Rau dền đỏ: 150g, Nấm rơm: 120g, Hành boa rô: 10g, Nước lọc: 700ml, Muối: 1.5g, Đường ăn kiêng: 1g, Nước tương thuần chay: 5ml, Tiêu: 1g, Dầu mè: 3ml","Nồi, Thớt, Dao, Muỗng, Đũa, Tô","Rửa sạch rau dền đỏ và để ráo, Sơ chế nấm rơm và cắt đôi nếu lớn, Phi thơm hành boa rô với dầu mè, Thêm nước lọc vào nấu sôi rồi cho nấm vào, Nêm muối đường ăn kiêng và nước tương, Thêm rau dền vào nấu đến khi vừa chín, Rắc tiêu và trình bày ra tô",Ăn chay (Vegetarian),
banh-cuon-chay,Bánh cuốn chay,Bắc,main,dinner,28,32,easy,479,13,76,12,9,342,6,30000,60000,vegetarian,"Nước tương, Chả chay","Ngọt, Mặn, Cay, Thơm, Đậm đà",1,1,https://monngonmoingay.com/wp-content/uploads/2015/08/banh-cuon-chay_CQC8751.png,"Bánh cuốn chay là món ăn thuần chay nhẹ nhàng, mềm mịn với lớp bánh làm từ bột gạo và nhân rau củ – nấm thơm ngon. Món ăn thanh đạm, dễ tiêu nhưng vẫn đầy đủ hương vị, rất phù hợp cho bữa sáng hoặc bữa chay nhẹ.","Bột bánh cuốn: 150g, Nấm mèo: 20g, Nấm đông cô hoặc nấm bào ngư: 80g, Đậu hũ trắng: 100g, Cà rốt băm: 40g, Hành boa rô: 10g, Nước tương thuần chay: 10ml, Dầu thực vật: 5ml, Muối: 1g, Đường ăn kiêng: 1g, Tiêu: 1g","Chảo chống dính, Thớt, Dao, Muỗng, Dĩa","Ngâm nấm mèo và nấm đông cô cho mềm rồi băm nhỏ, Phi hành boa rô và xào nấm cùng cà rốt và đậu hũ, Nêm muối nước tương đường ăn kiêng và tiêu, Tráng bánh cuốn mỏng rồi cho nhân vào cuốn lại, Trình bày kèm nước tương pha loãng và rau thơm",Ăn chay (Vegetarian),Keto / Low-carb
sup-hot-luu,Súp hột lựu chay,Trung,main,lunch,30,48,medium,466,19,50,10,6,733,3,35000,55000,vegetarian,Đậu hũ cắt hạt lựu,"Ngọt, Mặn, Cay, Thơm, Đậm đà",0,1,https://monngonmoingay.com/wp-content/uploads/2015/08/AGF-8405_1-sup-hot-luu-chay.png,"Súp hột lựu chay là món súp thanh nhẹ với rau củ được thái hạt lựu, mang vị ngọt tự nhiên và màu sắc bắt mắt. Món ăn mềm dễ tiêu, thích hợp cho bữa sáng, món khai vị hoặc thực đơn thuần chay – eatclean.","Cà rốt hạt lựu: 50g, Khoai tây hạt lựu: 60g, Đậu cô ve hạt lựu: 40g, Nấm bào ngư: 80g, Đậu hũ non: 80g, Bắp hạt: 40g, Hành boa rô: 10g, Nước lọc: 700ml, Bột năng pha loãng: 20ml, Muối: 1.5g, Đường ăn kiêng: 1g, Hạt nêm chay: 3g, Tiêu: 1g, Dầu mè: 3ml","Nồi, Thớt, Dao, Muỗng, Đũa, Tô","Sơ chế và cắt rau củ thành hạt lựu, Phi thơm hành boa rô với dầu mè rồi cho rau củ và nấm vào xào nhẹ, Thêm nước lọc vào nấu mềm, Cho đậu hũ vào và nêm muối đường ăn kiêng hạt nêm và tiêu, Rót bột năng pha loãng vào tạo độ sánh nhẹ, Nấu thêm 1 phút và trình bày ra tô",Ăn chay (Vegetarian),
bi-cuon-chay,Bì cuốn chay,Nam,main,lunch,20,70,easy,360,19,70,12,6,353,8,30000,50000,vegetarian,"Đậu hũ chiên, Thính gạo","Ngọt, Mặn, Cay",1,1,https://monngonmoingay.com/wp-content/uploads/2015/08/11.bicuonchay1.png,"Bì cuốn chay là món ăn thanh mát, kết hợp giữa rau sống, bún tàu, đậu hũ và các nguyên liệu tạo độ giòn như củ sắn, khoai lang. Vị chua nhẹ của dưa kiệu, mùi thơm của thính và boaro phi giúp món ăn thêm đậm đà, phù hợp cho bữa chay nhẹ hoặc thực đơn eatclean.","Chả lụa chay: 100g, Khoai lang: 100g, Củ sắn: 150g, Cà rốt: 30g, Xà lách và rau sống: 300g, Đậu hũ trắng: 1 miếng, Bún tàu: 1 lọn, Boaro phi: 1 cọng, Ớt sừng băm: 1 trái, Dưa kiệu chua: 3 củ, Nước dừa tươi: 1 chén, Muối: 2g, Tiêu: 1g, Đường: 3g, Dầu ăn: 5ml, Thính: 10g, Bánh tráng: 8 cái","Nồi hấp, Rây, Thau, Đũa, Vá","Hấp khoai lang và củ sắn rồi cắt sợi cùng cà rốt, Chiên đậu hũ rồi cắt sợi, Trộn khoai sắn cà rốt chả lụa chay thính boaro phi và gia vị cho vừa ăn, Ngâm mềm bún tàu và chuẩn bị rau sống, Làm mềm bánh tráng rồi cho nhân bì chay bún tàu rau sống dưa kiệu và ớt vào cuốn chặt, Dọn kèm nước dừa pha nhẹ hoặc nước chấm chay tùy khẩu vị",Ăn chay (Vegetarian),
canh-rong-mut,Canh rong mứt chay,Bắc,main,lunch,32,64,medium,471,12,80,16,9,717,5,30000,60000,vegetarian,,"Ngọt, Mặn, Cay, Thơm, Đậm đà",0,1,https://img-global.cpcdn.com/recipes/d6a8d2014945755c/300x426f0.5_0.50125_1.0q80/canh-rong-m%E1%BB%A9t-chay-recipe-main-photo.webp,"Canh rong mứt chay là món canh thanh mát, có vị ngọt dịu tự nhiên từ rong biển và rau củ. Món canh nhẹ nhàng, dễ tiêu, rất thích hợp cho những bữa chay hoặc những ngày cần một món ăn thanh đạm để giải nhiệt cơ thể.","Rong mứt khô: 20g, Nấm đông cô: 20g, Bắp non: 50g, Boa rô băm: 10g, Nước lọc: 700ml, Hành lá: 10g, Tiêu xay: 1g, Muối: 1g, Đường ăn kiêng: 1g, Dầu mè: 3ml","Nồi, Thớt, Dao, Muỗng, Đũa, Tô","Ngâm rong mứt cho nở và rửa sạch, Sơ chế nấm đông cô và bắp non, Phi boa rô với chút dầu mè cho thơm rồi cho nấm và bắp non vào đảo nhẹ, Thêm nước hầm rau củ vào đun sôi, Cho rong mứt vào và nêm muối đường ăn kiêng tiêu, Nấu thêm 1–2 phút rồi rắc hành lá và trình bày ra tô",Ăn chay (Vegetarian),
mam-kho-chay,Mắm kho chay,Trung,main,breakfast,38,70,easy,367,16,62,5,7,370,5,40000,80000,"vegetarian,light","Chao (Đậu hũ lên men), Tương hột","Ngọt, Mặn, Cay, Thơm",0,1,https://monngonmoingay.com/wp-content/uploads/2025/07/Mam-kho-chay.png,"Mắm kho chay là món chay đậm đà, thơm nồng từ mắm chay và sả, kết hợp cùng sườn chay, đậu hũ và cà tím. Nước dừa tươi giúp món kho thêm ngọt hậu, thấm vị, rất thích hợp cho bữa cơm chay ấm nóng.","Sườn chay lát: 120g, Đậu hũ: 150g, Cà tím: 200g, Mắm chay: 50g, Nước dừa tươi: 200ml, Bột ngọt: 6g, Dầu ăn: 10ml, Hạt nêm chay: 4g, Đường: 4g, Nước lọc: 240ml, Ớt hiểm băm: 5g, Sả cây đập dập: 60g, Sả băm: 20g","Chảo chống dính, Thớt, Dao, Muỗng, Dĩa","Ngâm sườn chay cho mềm và cắt miếng, Phi thơm sả băm và ớt với dầu ăn rồi cho sườn chay đậu hũ và cà tím vào đảo đều, Thêm mắm chay nước dừa và nước lọc vào nấu sôi, Nêm bột ngọt hạt nêm đường và sả cây, Kho lửa nhỏ đến khi nước sệt và thấm vị, Trình bày ra tô và thưởng thức","Ăn chay (Vegetarian), Nhẹ bụng / Ít calo",
cu-nang-om-nam,Củ năng om nấm chay,Trung,main,breakfast,44,30,easy,372,11,53,17,8,798,7,35000,55000,vegetarian,Nấm,"Ngọt, Mặn, Cay, Thơm, Đậm đà",0,1,https://monngonmoingay.com/wp-content/uploads/2024/08/cu-nang-om-nam-chay.jpg,"Củ năng om nấm chay là món ăn thanh ngọt tự nhiên, kết hợp độ giòn đặc trưng của củ năng với vị umami của nấm. Món om thấm vị, nhẹ nhàng nhưng giàu chất xơ và khoáng chất, rất phù hợp cho bữa chay đậm đà nhưng không dầu mỡ.","Củ năng: 200g, Nấm rơm hoặc nấm bào ngư: 150g, Đậu hũ trắng: 100g, Cà rốt: 50g, Hành boa rô: 10g, Nước tương thuần chay: 10ml, Hạt nêm chay: 5g, Đường ăn kiêng: 2g, Muối: 1g, Tiêu: 1g, Nước lọc: 200ml, Dầu ăn: 8ml","Nồi, Thớt, Dao, Muỗng, Đũa, Tô","Gọt vỏ và cắt củ năng thành miếng vừa ăn, Sơ chế nấm và cắt đậu hũ thành khối, Phi thơm hành boa rô với dầu rồi cho nấm và củ năng vào đảo nhẹ, Thêm cà rốt và nước lọc cùng gia vị gồm nước tương hạt nêm muối đường ăn kiêng và tiêu, Om lửa nhỏ đến khi các nguyên liệu thấm vị và nước hơi sệt, Trình bày ra dĩa và thưởng thức",Ăn chay (Vegetarian),
mit-om-suon-chay-cu-sen,Mít om sườn chay củ sen,Trung,main,lunch,82,30,easy,480,13,74,15,8,541,6,40000,60000,vegetarian,,"Ngọt, Mặn, Cay, Thơm, Đậm đà",0,1,https://monngonmoingay.com/wp-content/uploads/2023/05/mit-non-om-suon-chay-cu-sen.jpg,"Mít non om sườn chay củ sen là món chay đậm đà, hài hòa giữa vị bùi của mít non, độ dai của sườn chay và độ giòn tự nhiên của củ sen. Khi om cùng nước dừa và gia vị, món ăn trở nên thấm vị, thơm nồng và rất phù hợp cho bữa cơm chay ấm nóng, giàu dinh dưỡng.","Mít non: 200g, Sườn chay: 120g, Củ sen: 150g, Nấm rơm hoặc nấm đùi gà: 100g, Cà rốt: 50g, Hành boa rô: 10g, Sả cây đập dập: 2 cây (40g), Sả băm: 10g, Nước dừa tươi: 200ml, Nước tương thuần chay: 10ml, Hạt nêm chay: 5g, Đường ăn kiêng: 2g, Muối: 1g, Tiêu: 1g, Dầu ăn: 8ml, Nước lọc: 100ml","Chảo chống dính, Thớt, Dao, Muỗng, Dĩa","Ngâm sườn chay cho mềm rồi vắt ráo, Sơ chế mít non và củ sen cắt lát, Phi thơm hành boa rô và sả băm rồi cho sườn chay mít non củ sen và nấm vào đảo đều, Thêm nước dừa nước lọc và gia vị gồm nước tương hạt nêm muối đường ăn kiêng và tiêu, Om lửa nhỏ đến khi các nguyên liệu thấm và nước hơi sệt, Trình bày ra dĩa và thưởng thức",Ăn chay (Vegetarian),Thuần chay (Vegan)
nam-dui-ga-nau-canh-thanh-dam-voi-bap-cai-thuan-chay,Nấm đùi gà nấu canh thanh đạm với bắp cải (thuần chay),Trung,main,dinner,35,30,easy,567,12,73,18,9,258,8,30000,70000,"vegetarian,light","Gà, Nấm","Ngọt, Mặn, Thơm, Đậm đà",1,1,https://bizweb.dktcdn.net/100/524/612/files/ban-sao-cua-chay-ngon-41.jpg?v=1745831042668,"Nấm đùi gà nấu canh thanh đạm với bắp cải (thuần chay) là món chay Việt thanh đạm, nhiều rau và đậu, phù hợp người ăn thuần chay.","Nấm đùi gà: 200g, bắp cải: 150g, Hành boa rô phi thơm: 10g, Nước tương: 20ml, Muối: 3g, Đường: 5g, Dầu ăn thực vật: 10ml","Chảo, Nồi, Đũa, Thớt, Dao, Chén","Sơ chế và thái lát nấm đùi gà, thái sợi bắp cải và cắt nhỏ hành boa rô, Phi thơm hành boa rô với dầu ăn, Xào nấm đùi gà khoảng 3 phút cho se lại, Cho bắp cải vào xào cùng, Thêm nước và đun sôi trong 5 phút, Nêm nếm và nấu thêm 3 phút, Tắt bếp và múc canh ra tô rồi thưởng thức.","Ăn chay (Vegetarian), Nhẹ bụng / Ít calo, Thuần chay (Vegan)",
nam-dui-ga-xao-sa-ot-chay-voi-cai-bo-xoi-thuan-chay,Nấm đùi gà xào sả ớt chay với cải bó xôi (thuần chay),Trung,main,dinner,60,30,medium,414,10,61,16,9,429,7,35000,55000,vegetarian,Nước tương,"Ngọt, Mặn, Thơm, Đậm đà",0,1,https://cdn2.fptshop.com.vn/unsafe/1920x0/filters:format(webp):quality(75)/nam_dui_ga_xao_chay_ec7ad45ee0.jpg,"Nấm đùi gà xào sả ớt chay với cải bó xôi (thuần chay) là món chay Việt thanh đạm, nhiều rau và đậu, phù hợp người ăn thuần chay.","Nấm đùi gà: 200g, cải bó xôi: 150g, Hành boa rô phi thơm: 10g, Nước tương: 20ml, Muối: 3g, Đường: 5g, Dầu ăn thực vật: 10ml","Chảo chống dính, Thớt, Dao, Muỗng, Dĩa","Sơ chế và thái lát nấm đùi gà, rửa sạch cải bó xôi, băm nhỏ sả ớt và cắt nhỏ hành boa rô, Phi thơm hành boa rô, sả và ớt với dầu ăn trong 2 phút, Xào nấm đùi gà trên lửa lớn khoảng 5 phút cho chín và hơi vàng, Nêm nếm với nước tương, muối, đường và đảo đều trong 1 phút, Cho cải bó xôi vào xào nhanh trong 2 phút cho rau vừa chín tới, Tắt bếp và trình bày ra đĩa.","Ăn chay (Vegetarian), Thuần chay (Vegan)",Keto / Low-carb
nam-dui-ga-rim-gung-voi-cai-ngot-thuan-chay,Nấm đùi gà rim gừng với cải ngọt (thuần chay),Nam,main,lunch,63,70,medium,513,11,55,15,9,687,7,25000,45000,"vegetarian,light","Gà, Nấm","Ngọt, Mặn, Thơm, Đậm đà",0,1,https://www.esheepkitchen.com/wp-content/uploads/2023/03/330295044_598921298749894_5155841010475538204_n.jpeg,"Nấm đùi gà rim gừng với cải ngọt (thuần chay) là món chay Việt thanh đạm, nhiều rau và đậu, phù hợp người ăn thuần chay.","Nấm đùi gà: 200g, cải ngọt: 150g, Hành boa rô phi thơm: 10g, Nước tương: 20ml, Muối: 3g, Đường: 5g, Gừng: 1 quả, Dầu ăn thực vật: 10ml","Nồi, Thớt, Dao, Muỗng, Đũa, Tô","Sơ chế, thái lát nấm đùi gà và cắt khúc cải ngọt, thái sợi gừng và cắt nhỏ hành boa rô, Phi thơm hành boa rô và gừng với dầu ăn, Xào nấm đùi gà trên lửa vừa khoảng 3 phút, Thêm nước tương, đường, muối và một ít nước lọc vào rim (om) nhỏ lửa trong 8-10 phút cho nấm thấm gia vị và cạn nước, Trong lúc chờ rim nấm, xào cải ngọt nhanh với chút dầu và muối trong 3 phút, Cho cải ngọt đã xào vào đảo cùng nấm rim, Tắt bếp và trình bày.","Ăn chay (Vegetarian), Nhẹ bụng / Ít calo, Thuần chay (Vegan)",
dau-ga-xao-sa-ot-chay-voi-cai-ngot-thuan-chay,Đậu gà xào sả ớt chay với cải ngọt,Bắc,main,dinner,51,30,easy,481,18,71,6,6,466,7,25000,45000,"vegetarian,light",Gà,"Ngọt, Mặn, Thơm",0,1,https://thuanchay.vn/congdong/wp-content/uploads/2024/10/dau-ga-8.webp,"Đậu gà xào sả ớt chay với cải ngọt (thuần chay) là món chay Việt thanh đạm, nhiều rau và đậu, phù hợp người ăn thuần chay.","Đậu gà: 200g, cải ngọt: 150g, Hành boa rô phi thơm: 10g, Nước tương: 20ml, Muối: 3g, Đường: 5g, Dầu ăn thực vật: 10ml","Nồi, Thớt, Dao, Muỗng, Đũa, Tô","Sơ chế và rửa sạch đậu gà (nếu dùng đậu khô cần ngâm nở và luộc chín trước), cắt khúc cải ngọt, băm nhỏ sả ớt và cắt nhỏ hành boa rô, Phi thơm hành boa rô, sả và ớt với dầu ăn trong 2 phút, Xào đậu gà trên lửa lớn khoảng 3 phút cho nóng và hơi săn lại, Nêm nếm với nước tương, muối, đường và đảo đều trong 1 phút, Cho cải ngọt vào xào nhanh trong 2 phút cho rau vừa chín tới, Tắt bếp và trình bày ra đĩa.","Ăn chay (Vegetarian), Nhẹ bụng / Ít calo",Thuần chay (Vegan)
dau-lang-om-nuoc-tuong-voi-su-hao-thuan-chay,Đậu lăng om nước tương với su hào,Nam,main,lunch,82,45,medium,556,18,58,16,9,694,2,35000,75000,"vegetarian,light",,"Ngọt, Mặn, Thơm",0,1,https://bizweb.dktcdn.net/100/524/612/files/2-165306b4-e18f-4299-9bfc-57a117b60b13.jpg?v=1753167318178,"Đậu lăng om nước tương với su hào (thuần chay) là món chay Việt thanh đạm, nhiều rau và đậu, phù hợp người ăn thuần chay.","Đậu lăng: 200g, su hào: 150g, Hành boa rô phi thơm: 10g, Nước tương: 20ml, Muối: 3g, Đường: 5g, Dầu ăn thực vật: 10ml","Chảo, Nồi, Đũa, Thớt, Dao, Chén","Ngâm đậu lăng trong nước khoảng 30 phút rồi để ráo, gọt vỏ và thái miếng su hào, Phi thơm hành boa rô với dầu ăn, Xào su hào và đậu lăng ráo nước trong 3-4 phút, Thêm nước tương, đường, muối và nước ngập mặt nguyên liệu, Om (đun sôi nhỏ lửa) trong 15-20 phút cho đậu lăng chín mềm và su hào thấm vị, Tắt bếp và trình bày ra đĩa.","Ăn chay (Vegetarian), Nhẹ bụng / Ít calo",
dau-ga-rim-gung-voi-cai-ngot-thuan-chay,Đậu gà rim gừng với cải ngọt,Trung,main,lunch,57,70,easy,395,13,80,10,7,253,6,30000,50000,vegetarian,Gà,"Ngọt, Mặn, Thơm",1,1,https://monngonmoingay.com/wp-content/uploads/2015/08/CQC6603-cuon-dau-hu-kho-gung.png,"Đậu gà rim gừng với cải ngọt (thuần chay) là món chay Việt thanh đạm, nhiều rau và đậu, phù hợp người ăn thuần chay.","Đậu gà: 200g, cải ngọt: 150g, Hành boa rô phi thơm: 10g, Nước tương: 20ml, Muối: 3g, Đường: 5g, Dầu ăn thực vật: 10ml","Nồi hấp, Rây, Thau, Đũa, Vá","Ngâm đậu gà khô trong nước ít nhất 4 giờ (hoặc qua đêm) rồi luộc chín mềm, gọt vỏ và thái sợi gừng, cắt khúc cải ngọt, Phi thơm hành boa rô và gừng với dầu ăn trong 2 phút, Cho đậu gà đã luộc vào chảo, thêm nước tương, đường, muối và một ít nước, Rim (om) nhỏ lửa trong 8-10 phút cho thấm gia vị, Xào riêng cải ngọt với chút dầu và muối trong 2-3 phút cho vừa chín tới, Trộn đều cải ngọt đã xào vào đậu gà rim, Tắt bếp và trình bày.",Ăn chay (Vegetarian),Thuần chay (Vegan)
nam-dui-ga-rim-gung-voi-bi-do-thuan-chay,Nấm đùi gà rim gừng với bí đỏ,Nam,main,breakfast,62,42,easy,381,10,68,7,10,408,3,30000,60000,"vegetarian,light","Gà, Bí đỏ, Nấm","Ngọt, Mặn, Thơm, Đậm đà",0,1,https://img-global.cpcdn.com/recipes/9f3d906eb8298c14/1200x630cq80/photo.jpg,"Nấm đùi gà rim gừng với bí đỏ (thuần chay) là món chay Việt thanh đạm, nhiều rau và đậu, phù hợp người ăn thuần chay.","Nấm đùi gà: 200g, bí đỏ: 150g, Hành boa rô phi thơm: 10g, Nước tương: 20ml, Muối: 3g, Đường: 5g, Dầu ăn thực vật: 10ml","Nồi, Thớt, Dao, Muỗng, Đũa, Tô","Sơ chế và thái lát nấm đùi gà, gọt vỏ và thái miếng bí đỏ, thái sợi gừng và cắt nhỏ hành boa rô, Phi thơm hành boa rô và gừng với dầu ăn, Xào bí đỏ trên lửa vừa khoảng 3-4 phút, Cho nấm đùi gà vào xào cùng, Thêm nước tương, đường, muối và một ít nước rồi rim nhỏ lửa trong 10-12 phút cho bí đỏ chín mềm, Tắt bếp và trình bày.","Ăn chay (Vegetarian), Nhẹ bụng / Ít calo",Thuần chay (Vegan)
dau-ga-om-nuoc-tuong-voi-bap-cai-thuan-chay,Đậu gà om nước tương với bắp cải,Trung,main,breakfast,53,70,medium,371,14,80,8,5,307,8,25000,45000,vegetarian,Gà,"Ngọt, Mặn, Thơm",1,1,https://cdn.tgdd.vn/2020/09/CookRecipe/Avatar/ga-nau-dau-chay-thumbnail.jpg,"Đậu gà om nước tương với bắp cải (thuần chay) là món chay Việt thanh đạm, nhiều rau và đậu, phù hợp người ăn thuần chay.","Đậu gà: 200g, bắp cải: 150g, Hành boa rô phi thơm: 10g, Nước tương: 20ml, Muối: 3g, Đường: 5g, Dầu ăn thực vật: 10ml","Nồi hấp, Rây, Thau, Đũa, Vá","Ngâm đậu gà khô trong nước ít nhất 4 giờ rồi luộc chín mềm, thái sợi bắp cải và cắt nhỏ hành boa rô, Phi thơm hành boa rô với dầu ăn, Xào bắp cải và đậu gà đã luộc trong 3 phút, Thêm nước tương, đường, muối và một lượng nước vừa phải, Om (đun sôi nhỏ lửa) trong 8-10 phút cho gia vị thấm đều, Tắt bếp và trình bày.",Ăn chay (Vegetarian),Thuần chay (Vegan)
dau-lang-kho-chay-voi-bap-cai-thuan-chay,Đậu lăng kho chay với bắp cải (thuần chay),Bắc,main,dinner,27,35,medium,562,19,69,15,10,250,2,35000,55000,"vegetarian,light",,"Ngọt, Mặn, Thơm",0,1,https://monngonmoingay.com/wp-content/uploads/2020/12/bap-cai-cuon-kho-chay-880.webp,"Đậu lăng kho chay với bắp cải (thuần chay) là món chay Việt thanh đạm, nhiều rau và đậu, phù hợp người ăn thuần chay.","Đậu lăng: 200g, bắp cải: 150g, Hành boa rô phi thơm: 10g, Nước tương: 20ml, Muối: 3g, Đường: 5g, Dầu ăn thực vật: 10ml","Chảo, Nồi, Đũa, Thớt, Dao, Chén","Sơ chế và cắt nhỏ nguyên liệu, Phi thơm hành boa rô, Cho Đậu lăng và bắp cải vào xào/nấu chín, Nêm nếm lại cho vừa khẩu vị và tắt bếp","Ăn chay (Vegetarian), Nhẹ bụng / Ít calo, Thuần chay (Vegan)",
dau-lang-nau-canh-thanh-dam-voi-bi-do-thuan-chay,Đậu lăng nấu canh thanh đạm với bí đỏ (thuần chay),Bắc,main,breakfast,82,65,medium,578,18,65,10,10,779,2,30000,50000,vegetarian,Bí đỏ,"Ngọt, Mặn, Thơm",1,1,https://cdn.tgdd.vn/Files/2019/12/28/1228884/cach-nau-dau-lang-do-thanh-cac-mon-tuyet-ngon-202201061130467124.jpg,"Đậu lăng nấu canh thanh đạm với bí đỏ (thuần chay) là món chay Việt thanh đạm, nhiều rau và đậu, phù hợp người ăn thuần chay.","Đậu lăng: 200g, bí đỏ: 150g, Hành boa rô phi thơm: 10g, Nước tương: 20ml, Muối: 3g, Đường: 5g, Dầu ăn thực vật: 10ml","Chảo chống dính, Thớt, Dao, Muỗng, Dĩa","Ngâm đậu lăng trong nước khoảng 30 phút rồi để ráo, gọt vỏ và thái miếng bí đỏ, Phi thơm hành boa rô với dầu ăn, Xào bí đỏ và đậu lăng ráo nước trong 3-4 phút, Thêm nước lọc (khoảng 600-700ml), nước tương, đường, muối, Đun sôi rồi hạ lửa nhỏ nấu thêm 15-20 phút cho đậu và bí chín mềm, Nêm nếm lại cho vừa ăn và tắt bếp.","Ăn chay (Vegetarian), Thuần chay (Vegan)",
mien-yen-mach-can-det-trung-ga-nuoc-trong,Miến yến mạch cán dẹt Trứng gà nước trong,Nam,main,dinner,54,30,medium,314,30,58,18,6,475,4,35000,55000,eatclean,"Nước mắm, Trứng","Mặn, Cay, Thơm",0,1,https://cdn.nhathuoclongchau.com.vn/v1/static/yen_mach_can_det_la_gi_loi_ich_cua_yen_mach_can_det_3_86b43009c9.jpg,"Miến yến mạch cán dẹt Trứng gà nước trong là món ăn Eat Clean kiểu Việt, đủ đạm - tinh bột tốt - rau xanh, thích hợp cho người kiểm soát cân nặng.","Trứng gà: 120g, yến mạch cán dẹt: 100g, cà rốt: 100g, Dầu ôliu: 10ml, Nước mắm nhạt/ muối: 3g, Tiêu: 2g, Hành tỏi băm: 10g","Nồi hấp, Rây, Thau, Đũa, Vá","Sơ chế và thái sợi cà rốt, đánh tan trứng gà, Phi thơm hành tỏi băm với dầu ô liu, Xào cà rốt trong 3 phút, Thêm nước (khoảng 500ml) và đun sôi trong 5 phút, Nêm nếm với nước mắm nhạt/muối và tiêu, Cho yến mạch cán dẹt vào và nấu thêm 5 phút cho chín mềm, Rót từ từ trứng gà vào nồi và khuấy đều trong 2 phút để tạo sợi trứng, Tắt bếp và múc ra tô.",Eat clean,"Thuần chay (Vegan), Ăn chay (Vegetarian), Keto / Low-carb"
mien-mien-dong-trung-ga-nuoc-trong,Miến miến dong Trứng gà nước trong,Trung,main,dinner,69,30,medium,466,26,64,18,7,443,7,25000,45000,eatclean,"Gà, Trứng","Mặn, Cay, Thơm",0,1,https://i.ytimg.com/vi/5gHezak6HMY/maxresdefault.jpg,"Miến miến dong Trứng gà nước trong là món ăn Eat Clean kiểu Việt, đủ đạm - tinh bột tốt - rau xanh, thích hợp cho người kiểm soát cân nặng.","Trứng gà: 120g, miến dong: 100g, dưa leo: 100g, Dầu ôliu: 10ml, Nước mắm nhạt/ muối: 3g, Tiêu: 2g, Hành tỏi băm: 10g","Chảo chống dính, Thớt, Dao, Muỗng, Dĩa","Sơ chế và thái sợi dưa leo, đánh tan trứng gà, ngâm miến dong trong nước lạnh 5 phút cho mềm rồi để ráo, Phi thơm hành tỏi băm với dầu ô liu, Thêm nước (khoảng 500ml) và đun sôi trong 5 phút, Nêm nếm với nước mắm nhạt/muối và tiêu, Cho miến dong vào và nấu thêm 3 phút cho chín, Rót từ từ trứng gà vào nồi và khuấy đều trong 2 phút để tạo sợi trứng, Cho dưa leo vào, tắt bếp ngay và múc ra tô.",Eat clean,"Thuần chay (Vegan), Ăn chay (Vegetarian), Keto / Low-carb"
com-gao-lut-uc-ga-ca-rot-eat-clean,Cơm gạo lứt Ức gà cà rốt eat clean,Nam,main,dinner,41,70,medium,434,19,68,8,6,365,6,40000,60000,eatclean,Nước mắm,"Mặn, Cay, Thơm",1,1,https://www.lemon8-app.com/seo/image?item_id=7504983171272819216&index=2&sign=17b5b6ef8d5022251cbaccf4b0acf902,"Cơm gạo lứt Ức gà cà rốt eat clean là món ăn Eat Clean kiểu Việt, đủ đạm - tinh bột tốt - rau xanh, thích hợp cho người kiểm soát cân nặng.","Ức gà: 120g, gạo lứt: 100g, cà rốt: 100g, Dầu ôliu: 10ml, Nước mắm nhạt/ muối: 3g, Tiêu: 2g, Hành tỏi băm: 10g","Nồi hấp, Rây, Thau, Đũa, Vá","Vo sạch gạo lứt và ngâm trong nước ít nhất 30 phút rồi nấu chín như cơm thường, Thái hạt lựu ức gà và cà rốt, Ướp ức gà với một nửa phần hành tỏi băm, nước mắm nhạt/muối và tiêu trong 15 phút, Phi thơm phần hành tỏi còn lại với dầu ô liu, Xào chín ức gà đã ướp trong 5-7 phút, Xào cà rốt trong 3-4 phút cho chín tới, Trộn đều cơm gạo lứt, ức gà và cà rốt đã xào, Tắt bếp và trình bày.",Eat clean,"Thuần chay (Vegan), Ăn chay (Vegetarian), Keto / Low-carb"
salad-dau-hu-rau-cu-tong-hop-sot-sua-chua,Salad Đậu hũ rau củ tổng hợp sốt sữa chua,Trung,main,breakfast,88,70,medium,496,30,52,8,9,415,4,25000,65000,eatclean,"Đậu hũ, Sữa","Mặn, Cay, Thơm",0,1,https://cdn.tgdd.vn/2020/10/CookRecipe/Avatar/salad-dau-hu-rau-cu-thumbnail.jpg,"Salad Đậu hũ rau củ tổng hợp sốt sữa chua là món ăn Eat Clean kiểu Việt, đủ đạm - tinh bột tốt - rau xanh, thích hợp cho người kiểm soát cân nặng.","Đậu hũ: 120g, yến mạch cán dẹt: 100g, rau củ tổng hợp: 100g, Dầu ôliu: 10ml, Nước mắm nhạt/ muối: 3g, Tiêu: 2g, Hành tỏi băm: 10g","Nồi hấp, Rây, Thau, Đũa, Vá","Cắt đậu hũ thành miếng vừa ăn, trộn đều với dầu ô liu, một ít muối và tiêu, Nướng hoặc áp chảo đậu hũ trong 15-20 phút đến khi vàng giòn, Trộn yến mạch cán dẹt với chút dầu ô liu và nướng ở 180°C trong 5-7 phút cho giòn, Chuẩn bị sốt bằng cách trộn đều sữa chua không đường với nước mắm nhạt, tỏi băm và một ít tiêu, Xếp các loại rau củ tươi (như xà lách, cà chua bi, dưa leo) ra đĩa, Rắc đậu hũ và yến mạch đã nướng giòn lên trên, Rưới đều sốt sữa chua lên salad ngay trước khi dùng để giữ độ giòn.",Eat clean,"Thuần chay (Vegan), Không sữa"
salad-ca-basa-rau-cu-tong-hop-sot-sua-chua,Salad Cá basa rau củ tổng hợp sốt sữa chua,Bắc,main,dinner,66,30,medium,400,21,44,14,5,392,5,40000,60000,eatclean,"Cá, Sữa","Mặn, Cay, Thơm",1,1,https://img-global.cpcdn.com/steps/c5298f2be7fc769f/640x640sq80/photo.webp,"Salad Cá basa rau củ tổng hợp sốt sữa chua là món ăn Eat Clean kiểu Việt, đủ đạm - tinh bột tốt - rau xanh, thích hợp cho người kiểm soát cân nặng.","Cá basa: 120g, miến dong: 100g, rau củ tổng hợp: 100g, Dầu ôliu: 10ml, Nước mắm nhạt/ muối: 3g, Tiêu: 2g, Hành tỏi băm: 10g","Nồi hấp, Rây, Thau, Đũa, Vá","Ướp cá basa với gia vị 15 phút, Áp chảo cá chín vàng 5-7 phút rồi xé tơi, Ngâm và trụng miến dong mềm 5 phút, Trộn sốt sữa chua với tỏi và gia vị, Xếp rau củ tươi, miến và cá ra đĩa, Rưới sốt, trộn đều và thưởng thức ngay để cảm nhận độ tươi mát và vị béo ngậy hài hòa.",Eat clean,"Thuần chay (Vegan), Ăn chay (Vegetarian), Không sữa"
to-bun-gao-lut-ca-basa-ap-chao-cung-bong-cai-xanh,Bún gạo lứt Cá basa áp chảo cùng bông cải xanh,Trung,main,dinner,50,39,easy,420,23,40,9,9,484,2,40000,70000,eatclean,"Cá, Gạo lứt, Bông cải","Mặn, Cay, Thơm",1,1,https://mrecohealthy.com/wp-content/uploads/2022/10/FRAME-16.jpg,"Tô bún gạo lứt Cá basa áp chảo cùng bông cải xanh là món ăn Eat Clean kiểu Việt, đủ đạm - tinh bột tốt - rau xanh, thích hợp cho người kiểm soát cân nặng.","Cá basa: 120g, bún gạo lứt: 100g, bông cải xanh: 100g, Dầu ôliu: 10ml, Nước mắm nhạt/ muối: 3g, Tiêu: 2g, Hành tỏi băm: 10g","Nồi hấp, Rây, Thau, Đũa, Vá","Ướp cá basa với hành tỏi băm, nước mắm nhạt và tiêu trong 15 phút, Luộc hoặc hấp bông cải xanh chín tới trong 3-4 phút, Chần bún gạo lứt qua nước sôi 1-2 phút rồi để ráo, Áp chảo cá với dầu ô liu trong 5-7 phút đến khi chín vàng hai mặt, Xếp bún ra đĩa, cá và bông cải xanh lên trên, Phần nước mắm chấm chua ngọt hoặc rưới chút nước tương, dùng ngay khi còn nóng để thưởng thức vị cá béo thơm hòa quyện với bún gạo lứt dai ngon và bông cải xanh giòn ngọt.",Eat clean,"Thuần chay (Vegan), Ăn chay (Vegetarian), Keto / Low-carb"
to-gao-lut-dau-hu-ap-chao-cung-ca-chua-bi,Gạo lứt Đậu hũ áp chảo cùng cà chua bi,Bắc,main,lunch,58,30,medium,537,24,46,9,9,700,6,40000,80000,eatclean,"Đậu hũ, Gạo lứt","Mặn, Cay, Thơm",1,1,https://mrecohealthy.com/wp-content/uploads/2022/11/bun-gao-lut-tron-rau-cu.jpg,"bún gạo lứt Đậu hũ áp chảo cùng cà chua bi là món ăn Eat Clean kiểu Việt, đủ đạm - tinh bột tốt - rau xanh, thích hợp cho người kiểm soát cân nặng.","Đậu hũ: 120g, gạo lứt: 100g, cà chua bi: 100g, Dầu ôliu: 10ml, Nước mắm nhạt/ muối: 3g, Tiêu: 2g, Hành tỏi băm: 10g","Nồi, Thớt, Dao, Muỗng, Đũa, Tô","Chần bún gạo lứt qua nước sôi 1-2 phút rồi để ráo, Áp chảo đậu hũ với dầu ô liu trong 6-8 phút đến khi vàng giòn hai mặt, Xào nhanh cà chua bi trong 2-3 phút cho hé vỏ, Xếp bún ra đĩa, đậu hũ và cà chua bi lên trên, Rưới nước tương pha tỏi ớt hoặc sốt mè rang, dùng ngay khi đậu hũ còn nóng giòn, tạo nên một bữa ăn nhẹ nhàng, bổ dưỡng và đầy màu sắc.",Eat clean,
to-mien-dong-dau-hu-ap-chao-cung-ca-rot,Miến dong Đậu hũ áp chảo cùng cà rốt,Bắc,main,breakfast,32,36,easy,453,16,49,13,8,695,7,25000,65000,eatclean,Đậu hũ,"Mặn, Cay, Thơm",0,1,https://i.ytimg.com/vi/S1FYEAgPyCE/maxresdefault.jpg,"Tô miến dong Đậu hũ áp chảo cùng cà rốt là món ăn Eat Clean kiểu Việt, đủ đạm - tinh bột tốt - rau xanh, thích hợp cho người kiểm soát cân nặng.","Đậu hũ: 120g, miến dong: 100g, cà rốt: 100g, Dầu ôliu: 10ml, Nước mắm nhạt/ muối: 3g, Tiêu: 2g, Hành tỏi băm: 10g","Nồi, Thớt, Dao, Muỗng, Đũa, Tô","Sơ chế và cắt nhỏ nguyên liệu, Luộc/hấp miến dong và cà rốt cho chín tới, Áp chảo hoặc luộc Đậu hũ cho chín, Sắp xếp vào tô/dĩa, rưới sốt nhẹ và dùng ngay",Eat clean,Keto / Low-carb
mien-dong-ca-basa-bong-cai-xanh-eat-clean,Miến dong bông cải xanh,Nam,main,breakfast,32,36,easy,398,24,67,16,5,694,4,25000,55000,eatclean,"Cá basa, Nước mắm","Mặn, Cay, Thơm",1,1,https://cdn2.fptshop.com.vn/unsafe/2024_1_26_638418658114931892_mien-xao-rau-cu.jpg,"Miến dong bông cải xanh eat clean là món ăn Eat Clean kiểu Việt, đủ đạm - tinh bột tốt - rau xanh, thích hợp cho người kiểm soát cân nặng.","Miến dong: 100g, bông cải xanh: 100g, Dầu ôliu: 10ml, Nước mắm nhạt/ muối: 3g, Tiêu: 2g, Hành tỏi băm: 10g","Chảo chống dính, Thớt, Dao, Muỗng, Dĩa","Sơ chế và cắt nhỏ nguyên liệu, Luộc/hấp miến dong và bông cải xanh cho chín tới,  Sắp xếp vào tô/dĩa, rưới sốt nhẹ và dùng ngay",Eat clean,"Thuần chay (Vegan), Ăn chay (Vegetarian), Keto / Low-carb"
salad-dau-hu-bong-cai-xanh-sot-sua-chua,Salad Đậu hũ bông cải xanh sốt sữa chua,Bắc,main,dinner,32,36,medium,428,20,58,17,4,596,6,30000,60000,eatclean,"Đậu hũ, Sữa, Bông cải","Mặn, Cay, Thơm",0,1,https://img-global.cpcdn.com/recipes/79f313660f542a2d/1200x630cq80/photo.jpg,"Salad Đậu hũ bông cải xanh sốt sữa chua là món ăn Eat Clean kiểu Việt, đủ đạm - tinh bột tốt - rau xanh, thích hợp cho người kiểm soát cân nặng.","Đậu hũ: 120g, bún gạo lứt: 100g, bông cải xanh: 100g, Dầu ôliu: 10ml, Nước mắm nhạt/ muối: 3g, Tiêu: 2g, Hành tỏi băm: 10g","Nồi hấp, Rây, Thau, Đũa, Vá","Sơ chế và cắt nhỏ nguyên liệu, Luộc/hấp bún gạo lứt và bông cải xanh cho chín tới, Áp chảo hoặc luộc Đậu hũ cho chín, Sắp xếp vào tô/dĩa, rưới sốt nhẹ và dùng ngay",Eat clean,"Thuần chay (Vegan), Không sữa"
mien-dong-tom-bi-do-eat-clean,Miến dong Tôm bí đỏ eat clean,Bắc,main,lunch,60,42,medium,512,29,46,11,6,307,7,25000,45000,eatclean,"Tôm, Nước tương","Mặn, Cay, Thơm",0,1,https://scontent.fsgn2-7.fna.fbcdn.net/v/t39.30808-6/509223508_1406552287695899_2813803973792504226_n.jpg?stp=cp6_dst-jpg_tt6&_nc_cat=100&ccb=1-7&_nc_sid=127cfc&_nc_ohc=lJWq0WmM4kIQ7kNvwHXZA-X&_nc_oc=AdlV9sX6p3Rb-ST_zddPD-taH2RsdDb3AuDBQXgv7npbDVt_HtHIZek9KjmUpw83Dso&_nc_zt=23&_nc_ht=scontent.fsgn2-7.fna&_nc_gid=JDsYm4e0tLhGzEMoC62R-Q&oh=00_Aflx9kb6FiZoU4EXuXwcRpNATiISCgiH61Tu34PjTN00zA&oe=69540E4B,"Miến dong tôm bí đỏ eat clean là món ăn nhẹ nhàng, ít tinh bột xấu, kết hợp miến dong dai mềm, tôm tươi giàu đạm và bí đỏ ngọt tự nhiên. Món ăn có màu sắc bắt mắt, dễ tiêu, phù hợp cho thực đơn giảm cân, giữ dáng hoặc ăn uống lành mạnh hằng ngày.","Miến dong: 80g, Tôm tươi bóc vỏ: 120g, Bí đỏ: 150g, Cải bó xôi hoặc cải thìa: 80g, Hành tây: 40g, Tỏi băm: 5g, Dầu ôliu: 5ml, Muối: 1g, Tiêu: 1g, Nước lọc: 100ml, Nước tương: 5ml","Nồi hấp, Rây, Thau, Đũa, Vá","Ngâm miến dong cho mềm rồi để ráo, Hấp hoặc luộc bí đỏ đến khi mềm, Xào tỏi với dầu ôliu rồi cho tôm vào đảo chín, Thêm hành tây cải bó xôi và bí đỏ vào đảo đều, Cho miến dong vào và nêm muối tiêu cùng chút nước tương, Xào đến khi thấm vị rồi trình bày ra dĩa",Eat clean,"Thuần chay (Vegan), Ăn chay (Vegetarian), Keto / Low-carb"
bun-bun-gao-lut-tom-tron-rau-song,Bún  gạo lứt Tôm trộn rau sống,Trung,main,breakfast,41,30,medium,494,15,67,9,6,525,2,25000,55000,eatclean,"Tôm, Nước mắm","Mặn, Cay, Thơm",1,1,https://img-global.cpcdn.com/recipes/fb0d3ea095929cd0/1200x630cq80/photo.jpg,"Bún gạo lứt Tôm trộn rau sống là món ăn Eat Clean kiểu Việt, đủ đạm - tinh bột tốt - rau xanh, thích hợp cho người kiểm soát cân nặng.","Tôm: 120g, bún gạo lứt: 100g, cải bó xôi: 100g, Dầu ôliu: 10ml, Nước mắm nhạt/ muối: 3g, Tiêu: 2g, Hành tỏi băm: 10g","Chảo chống dính, Thớt, Dao, Muỗng, Dĩa","Sơ chế tôm và ngâm bún gạo lứt cho mềm; trụng bún với nước sôi và để ráo, Phi thơm hành tỏi với dầu ô liu 1 phút, Xào tôm 3–4 phút đến khi săn và hồng, Nêm nước mắm nhạt/ muối và tiêu, Trụng nhanh cải bó xôi hoặc để sống, Trộn bún – tôm – cải bó xôi với chút dầu ô liu, Trình bày ra tô và thưởng thức.",Eat clean,"Thuần chay (Vegan), Ăn chay (Vegetarian), Keto / Low-carb"
salad-ma-dui-ga,Salad má đùi gà,Bắc,main,lunch,38,30,medium,505,28,57,15,6,265,2,40000,70000,eatclean,"Sốt kem/Sữa chua, Gà","Mặn, Chua, Cay, Thơm, Béo",1,1,https://img-global.cpcdn.com/recipes/85f287d3b00cba48/300x426f0.5_0.500105_1.0q80/salad-ma-dui-ga-eatclean-recipe-main-photo.webp,"Salad má đùi gà là món ăn eat clean giàu đạm, ít tinh bột và giàu chất xơ. Má đùi gà mềm mọng, kết hợp rau xanh và sốt dầu ôliu – chanh giúp món salad thanh nhẹ nhưng vẫn đủ năng lượng cho bữa ăn lành mạnh.","Má đùi gà: 150g, Xà lách: 80g, Dưa leo: 60g, Cà chua bi: 60g, Hành tây lát mỏng: 20g, Bơ chín: 50g, Dầu ôliu: 10ml, Nước cốt chanh: 5ml, Muối: 1g, Tiêu: 1g","Chảo chống dính, Thớt, Dao, Muỗng, Dĩa","Ướp má đùi gà với muối tiêu rồi áp chảo đến khi chín, Rửa và sơ chế rau củ, Cắt gà thành miếng và trộn cùng xà lách dưa leo cà chua bi bơ và hành tây, Rưới dầu ôliu và nước chanh, Trộn đều và trình bày ra dĩa",Eat clean,"Thuần chay (Vegan), Ăn chay (Vegetarian)"
uc-ga-sot-cam,Ức gà sốt cam,Nam,main,breakfast,36,70,medium,383,16,42,11,6,349,4,35000,55000,eatclean,Gà,"Ngọt, Mặn, Cay, Thơm",1,1,https://img-global.cpcdn.com/recipes/34090b0a87ccad36/300x426f0.5_0.496366_1.0q80/eat-clean-%E1%BB%A9c-ga-s%E1%BB%91t-cam-recipe-main-photo.webp,"Ức gà sốt cam là món ăn eat clean giàu protein, ít chất béo, kết hợp vị chua ngọt tự nhiên của cam với ức gà mềm thơm. Món ăn thanh nhẹ nhưng đủ dưỡng chất, phù hợp cho bữa trưa hoặc tối lành mạnh, hỗ trợ giảm cân và giữ dáng.","Ức gà: 150g, Nước cam vắt: 80ml, Vỏ cam bào nhuyễn: 2g, Tỏi băm: 5g, Mật ong: 5g, Muối: 1g, Tiêu: 1g, Dầu ôliu: 5ml, Nước lọc: 20ml","Nồi, Thớt, Dao, Muỗng, Đũa, Tô","Ướp ức gà với muối tiêu và tỏi, Áp chảo ức gà đến khi vàng hai mặt, Pha sốt cam gồm nước cam mật ong vỏ cam và nước lọc rồi đổ vào chảo, Rim lửa nhỏ đến khi sốt sệt và thấm vào gà, Cắt lát và trình bày ra dĩa",Eat clean,"Thuần chay (Vegan), Ăn chay (Vegetarian)"
khoai-lang-ca-basa-ap-chao-cung-rau-cu-tong-hop,Khoai lang Cá basa áp chảo cùng rau củ tổng hợp,Nam,main,lunch,20,70,medium,454,25,49,12,7,648,3,35000,55000,eatclean,"Cá, Khoai lang","Mặn, Chua, Cay, Thơm",0,1,https://i.ytimg.com/vi/avTVASFjUQU/hq720.jpg?sqp=-oaymwEhCK4FEIIDSFryq4qpAxMIARUAAAAAGAElAADIQj0AgKJD&rs=AOn4CLBQV9w8GT6YvKjp7xTvoJLLAIZ2iA,"Khoai lang cá basa áp chảo cùng rau củ tổng hợp là món ăn eat clean đơn giản, lành mạnh với sự kết hợp giữa khoai lang giàu chất xơ, cá basa giàu đạm và nhóm rau củ giàu vitamin. Món ăn nhẹ bụng, dễ tiêu, phù hợp cho thực đơn giảm cân hoặc duy trì vóc dáng.","Khoai lang hấp: 180g, Cá basa phi lê: 150g, Bông cải xanh: 80g, Cà rốt: 50g, Đậu que: 60g, Dầu ôliu: 8ml, Muối: 1g, Tiêu: 1g, Tỏi băm: 5g, Nước cốt chanh: 5ml","Chảo, Nồi, Đũa, Thớt, Dao, Chén","Hấp khoai lang đến khi chín mềm, Sơ chế và luộc bông cải cà rốt và đậu que chín tới, Ướp cá basa với muối tiêu và tỏi rồi áp chảo đến khi vàng thơm, Xếp khoai lang rau củ và cá ra dĩa, Rưới dầu ôliu và nước chanh, Trình bày và thưởng thức",Eat clean,"Thuần chay (Vegan), Ăn chay (Vegetarian)"
salad-tom-cai-bo-xoi-sot-sua-chua,Salad Tôm cải bó xôi sốt sữa chua,Bắc,main,lunch,31,30,medium,417,24,57,16,8,708,3,30000,70000,eatclean,"Cá hồi, Sữa chua","Ngọt, Mặn, Chua, Cay, Thơm, Béo",0,1,https://img-global.cpcdn.com/recipes/a0fa1c43289c8089/1200x630cq80/photo.jpg,"Salad tôm cải bó xôi sốt sữa chua là món ăn thanh mát, ít calo nhưng giàu đạm và vitamin. Tôm áp chảo thơm ngọt kết hợp cải bó xôi tươi và sốt sữa chua béo nhẹ tạo nên món salad hài hòa, phù hợp cho thực đơn eat clean, giảm cân hoặc bữa ăn nhẹ dinh dưỡng.","Tôm tươi bóc vỏ: 120g, Cải bó xôi: 80g, Dưa leo: 60g, Cà chua bi: 60g, Sữa chua không đường: 80g, Nước cốt chanh: 5ml, Dầu ôliu: 5ml, Muối: 1g, Tiêu: 1g, Tỏi băm: 3g","Chảo chống dính, Thớt, Dao, Muỗng, Dĩa","Ướp tôm với muối tiêu và tỏi rồi áp chảo đến khi chín, Rửa sạch cải bó xôi dưa leo và cà chua bi, Trộn sữa chua với nước chanh và dầu ôliu làm sốt, Cho tôm và rau củ vào tô trộn đều với sốt sữa chua, Trình bày ra dĩa và thưởng thức",Eat clean,"Thuần chay (Vegan), Ăn chay (Vegetarian), Keto / Low-carb, Không sữa"
bun-gao-lut-tron-rau-cu-thit-bo,Bún gạo lứt trộn rau củ thịt bò,Nam,main,lunch,30,33,easy,346,25,51,11,8,689,4,30000,50000,eatclean,"Bò, Gạo lứt","Mặn, Chua, Cay, Thơm, Đậm đà",0,1,https://cdn.tgdd.vn/2021/05/CookRecipe/Avatar/bun-gao-lut-tron-rau-cu-thit-bo-thumbnail.jpg,"Bún gạo lứt trộn rau củ thịt bò là món eat clean cân bằng giữa tinh bột tốt, đạm nạc và chất xơ. Bò áp chảo mềm thơm, rau củ tươi giòn kết hợp bún gạo lứt giúp món ăn vừa no lâu vừa nhẹ bụng, phù hợp cho thực đơn giảm cân và giữ dáng.","Bún gạo lứt: 150g, Thịt bò thăn: 120g, Dưa leo: 60g, Cà rốt: 50g, Bắp cải tím: 60g, Rau xà lách: 50g, Tỏi băm: 5g, Dầu ôliu: 5ml, Nước cốt chanh: 5ml, Nước tương: 5ml, Muối: 1g, Tiêu: 1g","Nồi hấp, Rây, Thau, Đũa, Vá","Luộc bún gạo lứt rồi để ráo, Áp chảo thịt bò đã ướp muối tiêu và tỏi rồi cắt lát, Sơ chế và cắt sợi rau củ, Trộn bún với rau củ và bò cùng nước tương dầu ôliu và nước chanh, Trình bày ra tô và thưởng thức",Eat clean,"Thuần chay (Vegan), Ăn chay (Vegetarian), Keto / Low-carb"
bun-bun-gao-lut-ca-hoi-tron-rau-song,Bún gạo lứt Cá hồi trộn rau sống,Bắc,main,breakfast,28,33,easy,395,22,63,10,7,278,4,25000,55000,eatclean,"Cá, Gạo lứt","Mặn, Chua, Cay, Thơm",0,1,"https://photos.tryotter.com/cdn-cgi/image/fit=crop,width=492,height=267,quality=60,format=auto/menu-photos/13183c96-f70d-413f-9548-f7c8a8bd3e79.jpeg","Bún gạo lứt cá hồi trộn rau sống là món eat clean giàu đạm, omega-3 và chất xơ. Cá hồi áp chảo béo mềm hòa cùng rau sống tươi mát và bún gạo lứt giúp món ăn thanh nhẹ, dinh dưỡng và rất phù hợp cho thực đơn giảm cân hoặc bữa trưa nhanh gọn lành mạnh.","Bún gạo lứt: 150g, Cá hồi phi lê: 120g, Xà lách: 60g, Dưa leo: 60g, Cà rốt: 40g, Rau thơm: 20g, Dầu ôliu: 5ml, Nước cốt chanh: 5ml, Muối: 1g, Tiêu: 1g, Tỏi băm: 3g","Nồi hấp, Rây, Thau, Đũa, Vá","Luộc bún gạo lứt rồi để ráo, Ướp cá hồi với muối tiêu và tỏi rồi áp chảo vàng thơm, Sơ chế và cắt nhỏ rau sống dưa leo và cà rốt, Trộn bún với rau sống và cá hồi cắt miếng, Rưới dầu ôliu và nước chanh rồi trộn đều và thưởng thức",Eat clean,"Thuần chay (Vegan), Ăn chay (Vegetarian), Keto / Low-carb"
com-yen-mach-rang,Cơm yến mạch rang,Trung,main,dinner,50,30,medium,304,23,49,18,7,687,4,25000,65000,eatclean,"Trứng, Nước mắm","Mặn, Cay, Thơm",1,1,https://img-global.cpcdn.com/recipes/783a715c0ea27b37/680x781cq80/c%C6%A1m-y%E1%BA%BFn-m%E1%BA%A1ch-rang-eat-clean-recipe-main-photo.jpg,"Cơm yến mạch rang eat clean là món ăn ít tinh bột xấu, nhiều chất xơ và giàu dinh dưỡng. Yến mạch được rang thơm rồi xào cùng rau củ, tạo thành món ""cơm"" nhẹ bụng, no lâu nhưng không gây tăng cân, rất phù hợp cho người giảm cân hoặc duy trì lối sống lành mạnh.","Yến mạch cán dẹt: 80g, Trứng: 50g, Cà rốt: 40g, Đậu Hà Lan: 40g, Bắp hạt: 40g, Hành tây: 30g, Tỏi băm: 3g, Dầu ôliu: 5ml, Muối: 1g, Tiêu: 1g, Nước lọc: 30ml","Chảo chống dính, Thớt, Dao, Muỗng, Dĩa","Rang yến mạch trên chảo khô đến khi thơm, Xào hành tỏi rồi cho cà rốt đậu Hà Lan và bắp vào, Thêm yến mạch và đảo nhanh tay, Nêm muối tiêu và thêm chút nước cho yến mạch mềm, Có thể thêm trứng đảo cùng nếu muốn, Trình bày ra dĩa và thưởng thức",Eat clean,Keto / Low-carb
bun-gao-lut-trung-ga-cung-rau-cu,Bún gạo lứt Trứng gà cùng rau củ,Trung,main,lunch,18,54,medium,537,21,46,14,8,370,4,40000,60000,eatclean,"Nước tương, Trứng","Mặn, Cay, Thơm",1,1,https://foodpeoplevn.com/wp-content/uploads/2020/06/8820aa3bf8de2d8074cf-1024x768.jpg,"Bún gạo lứt trứng gà cùng rau củ là món eat clean thanh nhẹ, giàu chất xơ và protein. Sợi bún gạo lứt dai mềm kết hợp trứng gà và rau củ nhiều màu sắc tạo nên bữa ăn cân bằng dinh dưỡng, phù hợp cho bữa trưa hoặc tối lành mạnh.","Bún gạo lứt: 150g, Trứng gà luộc: 50g, Cải thìa hoặc cải ngọt: 80g, Cà rốt: 40g, Bắp hạt: 40g, Dầu ôliu: 5ml, Nước tương ít muối: 5ml, Muối: 1g, Tiêu: 1g, Tỏi băm: 3g","Chảo chống dính, Thớt, Dao, Muỗng, Dĩa","Luộc bún gạo lứt rồi để ráo, Luộc cải và cà rốt cùng bắp đến khi chín tới, Áp chảo hoặc luộc trứng tùy thích, Trộn bún với rau củ và trứng rồi nêm dầu ôliu nước tương muối tiêu, Trình bày ra tô và thưởng thức",Eat clean,"Thuần chay (Vegan), Ăn chay (Vegetarian), Keto / Low-carb"
bun-gao-lut-xao-dau-que-uc-ga,Bún gạo lứt xào đậu que với ức gà,Trung,main,lunch,20,57,medium,547,25,68,18,6,305,2,35000,55000,eatclean,"Gà, Gạo lứt","Mặn, Cay, Thơm",0,1,https://img-global.cpcdn.com/recipes/c01a4a9acad0d3e1/300x426f0.5_0.501211_1.0q80/bun-l%E1%BB%A9t-xao-d%E1%BA%ADu-que-%E1%BB%A9c-ga-eatclean-recipe-main-photo.webp,"Bún lứt xào đậu que và ức gà là món eat clean giàu đạm, ít tinh bột xấu và giàu chất xơ. Sợi bún lứt dai mềm kết hợp ức gà áp chảo và đậu que giòn ngọt tạo nên món ăn thanh nhẹ, giúp no lâu nhưng không gây nặng bụng, rất phù hợp cho thực đơn giảm cân.","Bún gạo lứt: 150g, Ức gà: 150g, Đậu que: 80g, Cà rốt: 40g, Hành tây: 30g, Tỏi băm: 5g, Dầu ôliu: 5ml, Muối: 1g, Tiêu: 1g, Nước tương ít muối: 5ml","Nồi hấp, Rây, Thau, Đũa, Vá","Luộc bún lứt rồi để ráo, Áp chảo ức gà đã ướp muối tiêu và cắt sợi, Xào tỏi với dầu ôliu rồi cho đậu que cà rốt và hành tây vào, Thêm bún và thịt gà vào xào chung, Nêm nước tương muối tiêu cho vừa ăn, Trình bày ra dĩa và thưởng thức",Eat clean,"Thuần chay (Vegan), Ăn chay (Vegetarian), Keto / Low-carb"
mien-ca-sot-ca-chua,Miến cá sốt cà chua,Bắc,main,dinner,70,50,medium,435,19,47,18,4,512,6,25000,65000,eatclean,"Cá, Nước mắm, Thì là","Mặn, Chua, Cay, Thơm",1,1,https://cdn.tgdd.vn/Files/2020/10/26/1302139/giam-can-hieu-qua-cung-mon-mien-ca-vua-ngon-mieng-lai-vua-de-nau-202010261350155569.jpg,"Miến cá basa sốt cà chua eat clean là món ăn thanh nhẹ, kết hợp miến dong dai mềm với cá basa áp chảo và sốt cà chua chua ngọt tự nhiên. Món ăn dễ tiêu, giàu đạm, ít tinh bột xấu, phù hợp cho thực đơn giảm cân và ăn uống lành mạnh.","Miến dong: 80g, Cá basa phi lê: 150g, Cà chua: 120g, Hành tây: 30g, Tỏi băm: 5g, Dầu ôliu: 5ml, Muối: 1g, Tiêu: 1g, Nước lọc: 50ml, Nước cốt chanh: 5ml","Chảo, Nồi, Đũa, Thớt, Dao, Chén","Ngâm miến cho mềm và để ráo, Áp chảo cá basa đã ướp muối tiêu rồi để sang một bên, Phi thơm tỏi hành tây rồi cho cà chua vào nấu mềm, Thêm nước lọc và nêm muối tiêu cho vừa ăn để tạo sốt, Cho miến vào đảo đều với sốt cà chua, Xếp cá basa lên trên và rưới nước chanh trước khi dùng",Eat clean,"Thuần chay (Vegan), Ăn chay (Vegetarian), Keto / Low-carb"
com-gao-lut-cuon-rong-bien,Cơm gạo lứt cuộn rong biển,Trung,main,dinner,36,30,easy,536,19,68,15,7,535,3,30000,50000,eatclean,"Trứng, Sốt Mayonnaise (Sữa/Trứng)","Mặn, Chua, Béo, Đậm đà",1,1,https://cdn.tgdd.vn/2020/07/CookProduct/1112-1200x676-2.jpg,"Cơm cuộn gạo lứt cuộn rong biển là món ăn eat clean thanh nhẹ, giàu chất xơ và vitamin. Gạo lứt dẻo mềm cuộn cùng rau củ tươi tạo nên món ăn no lâu nhưng không gây tăng cân. Thích hợp cho bữa trưa, bữa tối lành mạnh hoặc mang đi làm.","Gạo lứt nấu chín: 180g, Rong biển cuộn: 2 lá, Cà rốt: 40g, Dưa leo: 60g, Bơ chín: 50g, Trứng chiên mỏng: 50g, Giấm táo: 5ml, Dầu mè: 3ml, Muối: 1g, Mè rang: 5g","Nồi hấp, Rây, Thau, Đũa, Vá","Trộn cơm gạo lứt với giấm táo muối và dầu mè, Cắt cà rốt dưa leo và bơ thành thanh dài, Trải rong biển và dàn cơm lên mặt rồi xếp rau củ và trứng lên, Cuộn chặt và cắt khoanh, Rắc mè rang và thưởng thức",Eat clean,Keto / Low-carb
mien-mien-dong-ca-basa-nuoc-trong,Miến dong Cá basa nước trong,Bắc,main,breakfast,32,36,easy,544,24,69,11,7,270,6,40000,60000,eatclean,"Cá basa, Nước mắm","Mặn, Cay, Thơm",0,1,https://delightfulplate.com/wp-content/uploads/2017/05/Vietnamese-fried-fish-noodle-soup-4.jpg,"Miến dong Cá basa nước trong là món ăn Eat Clean kiểu Việt, đủ đạm - tinh bột tốt - rau xanh, thích hợp cho người kiểm soát cân nặng.","Cá basa: 120g, miến dong:100g, cà chua bi: 70g, Dầu ôliu: 10ml, Nước mắm nhạt/ muối: 3g, Tiêu: 2g, Hành tỏi băm: 10g","Nồi hấp, Rây, Thau, Đũa, Vá, Dao, Thớt","Sơ chế và cắt nhỏ nguyên liệu, Luộc/hấp miến dong và cà chua bi cho chín tới, Áp chảo hoặc luộc Cá basa cho chín, Sắp xếp vào tô/dĩa, rưới sốt nhẹ và dùng ngay",Eat clean,"Thuần chay (Vegan), Ăn chay (Vegetarian), Keto / Low-carb"
com-gao-lut-uc-ga-ca-chua-bi-eat-clean,Cơm gạo lứt Ức gà cà chua bi eat clean,Trung,main,lunch,32,36,medium,529,20,47,12,6,506,4,25000,55000,eatclean,Nước mắm,"Mặn, Cay, Thơm",1,1,https://barona.vn/storage/com-gao-lut-uc-ga-vi-sa.jpg,"Cơm gạo lứt Ức gà cà chua bi eat clean là món ăn Eat Clean kiểu Việt, đủ đạm - tinh bột tốt - rau xanh, thích hợp cho người kiểm soát cân nặng.","Ức gà: 120g, gạo lứt: 100g, cà chua bi: 100g, Dầu ôliu: 10ml, Nước mắm nhạt/ muối: 3g, Tiêu: 2g, Hành tỏi băm: 10g","Chảo chống dính, Nồi / nồi cơm điện, Thớt, Dao, Muỗng, Dĩa","Sơ chế và cắt nhỏ nguyên liệu, Luộc/hấp gạo lứt và cà chua bi cho chín tới, Áp chảo hoặc luộc Ức gà cho chín, Sắp xếp vào tô/dĩa, rưới sốt nhẹ và dùng ngay",Eat clean,"Thuần chay (Vegan), Ăn chay (Vegetarian), Keto / Low-carb"
com-gao-lut-dau-hu-rau-cu-tong-hop-eat-clean,Cơm gạo lứt Đậu hũ rau củ tổng hợp eat clean,Nam,main,breakfast,32,36,easy,519,15,63,8,9,282,3,35000,75000,eatclean,"Gạo, Đậu hũ, Gạo lứt","Mặn, Cay, Thơm",0,1,https://img-global.cpcdn.com/recipes/117a5ca676ac04de/680x781cq80/c%C6%A1m-g%E1%BA%A1o-l%E1%BB%A9t-tr%E1%BB%99n-healthy-recipe-main-photo.jpg?utm_source=chatgpt.com,"Cơm gạo lứt Đậu hũ rau củ tổng hợp eat clean là món ăn Eat Clean kiểu Việt, đủ đạm - tinh bột tốt - rau xanh, thích hợp cho người kiểm soát cân nặng.","Đậu hũ: 120g, gạo lứt: 100g, rau củ tổng hợp: 100g, Dầu ôliu: 10ml, Nước mắm nhạt/ muối: 3g, Tiêu: 2g, Hành tỏi băm: 10g","Nồi hấp, Nồi / nồi cơm điện, Rây, Dao, Thớt, Thau, Đũa, Vá","Sơ chế và cắt nhỏ nguyên liệu, Luộc/hấp gạo lứt và rau củ tổng hợp cho chín tới, Áp chảo hoặc luộc Đậu hũ cho chín, Sắp xếp vào tô/dĩa, rưới sốt nhẹ và dùng ngay",Eat clean,Keto / Low-carb
to-mien-dong-uc-ga-ap-chao-cung-dua-leo,Tô miến dong Ức gà áp chảo cùng dưa leo,Nam,main,lunch,32,36,medium,385,25,52,13,5,725,5,25000,45000,eatclean,Gà,"Mặn, Cay, Thơm",1,1,https://cdn.tgdd.vn/2021/09/CookProduct/thumbcn-1200x676-1.jpg,"Tô miến dong Ức gà áp chảo cùng dưa leo là món ăn Eat Clean kiểu Việt, đủ đạm - tinh bột tốt - rau xanh, thích hợp cho người kiểm soát cân nặng.","Ức gà: 120g, miến dong: 100g, dưa leo: 100g, Dầu ôliu: 10ml, Nước mắm nhạt/ muối: 3g, Tiêu: 2g, Hành tỏi băm: 10g","Chảo, Nồi, Đũa, Thớt, Dao, Chén, Tô.","Sơ chế và cắt nhỏ nguyên liệu, Luộc/hấp miến dong và dưa leo cho chín tới, Áp chảo hoặc luộc Ức gà cho chín, Sắp xếp vào tô/dĩa, rưới sốt nhẹ và dùng ngay",Eat clean,"Thuần chay (Vegan), Ăn chay (Vegetarian), Keto / Low-carb"
bun-yen-mach-can-det-tom-tron-rau-song,Bún yến mạch cán dẹt Tôm trộn rau sống,Nam,main,breakfast,32,36,medium,511,19,68,16,6,716,4,30000,70000,eatclean,"Tôm, Cá, Yến mạch","Mặn, Cay, Thơm",0,1,https://cdn.eva.vn//upload/2-2016/images/2016-05-03/bun-tron-tom-thom-ngon-thanh-mat-5-1462293606-width600height435.jpg,"Bún yến mạch cán dẹt Tôm trộn rau sống là món ăn Eat Clean kiểu Việt, đủ đạm - tinh bột tốt - rau xanh, thích hợp cho người kiểm soát cân nặng.","Tôm: 120g, yến mạch cán dẹt: 100g, rau củ tổng hợp: 100g, Dầu ôliu: 10ml, Nước mắm nhạt/ muối: 3g, Tiêu: 2g, Hành tỏi băm: 10g","Nồi, Thớt, Dao, Muỗng, Đũa, Tô, Rây.","Sơ chế và cắt nhỏ nguyên liệu, Luộc/hấp yến mạch cán dẹt và rau củ tổng hợp cho chín tới, Áp chảo hoặc luộc Tôm cho chín, Sắp xếp vào tô/dĩa, rưới sốt nhẹ và dùng ngay",Eat clean,"Thuần chay (Vegan), Ăn chay (Vegetarian), Keto / Low-carb"
chao-ca-hoi-khoai-lang,Cháo cá hồi khoai lang,Trung,main,breakfast,10,70,medium,454,18,59,15,7,515,7,25000,45000,eatclean,"Gạo, Cá, Khoai lang","Mặn, Cay, Thơm",1,1,https://cdn.tgdd.vn/2021/12/CookRecipe/GalleryStep/thanh-pham-771.jpg,"Cháo cá hồi khoai lang eat clean là món ăn mềm, dễ tiêu, giàu omega-3 và vitamin. Cá hồi béo nhẹ kết hợp khoai lang ngọt tự nhiên giúp món cháo thơm, bổ dưỡng nhưng vẫn phù hợp cho thực đơn giảm cân, giữ dáng hoặc phục hồi năng lượng sau tập luyện.","Gạo lứt hoặc yến mạch: 40g, Khoai lang: 100g, Cá hồi phi lê: 100g, Cải bó xôi hoặc cải thìa: 50g, Hành tây: 20g, Tỏi băm: 3g, Dầu ôliu: 5ml, Nước lọc: 600ml, Muối: 1g, Tiêu: 1g","Chảo, Nồi, Đũa, Thớt, Dao, Chén, Tô, Vá.","Nấu gạo lứt hoặc yến mạch với nước đến khi nở mềm, Thêm khoai lang cắt nhỏ vào nấu nhuyễn, Áp chảo cá hồi với muối tiêu rồi tán nhẹ cho tơi, Cho cá hồi và cải bó xôi vào nồi cháo nấu thêm 1–2 phút, Nêm dầu ôliu và tiêu rồi trình bày ra tô",Eat clean,"Thuần chay (Vegan), Ăn chay (Vegetarian)"
salad-uc-ga-bong-cai-xanh-sot-sua-chua,Salad Ức gà bông cải xanh sốt sữa chua,Bắc,main,dinner,40,36,easy,320,26,69,12,7,277,4,30000,60000,eatclean,"Nước mắm (ướp gà), Sữa chua","Ngọt, Mặn, Cay, Thơm, Béo",0,1,https://www.eatingwell.com/thmb/cMCZTPgAFddWBIkZ3kXLdVG1dlY%3D/1500x0/filters%3Ano_upscale%28%29%3Amax_bytes%28150000%29%3Astrip_icc%28%29/loaded-chicken-broccoli-salad-beauty-028_preview_maxWidth_4000_maxHeight_4000_ppi_300_quality_100-5623f7e989214876a568294c472ced2f.jpg?utm_source=chatgpt.com,"Salad Ức gà bông cải xanh sốt sữa chua là món ăn Eat Clean kiểu Việt, đủ đạm - tinh bột tốt - rau xanh, thích hợp cho người kiểm soát cân nặng.","Ức gà: 120g, Sữa chua không đường: 70g, bông cải xanh: 100g, Dầu ôliu: 5-10ml, Nước mắm nhạt/ muối: 3g, Tiêu: 2g, Hành tỏi băm: 10g","Nồi hấp, Dao, Thớt, Rây, Thau/Tô, Đũa, Vá.","Sơ chế và cắt nhỏ nguyên liệu, Luộc/hấp bông cải xanh cho chín tới, Áp chảo hoặc luộc Ức gà cho chín,Pha sốt sữa chua, Sắp xếp vào tô/dĩa, rưới sốt nhẹ và dùng ngay",Eat clean,"Thuần chay (Vegan), Ăn chay (Vegetarian), Không sữa"
mien-dong-uc-ga,Miến miến dong ức gà,Trung,main,breakfast,68,30,medium,391,25,61,11,6,316,3,25000,45000,eatclean,Gà,"Mặn, Chua, Cay, Thơm",0,1,https://thermomixvietnam.vn/wp-content/uploads/2022/07/mien-ga-tron.jpg,"Miến dong ức gà eat clean là món ăn ít tinh bột xấu, giàu protein và dễ tiêu. Sợi miến dong dai mềm kết hợp ức gà áp chảo và rau củ giúp món ăn thanh nhẹ nhưng vẫn đủ năng lượng, rất phù hợp cho bữa trưa hoặc tối lành mạnh.","Miến dong: 80g, Ức gà: 150g, Cải bó xôi hoặc cải thìa: 80g, Cà rốt: 40g, Hành tây: 30g, Tỏi băm: 5g, Dầu ôliu: 5ml, Nước lọc: 100ml, Muối: 1g, Tiêu: 1g, Nước cốt chanh: 5ml","Nồi, Chảo chống dính, Thớt, Dao, Muỗng, Tô","Ngâm miến dong cho mềm rồi để ráo, Áp chảo ức gà ướp muối tiêu và tỏi rồi cắt lát, Xào hành tỏi với dầu ôliu rồi cho cà rốt và cải vào đảo đều, Thêm miến và chút nước lọc vào trộn, Nêm muối tiêu và nước chanh, Trình bày ra tô và thưởng thức",Eat clean,"Thuần chay (Vegan), Ăn chay (Vegetarian), Keto / Low-carb"
salad-bi-do-thit-ga-nuong,Salad bí đỏ thịt gà nướng,Nam,main,breakfast,38,60,medium,378,23,69,18,5,250,5,30000,50000,eatclean,"Gà, Bí đỏ","Ngọt, Mặn, Chua, Cay, Thơm",0,1,https://cdn.tgdd.vn/2021/12/CookRecipe/Avatar/salad-bi-do-thit-ga-nuong-thumbnail.jpg,"Salad bí đỏ thịt gà nướng eat clean là món ăn thanh nhẹ, giàu vitamin A và protein nạc. Bí đỏ nướng ngọt mềm kết hợp thịt gà nướng thơm và rau xanh tạo nên món salad giàu dinh dưỡng, no lâu nhưng không gây tăng cân, rất phù hợp cho thực đơn giảm cân.","Ức gà hoặc má đùi gà: 150g, Bí đỏ: 150g, Xà lách: 80g, Cà chua bi: 60g, Dầu ôliu: 8ml, Mật ong hoặc đường ăn kiêng: 5g, Nước cốt chanh: 5ml, Muối: 1g, Tiêu: 1g, Tỏi băm: 3g","Nồi hấp, Rây, Thau, Đũa, Vá, Dao, Thớt, Muỗng, Tô/Dĩa","Cắt bí đỏ miếng và nướng với dầu ôliu muối tiêu, Ướp gà với tỏi muối tiêu và nướng chín rồi cắt lát, Rửa và sơ chế rau xà lách và cà chua bi, Trộn bí đỏ và gà cùng rau, Rưới dầu ôliu mật ong và nước chanh rồi trộn đều, Trình bày ra dĩa và thưởng thức",Eat clean,"Thuần chay (Vegan), Ăn chay (Vegetarian)"
mien-xao-tom-cai-thia,Miến xào tôm với cải thìa,Trung,main,lunch,70,30,easy,393,22,67,15,4,354,5,40000,80000,eatclean,Tôm,"Mặn, Cay, Thơm",0,1,https://cdn.tgdd.vn/Files/2017/03/23/964001/cach-lam-mien-xao-tom-ngon-6_760x842.jpg,"Miến xào tôm với cải thìa eat clean là món ăn thanh nhẹ, giàu đạm và ít tinh bột xấu. Sợi miến dong dai mềm kết hợp tôm áp chảo và cải thìa giòn ngọt tạo nên món ăn dễ tiêu, phù hợp cho thực đơn giảm cân hoặc bữa trưa lành mạnh.","Miến dong: 80g, Tôm tươi bóc vỏ: 120g, Cải thìa: 100g, Cà rốt: 40g, Hành tây: 30g, Tỏi băm: 5g, Dầu ôliu: 5ml, Muối: 1g, Tiêu: 1g, Nước tương ít muối: 5ml, Nước lọc: 50ml","Chảo chống dính, Thớt, Dao, Muỗng, Dĩa, Tô / thau trộn, Rây","Ngâm miến dong cho mềm rồi để ráo, Xào tôm với tỏi và dầu ôliu đến khi chín, Cho hành tây cà rốt và cải thìa vào đảo đều, Thêm miến và chút nước lọc vào xào chung, Nêm muối tiêu và nước tương cho vừa ăn, Trình bày ra dĩa và thưởng thức",Eat clean,"Thuần chay (Vegan), Ăn chay (Vegetarian), Keto / Low-carb"
salad-dua-leo-sot-kem,Salad dưa leo sốt kem,Bắc,main,breakfast,44,30,easy,340,22,60,8,5,627,4,30000,70000,eatclean,Kem tươi/Sữa chua,"Ngọt, Mặn, Chua, Cay, Thơm, Béo",1,1,https://cdn.tgdd.vn/2020/11/CookRecipe/Avatar/salad-dua-leo-sot-kem-thumbnail-1.jpg,"Salad dưa leo sốt kem eat clean là món ăn thanh mát, ít calo, kết hợp dưa leo giòn ngọt và sốt kem từ sữa chua hoặc yogurt Hy Lạp béo nhẹ. Món ăn dễ làm, thích hợp cho bữa phụ hoặc bữa chính nhẹ nhàng trong thực đơn giảm cân.","Dưa leo: 150g, Sữa chua không đường: 80g, Tỏi băm: 3g, Nước cốt chanh: 5ml, Dầu ôliu: 3ml, Muối: 1g, Tiêu: 1g, Rau thì là hoặc hành lá: 5g","Chảo, Nồi, Đũa, Thớt, Dao, Chén","Cắt dưa leo thành lát hoặc sợi, Trộn sữa chua với tỏi nước chanh dầu ôliu muối và tiêu để làm sốt, Cho dưa leo vào tô và rưới sốt kem lên, Trộn đều và rắc rau thì là hoặc hành lá, Trình bày ra dĩa và thưởng thức",Eat clean,"Thuần chay (Vegan), Không sữa"
salad-sot-me-bo-trung,Salad sốt mè rang bò trứng,Bắc,main,lunch,30,33,medium,544,17,44,9,8,340,7,35000,65000,eatclean,"Sốt mè rang (Trứng, Đậu nành, Mè)","Mặn, Cay, Thơm, Đậm đà",1,1,https://img-global.cpcdn.com/recipes/97da0b434f79bf40/300x426cq80/salad-s%E1%BB%91t-me-rang-bo-tr%E1%BB%A9ng-recipe-main-photo.webp,"Salad sốt mè rang bò trứng là món ăn giàu đạm, nhiều chất xơ và hương vị đậm đà nhờ sốt mè rang thơm béo. Thịt bò áp chảo kết hợp rau củ tươi và trứng giúp món salad no lâu, thích hợp cho bữa trưa eat clean hoặc thực đơn giảm cân.","Thịt bò thăn: 120g, Trứng gà luộc: 50g, Xà lách: 80g, Dưa leo: 60g, Cà chua bi: 60g, Hành tây lát mỏng: 20g, Sốt mè rang: 20g, Dầu ôliu: 5ml, Muối: 1g, Tiêu: 1g, Tỏi băm: 3g","Nồi hấp, Rây, Thau, Đũa, Vá","Áp chảo thịt bò đã ướp muối tiêu và tỏi rồi cắt lát, Luộc trứng và bổ đôi, Rửa và sơ chế rau xà lách dưa leo cà chua và hành tây, Trộn salad với thịt bò và trứng rồi rưới sốt mè rang, Trình bày ra dĩa và thưởng thức",Eat clean,"Thuần chay (Vegan), Ăn chay (Vegetarian)"
bun-gao-lut-ca-ngu,Bún gạo lứt cá ngừ,Bắc,main,lunch,38,33,medium,430,30,40,13,5,459,2,25000,55000,eatclean,"Cá basa, Nước mắm","Mặn, Chua, Cay, Thơm",0,1,https://img-global.cpcdn.com/recipes/fb0d3ea095929cd0/300x426cq80/bun-ca-ng%E1%BB%AB-g%E1%BA%A1o-l%E1%BB%A9t-recipe-main-photo.webp,"Bún cá ngừ gạo lứt là món ăn eat clean thanh nhẹ, giàu đạm và omega-3 tự nhiên từ cá ngừ. Sợi bún gạo lứt dai mềm kết hợp cá ngừ áp chảo và rau củ giúp món ăn thơm ngon, dễ tiêu và phù hợp cho bữa trưa lành mạnh hoặc thực đơn giảm cân.","Bún gạo lứt: 150g, Cá ngừ phi lê: 150g, Cà chua: 80g, Dưa leo: 60g, Rau xà lách hoặc rau thơm: 40g, Hành tây: 20g, Tỏi băm: 5g, Dầu ôliu: 5ml, Muối: 1g, Tiêu: 1g, Nước cốt chanh: 5ml, Nước lọc: 50ml","Nồi hấp, Rây, Thau, Đũa, Vá","Luộc bún gạo lứt và để ráo, Ướp cá ngừ với muối tiêu tỏi rồi áp chảo vàng đều, Sơ chế và cắt nhỏ rau củ gồm cà chua dưa leo hành tây và rau thơm, Trộn bún với rau củ và cá ngừ cắt miếng, Rưới dầu ôliu và nước chanh rồi trộn đều, Trình bày ra tô và thưởng thức",Eat clean,"Thuần chay (Vegan), Ăn chay (Vegetarian), Keto / Low-carb"
bun-gao-lut-tom-tron-rau-song,Bún gạo lứt Tôm trộn rau sống,Trung,main,dinner,30,43,medium,495,26,45,12,7,691,7,35000,65000,eatclean,"Tôm, Nước mắm","Mặn, Chua, Cay, Thơm",0,1,https://www.sgtiepthi.vn/wp-content/uploads/2021/06/T5_bungaolutxaotomraucu_Eatsy.jpg,"Bún gạo lứt tôm trộn rau sống là món ăn eat clean thanh mát, ít calo nhưng giàu đạm nhờ tôm tươi. Kết hợp cùng các loại rau sống giòn ngọt, món ăn mang lại cảm giác nhẹ bụng nhưng vẫn đủ dưỡng chất, rất phù hợp cho bữa trưa hoặc tối lành mạnh.","Bún gạo lứt: 150g, Tôm tươi bóc vỏ: 120g, Xà lách: 80g, Rau thơm: 20g, Dưa leo: 60g, Cà rốt: 40g, Tỏi băm: 3g, Dầu ôliu: 5ml, Nước cốt chanh: 5ml, Muối: 1g, Tiêu: 1g","Chảo, Nồi, Đũa, Thớt, Dao, Chén","Luộc bún gạo lứt và để ráo, Hấp hoặc áp chảo tôm với muối tiêu, Sơ chế và cắt nhỏ rau sống dưa leo và cà rốt, Trộn bún với tôm và rau sống rồi rưới dầu ôliu và nước chanh, Trình bày ra tô và thưởng thức",Eat clean,"Thuần chay (Vegan), Ăn chay (Vegetarian), Keto / Low-carb"
com-khoai-lang-uc-ga-bong-cai-xanh-eat-clean,Cơm khoai lang Ức gà bông cải xanh eat clean,Trung,main,dinner,20,70,easy,549,23,40,12,9,649,3,30000,50000,eatclean,"Gạo, Gà, Khoai lang, Bông cải","Mặn, Chua, Cay, Thơm",0,1,https://img-global.cpcdn.com/recipes/d0ba70d134676915/680x781cq80/chu%E1%BA%A9n-b%E1%BB%8B-c%C6%A1m-cho-c%E1%BA%A3-ngay-v%E1%BB%9Bi-eatclean-g%E1%BB%93m-khoai-lang-h%E1%BA%A5p-va-%E1%BB%A9c-ga-xao-c%E1%BA%A3i-xanh-recipe-main-photo.jpg,"Cơm khoai lang ức gà bông cải xanh eat clean là món ăn giàu protein, chất xơ và tinh bột tốt. Ức gà mềm thơm, khoai lang ngọt tự nhiên và bông cải xanh giòn nhẹ giúp món ăn no lâu mà không gây tăng cân, rất phù hợp cho thực đơn giảm cân hoặc ăn uống lành mạnh hằng ngày.","Khoai lang hấp: 150g, Ức gà: 150g, Bông cải xanh: 100g, Cà rốt: 40g, Hành tây: 20g, Dầu ôliu: 5ml, Tỏi băm: 5g, Muối: 1g, Tiêu: 1g, Nước cốt chanh: 5ml","Nồi hấp, Rây, Thau, Đũa, Vá","Hấp khoai lang chín mềm rồi cắt khối, Áp chảo ức gà ướp muối tiêu tỏi đến khi chín và cắt miếng, Luộc bông cải và cà rốt đến khi chín tới, Xào nhẹ hành tây với dầu ôliu rồi trộn cùng khoai lang gà và rau củ, Rưới nước chanh và nêm nhẹ lại, Trình bày ra dĩa và thưởng thức",Eat clean,"Thuần chay (Vegan), Ăn chay (Vegetarian), Keto / Low-carb"
salad-ca-hoi-sot-trung-tom-kho,Salad Cá Hồi Sốt Trứng tôm Khô,Trung,main,lunch,68,33,easy,495,24,68,13,7,785,5,25000,65000,eatclean,"Tôm, Cá, Trứng","Mặn, Chua, Cay, Thơm",1,1,https://img-global.cpcdn.com/recipes/eec4501f84eb8d35/300x426cq80/salad-ca-h%E1%BB%93i-s%E1%BB%91t-tr%E1%BB%A9ng-tom-kho-recipe-main-photo.webp,"Salad cá hồi sốt trứng tôm khô là món ăn giàu đạm và omega-3 từ cá hồi, kết hợp vị mặn nhẹ của tôm khô và sốt trứng béo mềm. Khi kết hợp cùng rau xanh tươi mát, món ăn trở nên hài hòa, bổ dưỡng và phù hợp cho thực đơn eat clean hoặc bữa trưa nhẹ lành mạnh.","Cá hồi áp chảo: 120g, Trứng luộc: 50g, Tôm khô ngâm mềm: 20g, Xà lách: 80g, Dưa leo: 60g, Cà chua bi: 60g, Hành tây lát mỏng: 20g, Dầu ôliu: 5ml, Nước cốt chanh: 5ml, Muối: 1g, Tiêu: 1g","Chảo, Nồi, Đũa, Thớt, Dao, Chén","Áp chảo cá hồi với muối tiêu rồi để nguội và xé miếng, Luộc trứng và cắt đôi, Ngâm tôm khô cho mềm, Sơ chế xà lách dưa leo cà chua và hành tây, Trộn rau với cá hồi trứng và tôm khô rồi rưới dầu ôliu và nước chanh, Trộn nhẹ và thưởng thức",Eat clean,"Thuần chay (Vegan), Ăn chay (Vegetarian)"
com-gao-den-rang-yen-mach,Cơm gạo đen rang yến mạch,Nam,main,breakfast,28,30,medium,502,28,41,14,9,307,2,40000,60000,eatclean,"Trứng, Nước mắm","Mặn, Cay, Thơm",1,1,https://img-global.cpcdn.com/recipes/f7617e384c9e85c0/300x426f0.5_0.5_1.0q80/c%C6%A1m-g%E1%BA%A1o-den-rang-y%E1%BA%BFn-m%E1%BA%A1ch-recipe-main-photo.webp,"Cơm gạo đen rang yến mạch là món eat clean giàu chất xơ, vitamin và khoáng chất. Gạo đen dẻo mềm kết hợp yến mạch rang thơm tạo nên món “cơm” no lâu nhưng ít calo, phù hợp cho bữa ăn lành mạnh, đặc biệt dành cho người giảm cân và tập luyện.","Gạo đen nấu chín: 150g, Yến mạch cán dẹt: 40g, Cà rốt: 40g, Đậu Hà Lan: 40g, Bắp hạt: 40g, Hành tây: 20g, Tỏi băm: 3g, Dầu ôliu: 5ml, Muối: 1g, Tiêu: 1g, Nước lọc: 30ml","Chảo, Nồi, Đũa, Thớt, Dao, Chén","Rang yến mạch trên chảo khô đến khi thơm, Xào hành tỏi rồi cho cà rốt đậu Hà Lan và bắp vào đảo đều, Thêm gạo đen và yến mạch vào trộn, Nêm muối tiêu và thêm chút nước cho hòa vị, Xào nhanh tay đến khi khô tơi và trình bày ra dĩa",Eat clean,Keto / Low-carb
mien-dong-xao-thit-bo,Miến dong xào thịt bò eat clean,Bắc,main,dinner,60,39,easy,462,22,65,14,4,411,5,40000,60000,eatclean,Bò,"Mặn, Cay, Thơm, Đậm đà",1,1,https://img-global.cpcdn.com/recipes/291868b31a96c589/300x426cq80/mi%E1%BA%BFn-dong-xao-th%E1%BB%8Bt-bo-eat-clean-recipe-main-photo.webp,"Miến dong xào thịt bò eat clean là món ăn giàu đạm, ít tinh bột xấu và rất dễ tiêu. Sợi miến dong dai mềm kết hợp thịt bò thăn áp chảo và rau củ tạo nên món ăn thanh nhẹ nhưng vẫn đủ năng lượng cho bữa trưa hoặc tối lành mạnh.","Miến dong: 80g, Thịt bò thăn: 120g, Cải bó xôi hoặc cải thìa: 80g, Cà rốt: 40g, Hành tây: 30g, Tỏi băm: 5g, Dầu ôliu: 5ml, Muối: 1g, Tiêu: 1g, Nước tương ít muối: 5ml, Nước lọc: 50ml","Chảo chống dính, Thớt, Dao, Muỗng, Dĩa","Ngâm miến dong cho mềm, Áp chảo thịt bò ướp muối tiêu và tỏi rồi cắt sợi, Xào hành tỏi rồi cho cà rốt cải và hành tây vào đảo đều, Thêm miến và chút nước lọc vào xào chung, Nêm nước tương muối tiêu cho vừa ăn, Trình bày ra dĩa và thưởng thức",Eat clean,"Thuần chay (Vegan), Ăn chay (Vegetarian), Keto / Low-carb"
mien-tron-rau-cu,Miến trộn rau củ ,Nam,main,dinner,70,30,easy,468,16,70,12,8,303,6,30000,70000,eatclean,"Nước tương, Trứng","Mặn, Chua, Cay, Thơm",0,1,https://img-global.cpcdn.com/recipes/117f01b00372aa3b/300x426cq80/mi%E1%BA%BFn-tr%E1%BB%99n-chay-eat-clean-recipe-main-photo.webp,"Miến trộn chay eat clean là món ăn thanh đạm, nhẹ bụng, kết hợp miến dong dai mềm với rau củ tươi và đậu hũ. Món ăn đơn giản nhưng vẫn đầy đủ chất xơ và protein thực vật, phù hợp cho bữa trưa hoặc tối lành mạnh, đặc biệt cho người ăn chay hoặc giảm cân.","Miến dong: 80g, Đậu hũ trắng hoặc đậu hũ non cứng: 100g, Cà rốt: 40g, Dưa leo: 60g, Rau thơm: 20g, Xà lách: 60g, Tỏi băm: 3g, Dầu mè: 5ml, Nước tương thuần chay: 10ml, Giấm táo hoặc chanh: 5ml, Muối: 1g, Tiêu: 1g","Chảo, Nồi, Đũa, Thớt, Dao, Chén","Ngâm miến dong cho mềm rồi để ráo, Chiên hoặc áp chảo đậu hũ rồi cắt sợi, Sơ chế và cắt nhỏ rau củ, Trộn miến với đậu hũ và rau cùng nước tương dầu mè và giấm hoặc chanh, Trình bày ra tô và thưởng thức",Eat clean,Keto / Low-carb
bun-tron-tom-thit-nac,Bún Trộn Tôm với thịt nạc,Trung,main,lunch,30,58,medium,490,27,50,16,8,377,4,30000,70000,eatclean,Tôm,"Mặn, Chua, Cay, Thơm, Đậm đà",0,1,https://img-global.cpcdn.com/recipes/127f5cb449b2c284/300x426f0.5_0.542988_1.0q80/bun-tr%E1%BB%99n-tom-th%E1%BB%8Bt-n%E1%BA%A1c-eat-clean-recipe-main-photo.webp,"Bún trộn tôm & thịt nạc eat clean là món ăn giàu đạm, ít chất béo xấu, kết hợp giữa tôm tươi và thịt nạc heo áp chảo cùng rau sống thanh mát. Món ăn nhẹ bụng nhưng no lâu, phù hợp cho bữa trưa lành mạnh hoặc thực đơn giảm cân.","Bún gạo lứt hoặc bún gạo: 150g, Tôm tươi bóc vỏ: 100g, Thịt nạc heo: 100g, Xà lách: 80g, Dưa leo: 60g, Cà rốt: 40g, Rau thơm: 20g, Tỏi băm: 5g, Nước mắm nhạt hoặc nước tương ít muối: 10ml, Dầu ôliu: 5ml, Nước cốt chanh: 5ml, Muối: 1g, Tiêu: 1g","Chảo, Nồi, Đũa, Thớt, Dao, Chén","Luộc bún và để ráo, Áp chảo thịt nạc đã ướp muối tiêu và tỏi rồi cắt miếng, Hấp hoặc áp chảo tôm đến khi chín, Sơ chế cắt nhỏ rau sống dưa leo và cà rốt, Trộn bún với tôm thịt và rau rồi rưới nước mắm hoặc nước tương dầu ôliu và nước chanh, Trình bày và thưởng thức",Eat clean,"Thuần chay (Vegan), Ăn chay (Vegetarian), Keto / Low-carb"
salad-ca-hoi-sot-sua-chua,Salad cá hồi sốt sữa chua,Trung,main,breakfast,38,30,medium,517,20,54,15,5,575,5,30000,60000,eatclean,"Cá hồi, Sữa chua","Ngọt, Mặn, Chua, Cay, Thơm, Béo",0,1,https://img-global.cpcdn.com/recipes/6bbaec67a227757c/300x426f0.502009_0.5_1.0q80/salad-ca-h%E1%BB%93i-s%E1%BB%91t-s%E1%BB%AFa-chua-d%E1%BB%85-khong-t%C6%B0%E1%BB%9Fng-recipe-main-photo.webp,"Salad cá hồi sốt sữa chua là món ăn thanh mát, giàu omega-3 và protein nạc. Cá hồi áp chảo mềm béo kết hợp rau xanh tươi và sốt sữa chua béo nhẹ giúp món salad vừa dinh dưỡng vừa thích hợp cho thực đơn giảm cân và ăn uống lành mạnh.","Cá hồi phi lê: 120g, Sữa chua Hy Lạp hoặc sữa chua không đường: 80g, Xà lách: 80g, Cà chua bi: 60g, Dưa leo: 60g, Hành tây lát mỏng: 20g, Dầu ôliu: 5ml, Nước cốt chanh: 5ml, Muối: 1g, Tiêu: 1g, Tỏi băm: 3g","Chảo chống dính, Thớt, Dao, Muỗng, Dĩa","Áp chảo cá hồi với muối tiêu và tỏi rồi để nguội và xé miếng, Trộn sữa chua với nước chanh và dầu ôliu làm sốt, Sơ chế xà lách dưa leo cà chua và hành tây, Trộn rau với cá hồi rồi rưới sốt sữa chua lên, Trình bày ra dĩa và thưởng thức",Eat clean,"Thuần chay (Vegan), Ăn chay (Vegetarian), Không sữa"
bun-gao-lut-uc-ga,Bún gạo lứt xào kim chi ức gà,Bắc,main,dinner,20,57,medium,492,21,41,16,4,388,3,30000,60000,eatclean,"Gà, Gạo lứt","Mặn, Cay, Thơm",0,1,https://img-global.cpcdn.com/recipes/65a00d5606e843ab/300x426f0.50156_0.5_1.0q80/bun-g%E1%BA%A1o-l%E1%BB%A9t-xao-kim-chi-%E1%BB%A9c-ga-recipe-main-photo.webp,"Bún gạo lứt xào kim chi ức gà eat clean là món ăn đậm vị nhưng vẫn lành mạnh. Ức gà giàu protein, bún gạo lứt ít tinh bột xấu kết hợp kim chi chua cay giúp kích thích vị giác, tạo nên món ăn vừa ngon miệng vừa phù hợp cho người giảm cân.","Bún gạo lứt: 150g, Ức gà: 150g, Kim chi: 80g, Cà rốt: 40g, Hành tây: 30g, Tỏi băm: 5g, Dầu ôliu: 5ml, Nước tương ít muối: 5ml, Muối: 1g, Tiêu: 1g, Nước lọc: 30ml","Chảo, Nồi, Đũa, Thớt, Dao, Chén","Luộc bún gạo lứt rồi để ráo, Áp chảo ức gà đã ướp muối tiêu tỏi rồi cắt sợi, Xào hành tỏi và cà rốt rồi cho kim chi vào đảo đều, Thêm bún và nước lọc vào xào chung, Nêm nước tương muối tiêu cho vừa ăn, Trình bày ra dĩa và thưởng thức",Eat clean,"Thuần chay (Vegan), Ăn chay (Vegetarian), Keto / Low-carb"
salad-ca-hoi-sot-sua-chua,Salad Cá hồi sốt sữa chua,Nam,main,breakfast,38,30,medium,523,17,45,10,6,370,4,30000,70000,eatclean,"Cá hồi, Sữa chua","Ngọt, Mặn, Chua, Cay, Thơm, Béo",1,1,https://afamilycdn.com/zoom/700_438/150157425591193600/2021/2/18/recipe52053-cook-step4-637170411672982126-16136546485471033908999-0-43-359-617-crop-16136546520281611766284.jpg,"Salad cá hồi sốt sữa chua là món ăn bổ dưỡng, thanh mát với nguồn omega-3 dồi dào từ cá hồi kết hợp cùng rau xanh và sốt sữa chua béo nhẹ. Món ăn dễ tiêu, ít calo, phù hợp cho thực đơn giảm cân, giữ dáng và ăn uống lành mạnh.","Cá hồi áp chảo: 120g, Sữa chua Hy Lạp hoặc sữa chua không đường: 80g, Xà lách: 80g, Cà chua bi: 60g, Dưa leo: 60g, Hành tây lát mỏng: 20g, Dầu ôliu: 5ml, Nước cốt chanh: 5ml, Muối: 1g, Tiêu: 1g, Tỏi băm: 3g","Chảo, Nồi, Đũa, Thớt, Dao, Chén","Áp chảo cá hồi với muối tiêu và tỏi rồi để nguội và xé miếng, Trộn sữa chua với nước chanh và dầu ôliu làm sốt, Sơ chế rau gồm xà lách dưa leo cà chua và hành tây, Trộn rau với cá hồi rồi rưới sốt sữa chua lên trên, Trình bày và thưởng thức",Eat clean,"Thuần chay (Vegan), Ăn chay (Vegetarian), Không sữa"
chao-yen-mach-ga-nam-ca-rot,Chào yến mạch gà nấm cà rốt,Nam,main,lunch,20,70,easy,458,29,56,11,4,727,5,35000,55000,eatclean,"Gà, Yến mạch, Nấm","Mặn, Cay, Thơm, Đậm đà",0,1,https://img-global.cpcdn.com/recipes/b581524a8236835d/300x426f0.673913_0.5_1.0q80/eatclean-chao-y%E1%BA%BFn-m%E1%BA%A1ch-ga-n%E1%BA%A5m-ca-r%E1%BB%91t-recipe-main-photo.webp,"Cháo yến mạch gà nấm cà rốt là món ăn mềm, dễ tiêu và giàu dinh dưỡng. Yến mạch cung cấp chất xơ tốt, kết hợp cùng ức gà giàu protein và nấm cà rốt ngọt tự nhiên giúp món cháo thanh nhẹ nhưng vẫn no lâu, rất thích hợp cho bữa sáng eat clean hoặc những ngày cần ăn nhẹ nhàng.","Yến mạch cán dẹt: 40g, Ức gà: 120g, Nấm rơm: 80g, Cà rốt: 50g, Hành tây: 20g, Tỏi băm: 3g, Nước lọc: 600ml, Muối: 1g, Tiêu: 1g, Dầu ôliu: 5ml","Nồi, Thớt, Dao, Muỗng, Đũa, Tô","Luộc ức gà rồi xé nhỏ, Nấu yến mạch với nước đến khi mềm, Thêm cà rốt và nấm vào nấu cùng, Cho ức gà hành tây và tỏi vào đun thêm 2–3 phút, Nêm muối tiêu và chút dầu ôliu, Trình bày ra tô và thưởng thức",Eat clean,"Thuần chay (Vegan), Ăn chay (Vegetarian)"
salad-uc-ga-ca-chua-bi-sot-sua-chua,Salad Ức gà cà chua bi sốt sữa chua,Trung,main,breakfast,40,30,medium,537,22,66,16,6,345,3,40000,60000,eatclean,"Nước mắm (ướp gà), Sữa chua","Ngọt, Mặn, Chua, Cay, Thơm, Béo",0,1,https://anh.eva.vn/upload/2-2015/images/2015-05-30/1432954039-salad-ga-3.jpg,"Salad ức gà cà chua bi sốt sữa chua là món ăn thanh mát, giàu protein nạc và vitamin. Ức gà áp chảo mềm thơm kết hợp cà chua bi ngọt dịu và sốt sữa chua béo nhẹ giúp món salad vừa dinh dưỡng vừa phù hợp cho thực đơn giảm cân hoặc bữa trưa nhẹ lành mạnh.","Ức gà: 150g, Cà chua bi: 80g, Xà lách: 80g, Dưa leo: 60g, Sữa chua Hy Lạp hoặc sữa chua không đường: 80g, Nước cốt chanh: 5ml, Dầu ôliu: 5ml, Muối: 1g, Tiêu: 1g, Tỏi băm: 3g","Nồi, Thớt, Dao, Muỗng, Đũa, Tô","Áp chảo ức gà đã ướp muối tiêu và tỏi rồi cắt lát, Sơ chế xà lách dưa leo và cà chua bi, Trộn sữa chua với nước chanh và dầu ôliu làm sốt, Xếp rau và cà chua lên dĩa rồi cho ức gà lên trên, Rưới sốt sữa chua và thưởng thức",Eat clean,"Thuần chay (Vegan), Ăn chay (Vegetarian), Không sữa"
com-rang-yen-mach-salad-bap-cai,Cơm rang yến mạch kết hợp salad bắp cải,Trung,main,breakfast,37,30,medium,354,24,62,15,9,486,3,35000,75000,eatclean,"Gạo, Yến mạch","Ngọt, Mặn, Chua, Cay, Thơm",0,1,https://www.lemon8-app.com/seo/image?item_id=7225821859265135106&index=2&sign=1e496de680a83344bd6a544ec2806618,"Cơm rang yến mạch kết hợp salad bắp cải là món ăn eat clean giàu chất xơ, vitamin và tinh bột tốt. Yến mạch và gạo lứt rang nhẹ tạo độ thơm bùi, ăn kèm salad bắp cải giòn mát giúp bữa ăn vừa no lâu vừa nhẹ bụng, phù hợp cho thực đơn giảm cân và ăn uống lành mạnh.","Yến mạch cán dẹt: 50g, Gạo lứt nấu chín: 120g, Trứng: 50g, Cà rốt: 40g, Đậu Hà Lan: 40g, Bắp hạt: 40g, Hành tây: 20g, Tỏi băm: 3g, Dầu ôliu: 5ml, Muối: 1g, Tiêu: 1g, Bắp cải bào: 80g, Giấm táo: 5ml, Mật ong hoặc đường ăn kiêng: 3g","Chảo chống dính, Thớt, Dao, Muỗng, Dĩa","Rang yến mạch trên chảo khô cho thơm rồi xào hành tỏi và rau củ, Thêm gạo lứt và trứng (nếu dùng) vào đảo đều, Nêm muối tiêu cho vừa ăn, Trộn bắp cải bào với giấm táo và mật ong làm salad, Dọn cơm rang cùng salad bắp cải và thưởng thức",Eat clean,Keto / Low-carb
salad-bo-ga-dau-dam,Salad bơ gà sốt dầu dấm,Bắc,main,lunch,46,30,easy,548,17,55,12,9,518,6,25000,65000,eatclean,"Phô mai (nếu có), Sốt kem","Mặn, Chua, Cay, Thơm, Béo",1,1,https://img-global.cpcdn.com/recipes/4c7574d8a685ee2c/300x426cq80/salad-b%C6%A1-ga-s%E1%BB%91t-d%E1%BA%A7u-d%E1%BA%A5m-recipe-main-photo.webp,"Salad bơ gà sốt dầu giấm là món ăn eat clean giàu đạm tốt và chất béo lành mạnh từ bơ. Ức gà áp chảo kết hợp với rau xanh và sốt dầu giấm chua nhẹ tạo nên món salad thanh mát, dễ ăn, phù hợp cho bữa trưa hoặc tối lành mạnh trong thực đơn giảm cân.","Ức gà: 150g, Bơ chín: 80g, Xà lách: 80g, Cà chua bi: 60g, Dưa leo: 60g, Hành tây lát mỏng: 20g, Dầu ôliu: 5ml, Giấm táo: 5ml, Muối: 1g, Tiêu: 1g, Tỏi băm: 3g","Nồi hấp, Rây, Thau, Đũa, Vá","Áp chảo ức gà ướp muối tiêu và tỏi rồi cắt lát, Sơ chế xà lách dưa leo cà chua và hành tây, Cắt bơ thành khối nhỏ, Pha sốt bằng dầu ôliu và giấm táo, Trộn tất cả nguyên liệu và rưới sốt lên trên, Trình bày ra dĩa và thưởng thức",Eat clean,"Thuần chay (Vegan), Ăn chay (Vegetarian), Không sữa"
dau-hu-rim-nuoc-mam-bong-cai-xanh,Đậu hũ chiên rim nước mắm cùng bông cải xanh,Bắc,main,breakfast,20,70,easy,383,18,50,14,9,470,5,40000,80000,eatclean,"Nước mắm, Đậu hũ","Ngọt, Mặn, Cay, Thơm",0,1,https://cdn.tgdd.vn/2020/10/CookRecipe/GalleryStep/thanh-pham-569.jpg,"Đậu hũ áp chiên rim nước mắm cùng bông cải xanh là món ăn thanh đạm nhưng đậm vị. Đậu hũ chiên vàng giòn bên ngoài, mềm bên trong, kết hợp với bông cải xanh giòn ngọt và nước mắm chay rim nhẹ tạo nên món ăn lành mạnh, phù hợp cho thực đơn eat clean hoặc bữa chay giản dị.","Đậu hũ trắng: 150g, Bông cải xanh: 120g, Tỏi băm: 5g, Nước mắm chay: 10ml, Đường ăn kiêng: 2g, Muối: 1g, Tiêu: 1g, Dầu ăn hoặc dầu ôliu: 5ml, Nước lọc: 30ml","Chảo, Nồi, Đũa, Thớt, Dao, Chén","Cắt đậu hũ miếng và áp chảo vàng đều, Luộc bông cải xanh đến khi chín tới, Phi tỏi rồi cho nước mắm chay đường nước và tiêu vào đun sôi, Cho đậu hũ vào rim đến khi thấm, Thêm bông cải xanh đảo nhẹ, Trình bày ra dĩa và thưởng thức",Eat clean,"Thuần chay (Vegan), Ăn chay (Vegetarian)"
bun-nuoc-tuong,Bún nước tương,Bắc,main,breakfast,40,30,medium,440,15,67,13,8,342,4,40000,70000,eatclean,"Đậu phộng, Nước tương, Đậu hũ","Ngọt, Mặn, Chua, Cay, Thơm",1,1,https://img-global.cpcdn.com/recipes/bad65179d2ce9f02/300x426cq80/bun-n%C6%B0%E1%BB%9Bc-t%C6%B0%C6%A1ng-eatclean-recipe-main-photo.webp,"Bún nước tương eat clean là món ăn cực kỳ đơn giản, thanh nhẹ, phù hợp cho bữa sáng hoặc bữa tối nhẹ nhàng. Sợi bún dai mềm kết hợp nước tương chua ngọt thanh mát và rau củ tươi làm món ăn vừa nhanh gọn vừa giàu chất xơ và ít calo.","Bún gạo lứt hoặc bún gạo: 150g, Dưa leo: 60g, Cà rốt: 40g, Rau xà lách: 60g, Rau thơm: 20g, Đậu phộng rang: 10g, Nước tương ít muối: 10ml, Nước cốt chanh hoặc giấm táo: 5ml, Đường ăn kiêng: 2g, Tỏi băm: 3g, Ớt băm (tuỳ chọn): 2g","Nồi, Thớt, Dao, Muỗng, Đũa, Tô","Luộc bún và để ráo, Sơ chế dưa leo cà rốt và rau sống, Pha nước tương với chanh đường tỏi và ớt, Xếp bún rau củ ra tô rồi rưới nước tương lên, Rắc đậu phộng và thưởng thức",Eat clean,Keto / Low-carb
cai-bo-xoi-xao-uc-ga,Cải bó xôi xào ức gà,Bắc,main,breakfast,28,39,easy,345,17,63,14,5,605,4,30000,70000,eatclean,"Gạo nếp, Gà","Mặn, Cay, Thơm",0,1,https://img-global.cpcdn.com/recipes/d09783aca08e2743/300x426f0.490435_0.5_1.0q80/c%E1%BA%A3i-bo-xoi-xao-%E1%BB%A9c-ga-recipe-main-photo.webp,"Cải bó xôi xào ức gà là món ăn giàu protein và chất xơ, rất phù hợp cho thực đơn eat clean. Ức gà mềm thơm kết hợp cải bó xôi giàu vitamin tạo nên món ăn nhẹ nhàng, dễ tiêu nhưng vẫn đủ năng lượng cho bữa trưa hoặc tối lành mạnh.","Ức gà: 150g, Cải bó xôi: 100g, Hành tây: 20g, Tỏi băm: 5g, Dầu ôliu: 5ml, Muối: 1g, Tiêu: 1g, Nước tương: 5ml, Nước lọc: 20ml","Nồi hấp, Rây, Thau, Đũa, Vá","Cắt ức gà miếng nhỏ và ướp muối tiêu tỏi, Áp chảo ức gà đến khi chín, Xào hành tây và tỏi rồi cho cải bó xôi vào đảo nhẹ, Thêm ức gà và nước tương cùng chút nước lọc, Xào nhanh đến khi cải chín và thấm vị, Trình bày ra dĩa và thưởng thức",Eat clean,"Thuần chay (Vegan), Ăn chay (Vegetarian), Keto / Low-carb"
bun-gao-lut-ca-thu,Bún gạo lứt cá thu,Nam,main,dinner,30,70,medium,508,28,59,8,7,714,3,35000,65000,eatclean,"Cá basa, Nước mắm","Mặn, Cay, Thơm",0,1,https://img-global.cpcdn.com/recipes/904bb3c120a6fe99/300x426cq80/bun-ca-thu-healthy-recipe-main-photo.webp,Bún cá thu healthy là món ăn thanh nhẹ nhưng giàu protein và omega-3 từ cá thu. Kết hợp với rau củ tươi và nước dùng trong ngọt tự nhiên giúp món ăn vừa bổ dưỡng vừa phù hợp cho thực đơn ăn lành mạnh hoặc giảm cân.,"Bún gạo lứt hoặc bún gạo: 150g, Cá thu phi lê: 150g, Cà chua: 80g, Hành tây: 20g, Rau thì là hoặc hành lá: 10g, Gừng lát: 5g, Nước lọc hoặc nước dùng rau củ: 500ml, Muối: 1g, Tiêu: 1g, Nước mắm nhạt hoặc nước tương: 5ml, Dầu ôliu: 5ml","Nồi, Thớt, Dao, Muỗng, Đũa, Tô","Áp chảo cá thu với muối tiêu đến khi vàng, Nấu nước dùng với gừng hành tây và cà chua, Nêm nước mắm hoặc nước tương muối tiêu cho vừa ăn, Trụng bún và cho vào tô, Xếp cá thu lên rồi chan nước dùng nóng, Rắc thì là hoặc hành lá và thưởng thức",Eat clean,"Thuần chay (Vegan), Ăn chay (Vegetarian), Keto / Low-carb"
salad-tom,Salad tôm,Trung,main,breakfast,36,30,medium,500,23,63,15,7,601,3,40000,70000,eatclean,"Tôm, Sốt kem/Mayonnaise","Mặn, Chua, Cay, Thơm, Béo",1,1,https://img-global.cpcdn.com/recipes/55bd0b42a93b4a49/300x426f0.5_0.499931_1.0q80/salad-tom-eat-clean-recipe-main-photo.webp,"Salad tôm eat clean là món ăn thanh mát, giàu đạm và ít calo. Tôm áp chảo thơm ngọt kết hợp với rau xanh, dưa leo và sốt dầu ôliu – chanh nhẹ nhàng tạo nên món salad dễ ăn, dinh dưỡng và phù hợp cho thực đơn giảm cân hoặc bữa trưa lành mạnh.","Tôm tươi bóc vỏ: 120g, Xà lách: 80g, Dưa leo: 60g, Cà chua bi: 60g, Bơ chín: 50g, Hành tây lát mỏng: 20g, Dầu ôliu: 5ml, Nước cốt chanh: 5ml, Muối: 1g, Tiêu: 1g, Tỏi băm: 3g","Chảo, Nồi, Đũa, Thớt, Dao, Chén","Ướp tôm với muối tiêu và tỏi rồi áp chảo đến khi chín, Sơ chế xà lách dưa leo cà chua và hành tây, Cắt bơ thành khối (nếu dùng), Trộn rau với tôm rồi rưới dầu ôliu và nước chanh, Trộn đều và trình bày ra dĩa thưởng thức",Eat clean,"Thuần chay (Vegan), Ăn chay (Vegetarian)"
bun-gao-lut-suon-sun-rau-cu,Bún lứt hầm sườn sụn rau củ,Trung,main,lunch,20,70,medium,343,19,43,13,9,726,6,40000,70000,eatclean,"Sườn, Nước mắm, Đậu nành (nếu có)","Mặn, Cay, Thơm, Đậm đà",0,1,https://img-global.cpcdn.com/recipes/42e873c8f548a221/300x426f0.469469_0.5_1.0q80/bun-l%E1%BB%A9t-h%E1%BA%A7m-s%C6%B0%E1%BB%9Dn-s%E1%BB%A5n-rau-c%E1%BB%A7-recipe-main-photo.webp,"Bún lứt hầm sườn sụn rau củ là món ăn healthy giàu đạm, ít tinh bột xấu và nhiều chất xơ từ rau củ. Sườn sụn hầm mềm kết hợp bún gạo lứt dai nhẹ tạo nên món ăn thanh đạm nhưng vẫn giàu dinh dưỡng, phù hợp cho bữa trưa hoặc tối lành mạnh.","Bún gạo lứt: 150g, Sườn sụn heo: 150g, Cà rốt: 60g, Khoai tây: 80g, Bông cải trắng: 80g, Hành tây: 30g, Gừng lát: 5g, Tỏi băm: 3g, Nước lọc hoặc nước hầm xương: 600ml, Muối: 1.5g, Tiêu: 1g, Nước mắm nhạt hoặc nước tương: 5ml","Chảo chống dính, Thớt, Dao, Muỗng, Dĩa","Hầm sườn sụn với gừng và hành tây đến khi mềm, Thêm cà rốt khoai tây bông cải vào nấu chín, Nêm muối tiêu và nước mắm hoặc nước tương cho vừa ăn, Trụng bún lứt và cho vào tô, Chan nước hầm và sắp sườn sụn cùng rau củ lên trên, Trình bày và thưởng thức",Eat clean,"Thuần chay (Vegan), Ăn chay (Vegetarian), Keto / Low-carb"
bun-gao-lut-ca-chua-nam-huong,Bún gạo lứt cà chua nấm hương,Trung,main,breakfast,28,70,easy,528,30,63,16,5,542,2,35000,55000,eatclean,"Cá basa, Nước mắm","Ngọt, Mặn, Cay, Thơm, Đậm đà",1,1,https://img-global.cpcdn.com/recipes/7b0042275a9f711b/300x426f0.556818_0.5_1.0q80/bun-g%E1%BA%A1o-l%E1%BB%A9t-n%C6%B0%E1%BB%9Bc-leo-ca-chua-n%E1%BA%A5m-h%C6%B0%C6%A1ng-chay-recipe-main-photo.webp,"Bún gạo lứt nước lèo cà chua nấm hương chay là món ăn thanh đạm, ngọt tự nhiên từ nấm hương và rau củ, kết hợp sợi bún gạo lứt dai mềm. Món ăn nhẹ bụng, giàu chất xơ và phù hợp cho thực đơn chay – eat clean.","Bún gạo lứt: 150g, Nấm hương khô hoặc tươi: 60g, Cà chua: 120g, Cải thìa hoặc cải ngọt: 80g, Hành boa rô: 10g, Gừng lát: 5g, Nước lọc hoặc nước hầm rau củ: 700ml, Muối: 1.5g, Đường ăn kiêng: 1g, Nước tương thuần chay: 5ml, Tiêu: 1g, Dầu mè: 3ml","Nồi hấp, Rây, Thau, Đũa, Vá","Ngâm nấm hương cho mềm rồi cắt đôi, Phi boa rô với dầu mè rồi xào cà chua cho mềm, Thêm nước và gừng vào nấu sôi, Cho nấm và cải vào nấu chín, Nêm muối đường ăn kiêng nước tương và tiêu, Trụng bún gạo lứt cho vào tô rồi chan nước lèo, Trình bày và thưởng thức",Eat clean,Keto / Low-carb
bun-gao-lut-dau-khuon,Bún gạo lứt đậu khuôn,Bắc,main,dinner,38,36,easy,386,22,40,8,8,662,3,35000,55000,eatclean,"Tôm, Nước mắm","Ngọt, Chua, Cay, Thơm",1,1,https://img-global.cpcdn.com/recipes/556463804c8f968e/300x426f0.5_0.500105_1.0q80/bun-g%E1%BA%A1o-l%E1%BB%A9t-d%E1%BA%ADu-khuon-eatclean-recipe-main-photo.webp,"Bún gạo lứt đậu khuôn là món ăn thanh đạm, nhiều chất xơ và protein thực vật. Đậu hũ chiên hoặc áp chảo kết hợp rau củ tươi và sợi bún gạo lứt dai nhẹ tạo nên bữa ăn nhẹ bụng nhưng vẫn đầy đủ dưỡng chất, rất phù hợp cho người ăn chay hoặc eat clean.","Bún gạo lứt: 150g, Đậu khuôn (đậu hũ trắng hoặc chiên): 120g, Dưa leo: 60g, Cà rốt: 40g, Rau xà lách: 80g, Rau thơm: 20g, Đậu phộng rang: 10g, Tỏi băm: 3g, Nước tương thuần chay: 10ml, Nước cốt chanh: 5ml, Đường ăn kiêng: 2g, Dầu mè: 3ml, Ớt băm: 2g","Nồi, Thớt, Dao, Muỗng, Đũa, Tô","Luộc bún gạo lứt và để ráo, Áp chảo hoặc chiên đậu khuôn rồi cắt miếng, Sơ chế dưa leo cà rốt xà lách và rau thơm, Pha sốt bằng nước tương chanh đường tỏi ớt và dầu mè, Trộn bún với rau củ và đậu khuôn rồi rưới sốt, Rắc đậu phộng và thưởng thức",Eat clean,Keto / Low-carb
salad-ca-thu,Salad cá thu,Nam,main,dinner,36,30,medium,428,17,43,12,5,482,3,30000,60000,eatclean,Cá,"Mặn, Chua, Cay, Thơm",1,1,https://img-global.cpcdn.com/recipes/1c1422d6c613c90c/300x426cq80/salad-ca-thu-eat-clean-recipe-main-photo.webp,"Salad cá thu eat clean là món ăn giàu omega-3, protein và chất xơ. Cá thu áp chảo thơm béo kết hợp rau xanh tươi mát và sốt dầu ôliu – chanh giúp món salad nhẹ bụng, dễ ăn nhưng vẫn đầy đủ dinh dưỡng, phù hợp cho thực đơn giảm cân hoặc bữa trưa lành mạnh.","Cá thu phi lê: 120g, Xà lách: 80g, Cà chua bi: 60g, Dưa leo: 60g, Hành tây lát mỏng: 20g, Dầu ôliu: 5ml, Nước cốt chanh: 5ml, Muối: 1g, Tiêu: 1g, Tỏi băm: 3g","Chảo chống dính, Thớt, Dao, Muỗng, Dĩa","Ướp cá thu với muối tiêu tỏi rồi áp chảo vàng thơm, Sơ chế xà lách dưa leo cà chua và hành tây, Xé hoặc cắt cá thu thành miếng vừa ăn, Trộn rau với cá rồi rưới dầu ôliu và nước chanh, Trộn đều và thưởng thức",Eat clean,"Thuần chay (Vegan), Ăn chay (Vegetarian)"
banh-so-co-la-muffin-yen-mach,Bánh socola muffin yến mạch,Bắc,main,breakfast,36,38,easy,448,16,47,10,6,757,3,40000,70000,eatclean,"Trứng, Sữa, Yến mạch","Ngọt, Mặn, Béo",0,1,https://img-global.cpcdn.com/recipes/ffdaee6eacd0d2db/300x426cq80/banh-so-co-la-chu%E1%BB%91i-muffin-y%E1%BA%BFn-m%E1%BA%A1ch-eat-clean-recipe-main-photo.webp,"Bánh sô-cô-la chuối muffin yến mạch Eat Clean là món bánh lành mạnh, không bột mì, không đường tinh luyện. Chuối chín tạo độ ngọt tự nhiên, yến mạch giúp no lâu và cacao mang lại vị thơm đậm. Món bánh thích hợp cho bữa sáng, meal prep hoặc món ăn nhẹ giàu dinh dưỡng.","Yến mạch cán dẹt xay mịn: 80g, Chuối chín: 120g, Trứng gà: 50g, Bột cacao nguyên chất: 10g, Sữa hạnh nhân hoặc sữa không đường: 50ml, Mật ong hoặc đường ăn kiêng: 5g, Baking powder: 3g, Dầu ôliu hoặc dầu dừa: 5ml, Muối: 1g, Chocolate chip đen: 10g","Chảo chống dính, Thớt, Dao, Muỗng, Dĩa","Nghiền chuối rồi trộn với trứng sữa và dầu, Thêm yến mạch bột cacao baking powder muối và trộn đều, Đổ hỗn hợp vào khuôn muffin và rắc chocolate chip, Nướng 170–180°C trong 15–20 phút đến khi chín, Để nguội và thưởng thức",Eat clean,"Keto / Low-carb, Không gluten"
nui-lut-tron,Nui lứt trộn,Bắc,main,dinner,36,30,medium,469,18,55,17,9,595,7,25000,65000,eatclean,,"Ngọt, Mặn, Chua, Cay, Thơm",1,1,https://img-global.cpcdn.com/recipes/bdb9ae2d4ee09862/300x426cq80/nui-l%E1%BB%A9t-tr%E1%BB%99n-n%C6%B0%E1%BB%9Bc-t%C6%B0%C6%A1ng-eat-clean-recipe-main-photo.webp,"Nui lứt trộn nước tương eat clean là món ăn đơn giản, thanh nhẹ nhưng giàu chất xơ và no lâu nhờ nui gạo lứt. Kết hợp thêm rau củ tươi và nước tương chua nhẹ giúp món ăn dễ ăn, phù hợp cho bữa trưa nhanh gọn hoặc thực đơn giảm cân.","Nui gạo lứt: 120g, Dưa leo: 60g, Cà rốt: 40g, Bắp hạt: 40g, Rau xà lách: 60g, Rau thơm: 15g, Tỏi băm: 3g, Nước tương ít muối: 10ml, Nước cốt chanh hoặc giấm táo: 5ml, Đường ăn kiêng: 2g, Dầu mè hoặc dầu ôliu: 3ml, Ớt băm: 2g","Chảo chống dính, Thớt, Dao, Muỗng, Dĩa","Luộc nui lứt và để ráo, Sơ chế dưa leo cà rốt bắp và rau xanh, Pha nước tương với chanh đường tỏi và dầu mè, Trộn nui với rau củ rồi rưới sốt lên, Trộn đều và thưởng thức",Eat clean,Không gluten
banh-chuoi-yen-mach,Bánh chuối yến mạch,Trung,main,breakfast,36,38,medium,341,20,67,17,7,662,5,30000,50000,eatclean,"Trứng, Sữa, Yến mạch","Ngọt, Mặn, Béo",0,1,https://img-global.cpcdn.com/recipes/77d977f07a2bd368/300x426cq80/banh-chu%E1%BB%91i-y%E1%BA%BFn-m%E1%BA%A1ch-eat-clean-recipe-main-photo.webp,"Bánh chuối yến mạch eat clean là món bánh đơn giản, không dùng bột mì và đường tinh luyện. Chuối chín tạo độ ngọt tự nhiên kết hợp cùng yến mạch giàu chất xơ giúp món bánh mềm, thơm và rất phù hợp cho bữa sáng hoặc món ăn nhẹ lành mạnh.","Yến mạch cán dẹt: 80g, Chuối chín: 150g, Trứng gà: 50g, Sữa không đường hoặc sữa hạt: 50ml, Mật ong hoặc đường ăn kiêng: 5g, Baking powder: 3g, Dầu ôliu hoặc dầu dừa: 5ml, Muối: 1g, Vanilla: 2g","Nồi, Thớt, Dao, Muỗng, Đũa, Tô","Nghiền chuối chín rồi trộn với trứng sữa dầu và vanilla, Thêm yến mạch baking powder muối và trộn đều, Đổ hỗn hợp vào khuôn hoặc khay, Nướng 170–180°C trong 15–20 phút đến khi bánh chín vàng, Để nguội và thưởng thức",Eat clean,Keto / Low-carb
bun-moc-ga,Bún mọc ức gà,Bắc,main,dinner,30,70,easy,484,16,49,10,8,414,7,25000,55000,eatclean,"Mọc, Nước mắm","Mặn, Cay, Thơm, Đậm đà",1,1,https://img-global.cpcdn.com/recipes/39e88941a89f6106/300x426cq80/bun-m%E1%BB%8Dc-ga-eat-clean-recipe-main-photo.webp,"Bún mọc gà eat clean là món ăn nhẹ nhàng nhưng giàu protein, với nước dùng thanh ngọt tự nhiên từ thịt gà và nấm. Mọc gà mềm dai kết hợp bún gạo lứt và rau xanh giúp món ăn vừa ngon miệng vừa phù hợp cho thực đơn giảm cân hoặc ăn uống lành mạnh.","Bún gạo lứt: 150g, Thịt gà xay: 120g, Ức gà hoặc xương gà: 150g, Nấm mèo: 10g, Nấm hương: 20g, Hành tây: 30g, Hành lá: 10g, Nước lọc: 700ml, Muối: 1.5g, Tiêu: 1g, Nước mắm nhạt: 5ml, Tỏi băm: 3g","Chảo chống dính, Thớt, Dao, Muỗng, Dĩa","Hầm ức gà hoặc xương gà với hành tây để lấy nước dùng, Trộn thịt gà xay với nấm mèo nấm hương muối tiêu rồi vo viên, Cho mọc vào nồi nước dùng nấu đến khi nổi, Nêm nước mắm muối tiêu cho vừa ăn, Trụng bún gạo lứt cho vào tô rồi chan nước dùng và mọc gà, Rắc hành lá và thưởng thức",Eat clean,"Thuần chay (Vegan), Ăn chay (Vegetarian), Keto / Low-carb"
salad-trai-cay-nhiet-doi-sot-dau-gam,Salad trái cây nhiệt đới sốt dầu gấm,Trung,main,dinner,44,30,medium,513,20,51,14,9,275,7,35000,75000,eatclean,,"Ngọt, Mặn, Chua",1,1,https://img-global.cpcdn.com/recipes/8087aa74fb55033d/300x426f0.673913_0.5_1.0q80/eatclean-salad-trai-cay-nhi%E1%BB%87t-d%E1%BB%9Bi-s%E1%BB%91t-d%E1%BA%A7u-gi%E1%BA%A5m-recipe-main-photo.webp,"Salad trái cây nhiệt đới sốt dầu giấm là món ăn tươi mát, nhiều vitamin và chất chống oxy hoá. Trái cây nhiệt đới ngọt tự nhiên kết hợp với sốt dầu giấm chua nhẹ giúp món salad vừa thanh mát, vừa tốt cho tiêu hoá, thích hợp cho bữa sáng hoặc món ăn nhẹ eat clean.","Dứa: 80g, Xoài chín: 80g, Dưa hấu: 100g, Kiwi: 60g, Bưởi hoặc cam: 80g, Rau bạc hà: 5g, Dầu ôliu: 5ml, Giấm táo: 5ml, Mật ong hoặc đường ăn kiêng: 3g, Muối: 1g","Chảo chống dính, Thớt, Dao, Muỗng, Dĩa","Cắt nhỏ các loại trái cây, Pha sốt bằng dầu ôliu giấm táo mật ong và muối, Cho trái cây vào tô và rưới sốt lên, Trộn nhẹ để không nát trái cây, Rắc bạc hà và thưởng thức",Eat clean,
trung-chien-nam-kim-cham-ca-chua,Trứng chiên nấm kim châm với cà chua,Nam,main,breakfast,20,30,medium,403,29,70,16,8,358,2,25000,45000,eatclean,"Trứng, Nước mắm","Mặn, Cay, Thơm, Đậm đà",1,1,https://img-global.cpcdn.com/recipes/2c352c88a41fcf73/300x426f0.5_0.500973_1.0q80/eatclean-tr%E1%BB%A9ng-chien-n%E1%BA%A5m-kim-cham-ca-chua-recipe-main-photo.webp,"Trứng chiên nấm kim châm & cà chua là món ăn đơn giản nhưng giàu dinh dưỡng. Nấm kim châm giòn nhẹ, cà chua chua ngọt kết hợp với trứng tạo nên món ăn thanh đạm, dễ tiêu và phù hợp cho bữa sáng hoặc bữa tối eat clean.","Trứng gà: 100g, Nấm kim châm: 80g, Cà chua: 80g, Hành lá: 10g, Tỏi băm: 3g, Muối: 1g, Tiêu: 1g, Dầu ôliu hoặc dầu ăn ít: 3ml","Nồi hấp, Rây, Thau, Đũa, Vá","Đánh trứng với muối tiêu, Xào sơ nấm kim châm và cà chua với tỏi, Đổ trứng vào chảo và chiên lửa nhỏ đến khi chín vàng đều, Rắc hành lá và trình bày ra dĩa thưởng thức",Eat clean,Thuần chay (Vegan)
cuon-dau-hu,Cuốn đậu hũ,Nam,main,lunch,30,35,easy,430,19,40,13,6,698,6,35000,55000,eatclean,"Đậu hũ, Nước tương","Ngọt, Mặn, Chua, Thơm",1,1,https://img-global.cpcdn.com/recipes/7adb4d40826ff5c8/300x426f0.446885_0.5_1.0q80/cu%E1%BB%91n-d%E1%BA%ADu-hu-eatclean-recipe-main-photo.webp,"Cuốn đậu hũ eat clean là món ăn thanh mát, ít calo và giàu protein thực vật. Đậu hũ áp chảo kết hợp rau sống, dưa leo và bánh tráng cuốn tạo nên bữa ăn nhẹ bụng nhưng vẫn đầy đủ dưỡng chất, rất thích hợp cho bữa trưa hoặc tối lành mạnh.","Đậu hũ trắng hoặc đậu hũ non cứng: 150g, Bánh tráng mỏng: 5 cái, Xà lách: 60g, Rau thơm: 20g, Dưa leo: 60g, Cà rốt: 40g, Nước tương ít muối: 10ml, Nước cốt chanh: 5ml, Đường ăn kiêng: 2g, Tỏi băm: 3g","Nồi hấp, Rây, Thau, Đũa, Vá","Cắt đậu hũ và áp chảo vàng đều, Sơ chế xà lách rau thơm dưa leo và cà rốt, Pha sốt nước tương chanh đường và tỏi, Làm mềm bánh tráng rồi cuốn đậu hũ cùng rau củ, Chấm nước tương và thưởng thức",Eat clean,
com-gao-lut-ca-basa-ap-chao,Cơm gạo lứt Cá basa áp chảo ,Trung,main,breakfast,20,45,medium,494,18,43,12,9,544,5,25000,45000,eatclean,"Gạo, Cá, Gạo lứt","Mặn, Chua, Cay, Thơm",1,1,https://img-global.cpcdn.com/recipes/6d3f644c7c463501/300x426f0.500259_0.5_1.0q80/eatclean-c%C6%A1m-g%E1%BA%A1o-l%E1%BB%A9t-ca-basa-ap-ch%E1%BA%A3o-canh-rong-n%E1%BA%A5m-d%E1%BA%ADu-ph%E1%BB%A5-non-recipe-main-photo.webp,"Cơm gạo lứt cá basa áp chảo là món ăn lành mạnh, ít chất béo xấu và giàu đạm. Cá basa áp chảo vàng thơm kết hợp cơm gạo lứt dẻo và rau củ giúp tạo nên bữa ăn no lâu nhưng không gây tăng cân, rất phù hợp cho thực đơn eat clean hoặc bữa trưa văn phòng.","Cơm gạo lứt nấu chín: 150g, Cá basa phi lê: 150g, Bông cải xanh: 100g, Cà rốt: 40g, Hành tây: 20g, Tỏi băm: 3g, Dầu ôliu: 5ml, Muối: 1g, Tiêu: 1g, Nước cốt chanh: 5ml","Nồi, Thớt, Dao, Muỗng, Đũa, Tô","Ướp cá basa với muối tiêu và tỏi rồi áp chảo vàng đều, Luộc hoặc hấp bông cải xanh và cà rốt, Xào nhẹ hành tây nếu thích, Sắp cơm gạo lứt ra dĩa cùng rau củ và cá basa, Rưới chút nước chanh và thưởng thức",Eat clean,"Thuần chay (Vegan), Ăn chay (Vegetarian), Keto / Low-carb"
salad-tom-bo,Salad tôm và bơ,Nam,main,lunch,28,30,medium,476,25,56,10,4,470,6,25000,45000,eatclean,"Tôm, Sốt kem/Mayonnaise","Mặn, Chua, Cay, Thơm, Béo",0,1,https://img-global.cpcdn.com/recipes/fed957649d9257ba/300x426f0.500764_0.5_1.0q80/salad-tom-va-b%C6%A1-recipe-main-photo.webp,"Salad tôm và bơ eat clean là món ăn thanh mát, giàu protein và chất béo lành mạnh. Tôm ngọt thịt kết hợp với bơ béo mịn và rau xanh tạo nên bữa ăn nhẹ nhưng vẫn no lâu, rất phù hợp cho thực đơn giảm cân hoặc bữa trưa nhanh gọn.","Tôm tươi bóc vỏ: 120g, Bơ chín: 80g, Xà lách: 80g, Cà chua bi: 60g, Dưa leo: 60g, Dầu ôliu: 5ml, Nước cốt chanh: 5ml, Muối: 1g, Tiêu: 1g, Tỏi băm: 3g","Chảo chống dính, Thớt, Dao, Muỗng, Dĩa","Ướp tôm với muối tiêu tỏi rồi áp chảo đến khi chín, Cắt bơ thành khối và sơ chế rau xà lách dưa leo cà chua, Trộn rau với tôm và bơ rồi rưới dầu ôliu và nước chanh, Trộn nhẹ nhàng và thưởng thức",Eat clean,"Thuần chay (Vegan), Ăn chay (Vegetarian), Không sữa"
bun-gao-lut-tom-rau-cu,Bún gạo lứt xào tôm rau củ,Nam,main,breakfast,20,57,medium,436,16,60,10,5,467,7,30000,70000,eatclean,"Tôm, Nước mắm","Mặn, Cay, Thơm",0,1,https://www.sgtiepthi.vn/wp-content/uploads/2021/06/T5_bungaolutxaotomraucu_Eatsy.jpg,"Bún gạo lứt xào tôm rau củ eat clean là món ăn thanh nhẹ nhưng giàu đạm và chất xơ. Tôm tươi ngọt thịt kết hợp rau củ nhiều màu và bún gạo lứt dai nhẹ giúp món ăn vừa ngon miệng, vừa phù hợp cho chế độ giảm cân hoặc ăn uống lành mạnh hằng ngày.","Bún gạo lứt: 150g, Tôm tươi bóc vỏ: 120g, Cà rốt: 40g, Bông cải xanh hoặc cải thìa: 80g, Hành tây: 30g, Tỏi băm: 5g, Dầu ôliu: 5ml, Nước tương: 5ml, Muối: 1g, Tiêu: 1g, Nước lọc: 30ml","Nồi, Thớt, Dao, Muỗng, Đũa, Tô","Luộc bún gạo lứt và để ráo, Áp chảo tôm đã ướp muối tiêu tỏi, Xào hành tỏi rồi cho cà rốt và rau củ vào đảo đều, Thêm bún và chút nước lọc vào xào chung, Nêm nước tương muối tiêu cho vừa ăn, Trình bày và thưởng thức",Eat clean,"Thuần chay (Vegan), Ăn chay (Vegetarian), Keto / Low-carb"
mien-ca,Miến cá,Nam,main,lunch,68,30,medium,315,22,65,13,8,560,2,25000,45000,eatclean,"Cá, Nước mắm, Thì là","Mặn, Chua, Cay, Thơm",0,1,https://img-global.cpcdn.com/recipes/0f2127469f934c1f/300x426f0.5_0.470705_1.0q80/mi%E1%BA%BFn-ca-healthy-recipe-main-photo.webp,"Miến cá rô phi eat clean là món ăn nhẹ bụng, giàu protein và ít tinh bột xấu. Cá rô phi áp chảo vàng thơm kết hợp miến dong dai mềm và rau củ giúp món ăn thanh đạm nhưng vẫn đủ năng lượng, phù hợp cho bữa trưa hoặc tối lành mạnh.","Miến dong: 80g, Cá rô phi phi lê: 150g, Cải thìa hoặc cải xanh: 80g, Cà rốt: 40g, Hành tây: 20g, Tỏi băm: 5g, Dầu ôliu: 5ml, Muối: 1g, Tiêu: 1g, Nước tương ít muối hoặc nước mắm nhạt: 5ml, Nước lọc: 50ml, Nước cốt chanh: 5ml","Nồi, Thớt, Dao, Muỗng, Đũa, Tô","Ngâm miến cho mềm và để ráo, Áp chảo cá rô phi đã ướp muối tiêu tỏi rồi cắt miếng, Xào hành tỏi cà rốt và cải thìa, Thêm miến và chút nước lọc vào đảo đều, Nêm nước tương muối tiêu và nước chanh, Trộn cá vào và thưởng thức",Eat clean,"Thuần chay (Vegan), Ăn chay (Vegetarian), Keto / Low-carb"
chao-yen-mach-bi-do,Cháo yến mạch bí đỏ,Bắc,main,dinner,18,54,medium,492,30,48,12,5,413,4,40000,60000,eatclean,Sữa tươi,"Ngọt, Mặn, Cay, Thơm, Béo",1,1,https://img-global.cpcdn.com/recipes/7b07558888127ad2/680x781cq80/chao-y%E1%BA%BFn-m%E1%BA%A1ch-bi-d%E1%BB%8F-eat-clean-recipe-main-photo.jpg,"Cháo yến mạch bí đỏ eat clean là món ăn mềm, dễ tiêu, giàu chất xơ và vitamin A. Bí đỏ ngọt tự nhiên kết hợp yến mạch giúp món cháo thơm bùi, no lâu nhưng vẫn ít calo, rất phù hợp cho bữa sáng hoặc bữa tối nhẹ nhàng.","Yến mạch cán dẹt: 40g, Bí đỏ: 120g, Sữa không đường hoặc nước lọc: 300ml, Hành tím băm: 5g, Muối: 1g, Tiêu: 1g, Dầu ôliu: 3ml","Chảo chống dính, Thớt, Dao, Muỗng, Dĩa","Hấp hoặc luộc bí đỏ rồi nghiền nhuyễn, Nấu yến mạch với nước hoặc sữa đến khi mềm, Cho bí đỏ vào khuấy đều và nêm muối tiêu, Thêm dầu ôliu và nấu thêm 1 phút, Múc ra tô và thưởng thức",Eat clean,
com-gao-lut-bo-luc-lac,Cơm gạo lứt bò lúc lắc,Bắc,main,lunch,38,30,easy,320,16,48,8,5,274,7,25000,55000,eatclean,"Bò, Nước tương, Bơ","Mặn, Cay, Thơm, Đậm đà",1,1,https://img-global.cpcdn.com/recipes/5efded9661845467/300x426f0.5_0.50125_1.0q80/eatclean-c%C6%A1m-g%E1%BA%A1o-l%E1%BB%A9t-bo-luc-l%E1%BA%AFc-recipe-main-photo.webp,"Cơm gạo lứt bò lúc lắc eat clean là bữa ăn giàu protein, ít tinh bột xấu và bổ sung nhiều chất xơ. Thịt bò mềm ngọt xào nhanh kiểu lúc lắc cùng rau củ và cơm gạo lứt giúp bạn có bữa ăn vừa ngon miệng vừa lành mạnh, phù hợp cho người giảm cân hoặc tập luyện.","Cơm gạo lứt nấu chín: 150g, Thịt bò thăn cắt vuông: 150g, Ớt chuông: 60g, Hành tây: 40g, Tỏi băm: 5g, Dầu ôliu: 5ml, Nước tương ít muối hoặc dầu hào eat clean: 5ml, Muối: 1g, Tiêu: 1g","Chảo, Nồi, Đũa, Thớt, Dao, Chén","Ướp thịt bò với muối tiêu tỏi và nước tương, Áp chảo thịt bò lửa lớn cho săn và chín vừa, Xào nhanh hành tây và ớt chuông, Trộn lại với thịt bò cho thấm vị, Sắp cơm gạo lứt ra dĩa rồi cho bò lúc lắc lên trên và thưởng thức",Eat clean,"Thuần chay (Vegan), Ăn chay (Vegetarian), Keto / Low-carb"
salad-dua-voi-dua-leo,Salad dứa với dưa leo,Bắc,main,dinner,44,30,easy,393,16,59,9,6,503,3,30000,60000,eatclean,,"Ngọt, Mặn, Chua, Cay, Thơm",1,1,https://img-global.cpcdn.com/recipes/be9f890f569b7332/300x426f0.442029_0.5_1.0q80/eatclean-salad-d%E1%BB%A9a-d%C6%B0a-chu%E1%BB%99t-recipe-main-photo.webp,"Salad dứa dưa chuột eat clean là món ăn thanh mát, giàu vitamin và ít calo. Dứa chua ngọt tự nhiên kết hợp dưa chuột giòn mát tạo nên hương vị tươi sáng, nhẹ bụng, thích hợp cho bữa phụ hoặc bữa trưa giảm cân lành mạnh.","Dứa: 100g, Dưa chuột: 120g, Hành tây lát mỏng: 15g, Rau bạc hà hoặc rau mùi: 5g, Dầu ôliu: 5ml, Giấm táo hoặc nước cốt chanh: 5ml, Mật ong hoặc đường ăn kiêng: 3g, Muối: 1g, Tiêu: 1g","Chảo, Nồi, Đũa, Thớt, Dao, Chén","Cắt dứa và dưa chuột thành miếng vừa ăn, Trộn dầu ôliu với giấm táo mật ong muối và tiêu làm sốt, Cho dứa dưa chuột và hành tây vào tô rồi rưới sốt lên, Trộn nhẹ và rắc bạc hà lên trên, Trình bày và thưởng thức",Eat clean,
dau-hu-nhoi-sot-ca-chua,Đậu hũ nhồi sốt cà chua,Trung,main,dinner,10,70,medium,418,22,53,16,9,497,4,30000,50000,eatclean,Đậu hũ,"Ngọt, Mặn, Cay, Thơm, Đậm đà",1,1,https://img-global.cpcdn.com/recipes/7de94a4e80e1a110/300x426cq80/d%E1%BA%ADu-hu-nh%E1%BB%93i-s%E1%BB%91t-ca-chua-recipe-main-photo.webp,"Đậu hũ nhồi sốt cà chua là món ăn chay thanh đạm nhưng vẫn đậm đà hương vị. Đậu hũ mềm được nhồi nhân nấm hoặc rau củ, sau đó rim trong sốt cà chua chua ngọt tự nhiên, tạo nên món ăn healthy, dễ ăn và phù hợp cho bữa trưa hoặc tối eat clean.","Đậu hũ trắng: 200g, Nấm hương: 60g, Cà chua: 120g, Hành boa rô băm: 10g, Tỏi băm: 5g, Nước tương chay: 5ml, Muối: 1g, Tiêu: 1g, Đường ăn kiêng: 2g, Dầu ôliu hoặc dầu ăn: 5ml, Nước lọc: 50ml","Nồi, Thớt, Dao, Muỗng, Đũa, Tô","Khoét rỗng đậu hũ và nhồi nấm xào, Xay hoặc dầm cà chua rồi phi hành tỏi và nấu thành sốt, Cho đậu hũ vào rim với nước sốt đến khi thấm, Nêm nước tương muối tiêu và đường ăn kiêng, Rim sệt lại và trình bày ra dĩa thưởng thức",Eat clean,
salad-dau-dam-tron-tep-kho,Salad dầu giấm trộn tép khô,Bắc,main,lunch,76,30,easy,343,15,40,10,9,723,5,35000,65000,eatclean,,"Ngọt, Mặn, Chua, Cay, Thơm",1,1,https://img-global.cpcdn.com/recipes/249a71ab3c4fd3f1/300x426f0.5_0.5_1.0q80/salad-d%E1%BA%A7u-gi%E1%BA%A5m-tr%E1%BB%99n-tep-kho-recipe-main-photo.webp,"Salad dầu giấm trộn tép khô là món ăn thanh mát, ít calo nhưng đậm đà nhờ vị mặn nhẹ và thơm đặc trưng của tép khô. Kết hợp rau xanh, dưa leo, cà chua và sốt dầu giấm chua dịu tạo nên món salad vừa ngon miệng vừa phù hợp cho thực đơn eat clean hoặc bữa trưa nhanh gọn.","Xà lách: 80g, Tép khô ngâm mềm: 20g, Dưa leo: 60g, Cà chua bi: 60g, Hành tây lát mỏng: 15g, Dầu ôliu: 5ml, Giấm táo hoặc nước cốt chanh: 5ml, Đường ăn kiêng: 2g, Muối: 1g, Tiêu: 1g","Nồi hấp, Rây, Thau, Đũa, Vá","Ngâm tép khô cho mềm rồi để ráo, Sơ chế xà lách dưa leo cà chua và hành tây, Pha sốt bằng dầu ôliu giấm táo đường muối và tiêu, Trộn rau với tép khô rồi rưới sốt dầu giấm lên, Trộn nhẹ và thưởng thức",Eat clean,
pancake-yen-mach,Pancake yến mạch,Bắc,main,lunch,36,30,medium,421,21,43,10,5,503,6,25000,55000,eatclean,"Trứng, Sữa, Yến mạch","Ngọt, Mặn, Béo",1,1,https://cdn.tgdd.vn/Files/2021/09/28/1386199/huong-dan-lam-banh-pancake-chuoi-yen-mach-thom-ngon-day-dinh-duong-202202211133148108.jpg,"Pancake yến mạch eat clean là món bánh mềm xốp, thơm bùi và hoàn toàn không dùng bột mì tinh luyện. Yến mạch xay kết hợp chuối hoặc trứng tạo độ kết dính tự nhiên giúp món pancake vừa tốt cho sức khoẻ vừa phù hợp cho bữa sáng giảm cân, giàu năng lượng sạch.","Yến mạch xay mịn: 60g, Chuối chín nghiền: 80g, Trứng gà: 50g, Sữa không đường hoặc sữa hạt: 40ml, Baking powder: 3g, Dầu dừa hoặc dầu ôliu: 3ml, Mật ong hoặc đường ăn kiêng: 3g, Muối: 1g, Vanilla: 2g","Nồi hấp, Rây, Thau, Đũa, Vá","Trộn chuối trứng sữa và dầu, Thêm yến mạch baking powder muối và vanilla rồi khuấy đều, Đổ từng muỗng bột lên chảo chống dính và áp nhỏ lửa đến khi vàng hai mặt, Rưới mật ong hoặc ăn kèm trái cây và thưởng thức",Eat clean,Keto / Low-carb
kim-bap-khoai-lang,Kimbap khoai lang,Trung,main,lunch,18,60,easy,403,16,63,13,9,511,7,35000,55000,eatclean,Trứng,"Mặn, Chua, Đậm đà",0,1,https://img-global.cpcdn.com/recipes/81012ea2b74a5069/300x426f0.50058_0.5_1.0q80/eat-clean-kimbap-khoai-lang-recipe-main-photo.webp,"Kimbap khoai lang eat clean là phiên bản kimbap lành mạnh, sử dụng khoai lang làm nhân chính giúp món ăn ngọt tự nhiên, no lâu và ít calo hơn. Kết hợp rau củ tươi và rong biển tạo nên món cuộn đầy màu sắc, giàu chất xơ, phù hợp cho bữa trưa hoặc snack giảm cân.","Khoai lang hấp: 150g, Cơm gạo lứt nấu chín: 120g, Rong biển cuộn: 2 lá, Cà rốt: 40g, Dưa leo: 60g, Trứng chiên mỏng: 50g, Dầu mè: 3ml, Muối: 1g, Mè rang: 5g, Giấm táo: 5ml","Nồi hấp, Rây, Thau, Đũa, Vá","Trộn cơm gạo lứt với muối dầu mè và giấm táo, Cắt khoai lang cà rốt và dưa leo thành thanh dài, Trải rong biển và dàn cơm lên rồi xếp khoai lang và rau củ, Cuộn chặt và cắt khoanh, Rắc mè rang và thưởng thức",Eat clean,
com-long-me-ga-trung-non-xao-muop,Cơm lòng mề gà trứng non xào mướp ,Trung,main,lunch,22,36,easy,495,22,40,13,7,739,5,35000,55000,eatclean,"Lòng gà, Trứng non, Nước mắm","Mặn, Cay, Thơm",0,1,https://img-global.cpcdn.com/recipes/bbb37b16bc843ce1/300x426f0.5_0.499931_1.0q80/c%C6%A1m-long-m%E1%BB%81-ga-tr%E1%BB%A9ng-non-xao-m%C6%B0%E1%BB%9Bp-eat-clean-recipe-main-photo.webp,"Cơm lòng mề gà trứng non xào mướp eat clean là món ăn đậm đà nhưng vẫn lành mạnh nhờ sử dụng thịt gà nạc nội tạng sạch và rau mướp thanh mát. Mề gà giòn dai, trứng non béo nhẹ kết hợp với mướp ngọt tự nhiên tạo nên món ăn giàu protein, ít dầu mỡ và phù hợp cho bữa trưa hoặc tối eat clean.","Cơm gạo lứt nấu chín: 150g, Lòng mề gà: 100g, Trứng non gà: 80g, Mướp hương: 120g, Hành tây: 20g, Tỏi băm: 5g, Gừng băm: 3g, Dầu ôliu: 5ml, Muối: 1g, Tiêu: 1g, Nước mắm: 5ml, Hành lá: 10g","Nồi, Thớt, Dao, Muỗng, Đũa, Tô","Sơ chế lòng mề và trứng non với muối gừng cho sạch rồi cắt miếng, Xào tỏi hành và gừng rồi cho mề và trứng non vào đảo chín, Thêm mướp và nêm muối tiêu nước mắm nhạt, Xào đến khi mướp mềm và thấm vị, Sắp cơm gạo lứt ra dĩa rồi cho phần xào lên trên và thưởng thức",Eat clean,"Thuần chay (Vegan), Ăn chay (Vegetarian), Keto / Low-carb"
salad-tom-rau-cu-tong-hop-sot-sua-chua,Salad Tôm rau củ tổng hợp sốt sữa chua,Bắc,main,dinner,36,30,easy,535,26,58,15,9,271,4,40000,60000,eatclean,"Tôm, Sữa","Ngọt, Mặn, Chua, Cay, Thơm, Béo",1,1,https://storage.googleapis.com/onelife-public/blog.onelife.vn/2021/10/cach-lam-salad-tom-sot-sua-chua-mon-khai-vi-281313673321.jpeg,"Salad tôm rau củ tổng hợp sốt sữa chua là món ăn thanh mát, giàu protein và vitamin. Tôm tươi ngọt kết hợp rau củ nhiều màu sắc và sốt sữa chua béo nhẹ giúp món salad vừa ngon miệng vừa phù hợp cho thực đơn giảm cân, ăn uống lành mạnh hoặc bữa trưa nhẹ.","Tôm tươi bóc vỏ: 120g, Xà lách: 80g, Cà chua bi: 60g, Dưa leo: 60g, Bắp hạt: 40g, Cà rốt: 40g, Hành tây: 15g, Sữa chua không đường hoặc Hy Lạp: 80g, Nước cốt chanh: 5ml, Dầu ôliu: 5ml, Muối: 1g, Tiêu: 1g, Tỏi băm: 3g","Chảo, Nồi, Đũa, Thớt, Dao, Chén","Áp chảo hoặc luộc tôm với muối tiêu, Sơ chế xà lách dưa leo cà chua bắp và cà rốt, Pha sốt bằng sữa chua nước chanh dầu ôliu muối tiêu và tỏi, Trộn rau củ với tôm rồi rưới sốt lên, Trộn nhẹ và thưởng thức",Eat clean,"Thuần chay (Vegan), Ăn chay (Vegetarian), Không sữa"
banh-khoai-lang-tim-sua-chua,Bánh khoai lang tím sữa chua yến mạch,Nam,main,dinner,28,68,easy,409,16,55,14,4,689,4,35000,55000,eatclean,"Trứng, Sữa chua","Ngọt, Mặn, Béo",0,1,https://img-global.cpcdn.com/recipes/8b8fb36cd0d1e1fb/300x426cq80/banh-eatclean-khoai-lang-tim-s%E1%BB%AFa-chua-y%E1%BA%BFn-m%E1%BA%A1ch-recipe-main-photo.webp,"Bánh khoai lang tím sữa chua yến mạch eat clean là món bánh mềm, ít calo và giàu chất xơ. Khoai lang tím tạo màu đẹp tự nhiên, yến mạch giúp no lâu, còn sữa chua mang lại độ ẩm và vị béo nhẹ. Đây là lựa chọn lý tưởng cho bữa sáng lành mạnh hoặc món ăn vặt không lo tăng cân.","Khoai lang tím hấp nghiền: 150g, Yến mạch xay mịn: 60g, Sữa chua không đường: 80g, Trứng gà: 50g, Mật ong hoặc đường ăn kiêng: 5g, Baking powder: 3g, Dầu dừa hoặc dầu ôliu: 3ml, Muối: 1g, Vanilla: 2g","Chảo, Nồi, Đũa, Thớt, Dao, Chén","Trộn khoai lang tím nghiền với sữa chua trứng dầu và mật ong, Thêm yến mạch baking powder muối và vanilla rồi trộn đều, Đổ hỗn hợp vào khuôn và dàn phẳng, Nướng 170–180°C trong 20–25 phút đến khi bánh chín mềm, Để nguội và thưởng thức",Eat clean,"Thuần chay (Vegan), Keto / Low-carb, Không sữa"
ca-ri-ga,Cà ri gà,Trung,main,dinner,10,70,medium,513,19,41,17,5,585,5,35000,75000,eatclean,"Sữa tươi/Nước cốt dừa, Gà","Mặn, Cay, Thơm, Béo",1,1,https://img-global.cpcdn.com/recipes/c3857a0b73600fe2/300x426f0.5_0.50125_1.0q80/eat-clean-cari-ga-recipe-main-photo.webp,"Cà ri gà eat clean là phiên bản thanh nhẹ của món cà ri truyền thống, sử dụng ức gà nạc, khoai lang thay cho khoai tây và lượng dầu tối giản. Nước cà ri thơm béo tự nhiên từ sữa dừa ít béo kết hợp rau củ giúp món ăn vừa đậm đà vừa lành mạnh, phù hợp cho bữa trưa hoặc tối giảm cân mà vẫn đủ năng lượng.","Ức gà: 150g, Khoai lang: 120g, Cà rốt: 60g, Hành tây: 30g, Đậu que hoặc bông cải xanh: 80g, Tỏi băm: 5g, Bột cà ri: 5g, Sữa dừa light: 50ml, Nước lọc: 300ml, Dầu ôliu: 5ml, Muối: 1g, Tiêu: 1g, Gừng lát: 3g","Nồi hấp, Rây, Thau, Đũa, Vá","Xào hành tỏi và gừng với dầu ôliu rồi cho ức gà cắt khối vào đảo săn, Thêm khoai lang cà rốt và bột cà ri vào xào thơm, Đổ nước và nấu đến khi mềm, Thêm đậu que/bông cải và sữa dừa rồi nêm muối tiêu, Nấu sệt nhẹ và thưởng thức cùng cơm gạo lứt",Eat clean,"Thuần chay (Vegan), Ăn chay (Vegetarian)"
chao-yen-mach-khoai-lang-chuoi,Cháo yến mạch khoai lang chuối,Bắc,main,breakfast,20,56,medium,415,16,55,17,4,714,4,30000,70000,eatclean,"Gạo, Yến mạch, Khoai lang","Ngọt, Mặn, Béo",0,1,https://img-global.cpcdn.com/recipes/889f330e83a2add0/300x426cq80/chao-y%E1%BA%BFn-m%E1%BA%A1ch-khoai-lang-chu%E1%BB%91i-eatclean-recipe-main-photo.webp,"Cháo yến mạch khoai lang chuối eat clean là món ăn sáng siêu lành mạnh, ít calo nhưng nhiều chất xơ và vitamin. Khoai lang ngọt tự nhiên kết hợp chuối chín thơm mềm giúp món cháo béo nhẹ, dễ tiêu và no lâu, rất phù hợp cho người giảm cân hoặc ăn uống lành mạnh.","Yến mạch cán dẹt: 40g, Khoai lang hấp nghiền: 100g, Chuối chín: 80g, Sữa hạt hoặc sữa không đường: 250ml, Mật ong hoặc đường ăn kiêng: 3g, Muối: 1g, Quế bột (tuỳ chọn): 1g","Nồi hấp, Rây, Thau, Đũa, Vá","Nấu yến mạch với sữa đến khi mềm, Thêm khoai lang nghiền và khuấy đều, Cho chuối nghiền vào và nêm mật ong cùng muối, Nấu thêm 1 phút đến khi sánh, Rắc quế bột và thưởng thức",Eat clean,
cha-uc-ga-rau-cu,Chả ức gà rau củ,Trung,main,breakfast,30,30,easy,436,18,41,8,7,348,6,40000,70000,eatclean,"Bột chiên xù/mì, Trứng","Mặn, Cay, Thơm",1,1,https://img-global.cpcdn.com/recipes/6e5acb1ac8268874/300x426f0.502029_0.5_1.0q80/eatclean-ch%E1%BA%A3-%E1%BB%A9c-ga-rau-c%E1%BB%A7-recipe-main-photo.webp,"Chả ức gà rau củ eat clean là món ăn giàu protein, ít dầu mỡ và chứa nhiều chất xơ từ rau củ. Ức gà xay trộn cùng cà rốt, hành tây và gia vị nhẹ tạo nên món chả mềm, thơm và dễ ăn, thích hợp cho bữa sáng, meal prep hoặc bữa trưa giảm cân lành mạnh.","Ức gà xay: 200g, Cà rốt băm: 40g, Hành tây băm: 20g, Hành lá: 10g, Tỏi băm: 3g, Trứng gà: 50g, Bột yến mạch hoặc bột mì nguyên cám: 10g, Muối: 1g, Tiêu: 1g, Dầu ôliu: 3ml","Nồi hấp, Rây, Thau, Đũa, Vá","Trộn ức gà xay với cà rốt hành tây hành lá trứng tỏi muối tiêu và bột yến mạch, Vo hoặc nặn thành miếng chả vừa ăn, Áp chảo ít dầu đến khi vàng hai mặt và chín đều, Trình bày và thưởng thức",Eat clean,"Thuần chay (Vegan), Ăn chay (Vegetarian)"
bun-xao-me-ga,Bún xào mề gà eatclean,Bắc,main,dinner,23,42,easy,428,26,44,12,9,306,5,40000,60000,eatclean,Nước tương,"Mặn, Cay, Thơm",1,1,https://img-global.cpcdn.com/recipes/5f4f92d13d451742/300x426f0.516064_0.5_1.0q80/bun-xao-m%E1%BB%81-ga-eatclean-recipe-main-photo.webp,"Bún xào mề gà eat clean là món ăn giàu protein, ít chất béo và có độ dai giòn thú vị từ mề gà. Kết hợp cùng rau củ và bún gạo lứt giúp món ăn thanh nhẹ nhưng vẫn đủ năng lượng, phù hợp cho bữa trưa hoặc tối lành mạnh mà không gây ngán.","Bún gạo lứt: 150g, Mề gà: 120g, Cà rốt: 40g, Cải thìa hoặc bông cải xanh: 80g, Hành tây: 20g, Tỏi băm: 5g, Gừng băm: 3g, Dầu ôliu: 5ml, Nước tương ít muối: 5ml, Muối: 1g, Tiêu: 1g, Nước lọc: 30ml","Nồi hấp, Rây, Thau, Đũa, Vá","Rửa sạch mề gà với muối và gừng rồi cắt lát, Luộc bún gạo lứt và để ráo, Xào tỏi gừng hành tây rồi cho mề gà vào đảo săn, Thêm cà rốt và cải thìa vào xào chín, Cho bún và nước tương cùng chút nước lọc vào trộn đều, Nêm muối tiêu và trình bày thưởng thức",Eat clean,"Thuần chay (Vegan), Ăn chay (Vegetarian), Keto / Low-carb"
chao-yen-mach-hau-sua,Cháo Yến Mạch Hàu Sữa Trứng,Nam,main,dinner,23,48,easy,516,24,53,14,8,325,5,40000,60000,eatclean,"Hàu, Trứng, Sữa (nếu nấu béo)","Ngọt, Mặn, Cay, Thơm, Béo",0,1,https://img-global.cpcdn.com/recipes/ef722cdc07a5e5e5/300x426f0.508116_0.5_1.0q80/eatclean-chao-y%E1%BA%BFn-m%E1%BA%A1ch-hau-s%E1%BB%AFa-tr%E1%BB%A9ng-recipe-main-photo.webp,"Cháo yến mạch hàu sữa trứng là món ăn giàu dinh dưỡng, đặc biệt nhiều kẽm và protein từ hàu. Yến mạch giúp no lâu, tốt cho tiêu hoá, kết hợp trứng và sữa tạo vị béo nhẹ nhưng vẫn lành mạnh. Đây là món ăn thích hợp cho bữa sáng hoặc những lúc cần bồi bổ cơ thể theo hướng eat clean.","Hàu sữa tươi: 120g, Yến mạch cán dẹt: 40g, Trứng gà: 50g, Sữa không đường hoặc sữa hạt: 200ml, Nước lọc: 200ml, Gừng băm: 3g, Hành tím băm: 5g, Hành lá: 10g, Muối: 1g, Tiêu: 1g, Dầu ôliu: 3ml","Chảo chống dính, Thớt, Dao, Muỗng, Dĩa","Rửa hàu nhẹ với nước muối, Nấu yến mạch với nước và sữa đến khi sánh, Xào sơ hành gừng rồi cho hàu vào đảo nhanh, Trút hàu vào nồi cháo và nêm muối tiêu, Đập trứng khuấy nhẹ cho hoà đều, Nấu thêm 1 phút rồi rắc hành lá và thưởng thức",Eat clean,"Thuần chay (Vegan), Ăn chay (Vegetarian), Không sữa"
banh-sua-chua-chuoi-viet-quat,Bánh Sữa Chua Chuối Việt Quất,Trung,main,lunch,36,48,easy,514,30,43,14,5,799,2,25000,45000,eatclean,"Trứng, Sữa chua","Ngọt, Mặn, Béo",1,1,https://img-global.cpcdn.com/recipes/effc998b258bdfbd/300x426f0.491884_0.5_1.0q80/eatclean-banh-s%E1%BB%AFa-chua-chu%E1%BB%91i-vi%E1%BB%87t-qu%E1%BA%A5t-recipe-main-photo.webp,"Bánh sữa chua – chuối – việt quất eat clean là món bánh mềm ẩm, ít calo và hoàn toàn không dùng bột mì tinh luyện. Chuối chín tạo độ ngọt tự nhiên, việt quất chua nhẹ giúp cân bằng vị, còn sữa chua giúp bánh ẩm mịn. Món bánh phù hợp cho bữa sáng, ăn nhẹ hoặc meal prep lành mạnh.","Chuối chín nghiền: 120g, Sữa chua không đường: 100g, Yến mạch xay mịn: 60g, Việt quất tươi hoặc đông lạnh: 50g, Trứng gà: 50g, Mật ong hoặc đường ăn kiêng: 5g, Baking powder: 3g, Dầu dừa hoặc dầu ôliu: 3ml, Muối: 1g, Vanilla: 2g","Nồi, Thớt, Dao, Muỗng, Đũa, Tô","Trộn chuối nghiền với sữa chua trứng dầu và mật ong, Thêm yến mạch baking powder muối và vanilla rồi trộn đều, Cho việt quất vào đảo nhẹ, Đổ vào khuôn và nướng 170–180°C trong 20–25 phút đến khi bánh chín, Để nguội và thưởng thức",Eat clean,"Thuần chay (Vegan), Keto / Low-carb, Không sữa"
ngu-coc-chuoi-hanh-nhan-viet-quat,Yogurt Ngũ Cốc Chuối Hạnh Nhân,Trung,main,dinner,42,30,medium,391,26,45,10,6,462,3,40000,70000,eatclean,"Sữa chua, Hạt ngũ cốc (Gluten)","Ngọt, Béo",1,1,https://img-global.cpcdn.com/recipes/af83e70867499a85/300x426f0.42058_0.5_1.0q80/eatclean-breakfast-b%E1%BB%AFa-sang-6-recipe-main-photo.webp,"Ngũ cốc chuối hạnh nhân sữa chua việt quất là món ăn sáng eat clean cực kỳ nhanh gọn và giàu dinh dưỡng. Chuối chín ngọt tự nhiên, sữa chua béo nhẹ, việt quất chua thanh hòa cùng ngũ cốc giòn và hạnh nhân tạo nên bữa sáng tràn năng lượng nhưng vẫn ít calo, rất phù hợp cho người giảm cân hoặc ăn healthy.","Ngũ cốc nguyên cám: 40g, Chuối chín: 80g, Sữa chua không đường hoặc Hy Lạp: 120g, Việt quất tươi hoặc đông lạnh: 50g, Hạnh nhân lát/nhân: 10g, Mật ong hoặc đường ăn kiêng: 3g","Nồi, Thớt, Dao, Muỗng, Đũa, Tô","Cắt chuối và chuẩn bị việt quất, Cho sữa chua vào tô rồi thêm ngũ cốc lên trên, Bày chuối việt quất và hạnh nhân, Rưới ít mật ong và thưởng thức ngay",Eat clean,"Thuần chay (Vegan), Không sữa"
bowl-chuoi-trai-cay,Bowl Chuối Topping Trái Cây,Bắc,main,breakfast,40,30,easy,449,30,57,12,8,750,5,35000,55000,eatclean,,"Ngọt, Béo",0,1,https://img-global.cpcdn.com/recipes/eff12e7ff2e86599/300x426f0.527826_0.5_1.0q80/eatclean-smoothie-bowl-sinh-t%E1%BB%91-chu%E1%BB%91i-s%E1%BB%AFa-topping-trai-cay-va-h%E1%BA%A1nh-nhan-recipe-main-photo.webp,"Smoothie bowl chuối sữa eat clean là món ăn sáng tuyệt vời: mát lạnh, thơm ngọt tự nhiên và giàu dinh dưỡng. Chuối chín xay cùng sữa (hoặc sữa hạt) tạo nền smoothie đặc mịn, bên trên là trái cây tươi và hạnh nhân giòn giúp bổ sung vitamin, chất xơ và chất béo tốt — vừa đẹp mắt vừa lành mạnh.","Chuối chín đông lạnh: 120g, Sữa hạt hoặc sữa không đường: 80ml, Sữa chua Hy Lạp: 40g, Việt quất hoặc dâu tươi: 50g, Xoài hoặc dứa: 60g, Hạnh nhân lát: 10g, Hạt chia: 5g, Mật ong hoặc đường ăn kiêng: 3g","Chảo, Nồi, Đũa, Thớt, Dao, Chén","Xay chuối đông lạnh với sữa và sữa chua đến khi sánh mịn, Đổ ra tô rồi thêm các topping như xoài dứa việt quất và hạnh nhân, Rưới ít mật ong và rắc hạt chia nếu thích, Thưởng thức ngay khi lạnh",Eat clean,
uc-ga-cuon-rong-bien,Ức gà cuộn rong biển,Bắc,main,lunch,50,30,medium,447,27,54,14,6,731,4,40000,80000,eatclean,"Trứng, Sốt Mayonnaise (Sữa/Trứng)","Mặn, Chua, Cay, Thơm, Đậm đà",1,1,https://img-global.cpcdn.com/recipes/cba3ff77b5ea76a0/300x426f0.5_0.50125_1.0q80/eatclean-%E1%BB%A9c-ga-cu%E1%BB%99n-rong-bi%E1%BB%83n-an-kem-kim-chi-recipe-main-photo.webp,"Ức gà cuộn rong biển ăn kèm kim chi là món eat clean giàu protein, ít chất béo nhưng vẫn đậm đà nhờ hương vị rong biển và kim chi chua cay nhẹ. Ức gà cuộn chắc thịt, mềm ngọt tự nhiên, khi ăn cùng kim chi giúp tăng hương vị và kích thích tiêu hoá — phù hợp cho bữa trưa hoặc tối giảm cân.","Ức gà: 150g, Rong biển cuộn: 1 lá, Kim chi: 60g, Tỏi băm: 5g, Gừng băm: 3g, Muối: 1g, Tiêu: 1g, Dầu ôliu: 5ml, Nước tương ít muối: 5ml, Nước cốt chanh: 3ml","Nồi, Thớt, Dao, Muỗng, Đũa, Tô","Đập dẹt ức gà và ướp muối tiêu tỏi gừng, Trải rong biển lên rồi cuộn chặt ức gà, Áp chảo hoặc hấp đến khi chín rồi cắt khoanh, Dọn kèm kim chi và rưới chút nước tương hoặc chanh nếu thích, Thưởng thức",Eat clean,"Thuần chay (Vegan), Ăn chay (Vegetarian)"
sua-chua-xoai-mat-ong,Smoothie xoài sữa Chua và mật ong,Nam,main,breakfast,38,30,easy,426,28,52,16,7,713,4,40000,70000,eatclean,Sữa,"Ngọt, Béo",1,1,https://img-global.cpcdn.com/recipes/c5635a1e0a5425a2/300x426f0.5_0.473917_1.0q80/eatclean-smoothie-xoai-s%E1%BB%AFa-chua-va-m%E1%BA%ADt-ong-mango-yogurts-honey-smoothie-recipe-main-photo.webp,"Smoothie xoài sữa chua mật ong là thức uống eat clean mát lạnh, thơm ngọt tự nhiên. Xoài chín mang vị ngọt thanh, kết hợp cùng sữa chua béo nhẹ và một chút mật ong giúp tạo nên ly smoothie vừa bổ dưỡng, vừa giúp no lâu và hỗ trợ tiêu hoá — rất phù hợp cho bữa sáng hoặc snack lành mạnh.","Xoài chín: 150g, Sữa chua không đường hoặc Greek yogurt: 100g, Sữa hạt hoặc sữa không đường: 50ml, Mật ong hoặc đường ăn kiêng: 5g, Đá viên: 10g","Chảo, Nồi, Đũa, Thớt, Dao, Chén","Cắt xoài và cho vào máy xay cùng sữa chua sữa hạt và mật ong, Xay mịn đến khi hỗn hợp sánh, Thêm đá nếu muốn lạnh, Đổ ra ly và thưởng thức",Eat clean,"Thuần chay (Vegan), Không sữa"
sandwich-bo-chuoi,Sandwich Ngũ Cốc Bơ Chuối,Trung,main,dinner,40,30,easy,336,28,58,10,7,360,3,40000,60000,eatclean,"Bánh mì (Gluten), Phô mai, Nhân (Tôm/Cá)","Ngọt, Béo",1,1,https://img-global.cpcdn.com/recipes/951f9ab0cd72c66c/300x426f0.446687_0.5_1.0q80/eatclean-b%E1%BB%AFa-sang-sandwich-ngu-c%E1%BB%91c-b%C6%A1-chu%E1%BB%91i-recipe-main-photo.webp,"Sandwich ngũ cốc bơ – chuối là bữa sáng eat clean nhanh gọn, giàu năng lượng sạch. Bánh mì ngũ cốc nguyên cám kết hợp lớp bơ béo tốt và chuối chín ngọt tự nhiên giúp no lâu, hỗ trợ tiêu hoá và cung cấp vitamin – chất xơ, rất phù hợp cho người ăn kiêng hoặc tập luyện.","Bánh mì ngũ cốc nguyên cám: 60g, Bơ chín: 60g, Chuối chín: 80g, Mật ong hoặc đường ăn kiêng: 3g, Hạt chia hoặc hạnh nhân lát: 5g, Quế bột: 1g","Nồi, Thớt, Dao, Muỗng, Đũa, Tô","Nghiền bơ rồi phết lên bánh mì, Xắt chuối thành lát và xếp lên trên, Rưới chút mật ong và rắc hạt chia hoặc hạnh nhân cùng quế bột, Ép nhẹ hai lát bánh lại hoặc để mở tuỳ thích và thưởng thức",Eat clean,"Thuần chay (Vegan), Keto / Low-carb, Không gluten, Không sữa"
tortilla-khoai-lang-tim,Tortilla khoai lang tím,Trung,main,dinner,30,35,easy,347,28,69,15,9,340,6,30000,60000,eatclean,Khoai lang,Mặn,1,1,https://img-global.cpcdn.com/recipes/c57bb714f20a1e3b/300x426f0.5_0.517917_1.0q80/eatclean-tortilla-khoai-lang-tim-recipe-main-photo.webp,"Tortilla khoai lang tím eat clean là món bánh dẹt mềm – dẻo tự nhiên nhờ khoai lang tím nghiền kết hợp yến mạch hoặc bột nguyên cám. Món ăn không dầu mỡ, giàu chất xơ và carb tốt, phù hợp làm bữa sáng, ăn kèm salad hoặc dùng như wrap lành mạnh cho bữa trưa.","Khoai lang tím hấp nghiền: 150g, Bột yến mạch hoặc bột nguyên cám: 40g, Muối: 1g, Dầu ôliu: 3ml, Nước ấm: 20ml","Nồi, Thớt, Dao, Muỗng, Đũa, Tô","Trộn khoai lang tím nghiền với bột và muối để tạo khối bột mềm, Thêm chút nước nếu bột khô, Chia bột và cán mỏng thành miếng tortilla, Áp chảo không dầu hoặc phết rất ít dầu đến khi chín hai mặt, Để nguội và dùng kèm salad hoặc nhân tuỳ thích",Eat clean,
banh-xeo-yen-mach,Bánh xèo yến mạch,Nam,main,lunch,40,30,easy,457,25,50,16,5,721,2,30000,50000,eatclean,"Tôm, Yến mạch (thay bột gạo)","Mặn, Thơm, Đậm đà",1,1,https://img-global.cpcdn.com/recipes/56955db629c0f858/300x426cq80/banh-xeo-y%E1%BA%BFn-m%E1%BA%A1ch-emmy-8m-recipe-main-photo.webp,"Bánh xèo yến mạch eat clean là phiên bản lành mạnh của bánh xèo truyền thống, thay bột gạo bằng yến mạch xay mịn giúp giảm tinh bột nhanh và tăng chất xơ. Vỏ bánh giòn nhẹ, nhân tôm thịt hoặc nhân chay tuỳ chọn, ăn kèm rau sống tạo nên món ăn vừa ngon vừa không lo tăng cân.","Yến mạch xay mịn: 60g, Nước lọc: 120ml, Nghệ bột: 2g, Muối: 1g, Hành lá: 10g, Tôm bóc vỏ hoặc thịt băm: 60g, Giá đỗ: 40g, Dầu ôliu để áp chảo: 3ml","Nồi, Thớt, Dao, Muỗng, Đũa, Tô","Trộn yến mạch xay với nước muối nghệ và hành lá, Làm nóng chảo và cho ít dầu ôliu rồi đổ bột tráng mỏng, Thêm tôm/thịt và giá đỗ vào, Đậy nắp cho chín rồi mở nắp để bánh giòn, Gập đôi và thưởng thức cùng rau sống",Eat clean,Keto / Low-carb
bun-gao-lut-thit-xao-ca-chua,Bún gạo lứt thịt xào cà chua,Bắc,main,breakfast,28,30,medium,338,19,58,13,9,546,4,30000,70000,eatclean,"Thịt, Nước mắm, Nước tương","Mặn, Cay, Thơm, Đậm đà",0,1,https://img-global.cpcdn.com/recipes/72c8c9792e285a6f/300x426cq80/eat-clean-d3-bun-l%E1%BB%A9t-th%E1%BB%8Bt-xao-ca-chua-recipe-main-photo.webp,"Bún lứt ăn kèm thịt xào cà chua là món eat clean thanh nhẹ nhưng đủ đạm và chất xơ. Thịt nạc mềm xào với cà chua chua ngọt tự nhiên tạo thành nước sốt thấm vào sợi bún gạo lứt, giúp bữa ăn vừa ngon miệng vừa lành mạnh, phù hợp cho bữa trưa hoặc tối ít calo.","Bún gạo lứt: 150g, Thịt heo nạc (nạc dăm hoặc nạc vai): 120g, Cà chua: 120g, Hành tây: 20g, Tỏi băm: 5g, Dầu ôliu: 5ml, Nước mắm nhạt hoặc nước tương ít muối: 5ml, Muối: 1g, Tiêu: 1g, Hành lá: 10g","Nồi hấp, Rây, Thau, Đũa, Vá","Luộc bún lứt và để ráo, Xào tỏi hành tây rồi cho thịt vào đảo săn, Thêm cà chua và nêm nước mắm muối tiêu đến khi tạo sốt, Cho bún vào trộn đều hoặc chan lên bún, Rắc hành lá và thưởng thức",Eat clean,"Thuần chay (Vegan), Ăn chay (Vegetarian), Keto / Low-carb"
banh-khoai-tay,Bánh khoai tây ,Nam,main,lunch,20,35,easy,529,23,69,18,5,320,5,40000,70000,eatclean,"Trứng, Bột mì","Mặn, Cay, Thơm",1,1,https://img-global.cpcdn.com/recipes/fcb536d96c65f561/300x426cq80/banh-khoai-tay-eatclean-recipe-main-photo.webp,"Bánh khoai tây eat clean là món ăn nhẹ thanh đạm, dùng khoai tây nghiền kết hợp trứng và một ít bột yến mạch để tạo độ kết dính. Bánh áp chảo ít dầu nên vẫn giòn nhẹ bên ngoài, mềm mịn bên trong, rất phù hợp cho bữa sáng, bữa phụ hoặc meal-prep lành mạnh.","Khoai tây luộc nghiền: 150g, Trứng gà: 50g, Bột yến mạch: 20g, Hành lá: 10g, Tỏi băm: 3g, Muối: 1g, Tiêu: 1g, Dầu ôliu: 3ml","Nồi, Thớt, Dao, Muỗng, Đũa, Tô","Trộn khoai tây nghiền với trứng bột yến mạch hành lá tỏi muối và tiêu, Nặn thành miếng dẹt, Áp chảo ít dầu đến khi vàng hai mặt, Gắp ra để ráo và thưởng thức",Eat clean,Keto / Low-carb
uc-ga-cuon-la-lot,Ức gà cuốn lá lốt,Nam,main,breakfast,28,30,easy,417,28,57,8,6,331,5,35000,65000,eatclean,Nước mắm,"Mặn, Cay, Thơm",1,1,https://img-global.cpcdn.com/recipes/b7a8159be7e56b2e/300x426f0.5_0.500481_1.0q80/%E1%BB%A9c-ga-cu%E1%BB%91n-la-l%E1%BB%91t-eatclean-recipe-main-photo.webp,"Ức gà cuốn lá lốt eat clean là phiên bản lành mạnh của món lá lốt truyền thống. Thịt ức gà xay ít béo, cuộn trong lá lốt thơm đặc trưng rồi áp chảo ít dầu giúp món ăn thơm, mềm và không bị ngấy. Thích hợp cho bữa trưa hoặc tối giàu protein nhưng vẫn đảm bảo healthy.","Ức gà xay: 150g, Lá lốt: 30g, Hành tím băm: 10g, Tỏi băm: 5g, Hành lá: 10g, Muối: 1g, Tiêu: 1g, Nước mắm nhạt: 3ml, Dầu ôliu: 3ml","Chảo chống dính, Thớt, Dao, Muỗng, Dĩa","Trộn ức gà với hành tím tỏi hành lá muối tiêu và nước mắm, Múc nhân cho lên lá lốt rồi cuộn chặt, Áp chảo ít dầu lửa nhỏ đến khi chín và thơm, Gắp ra và thưởng thức kèm rau sống hoặc cơm gạo lứt",Eat clean,"Thuần chay (Vegan), Ăn chay (Vegetarian)"
su-hao-xao-nam-dui-ga-bap,Su hào xào nấm đùi gà và bắp,Trung,main,dinner,28,30,easy,388,20,65,18,6,689,7,35000,75000,eatclean,"Gà, Nấm","Mặn, Cay, Thơm, Đậm đà",0,1,https://img-global.cpcdn.com/recipes/3804f1bcd6b9e454/300x426f0.531787_0.5_1.0q80/su-hao-xao-n%E1%BA%A5m-dui-ga-va-b%E1%BA%AFp-recipe-main-photo.webp,"Su hào xào nấm đùi gà và bắp là món ăn chay/eat clean thanh ngọt tự nhiên. Su hào giòn nhẹ, nấm đùi gà dai mềm và bắp ngọt tạo nên món xào nhiều chất xơ, ít calo nhưng vẫn đậm đà. Món rất phù hợp cho bữa trưa hoặc tối nhẹ nhàng, hỗ trợ tiêu hoá tốt.","Su hào: 120g, Nấm đùi gà: 100g, Bắp hạt: 60g, Hành boa rô băm: 10g, Tỏi băm: 3g, Dầu ôliu hoặc dầu ăn ít: 5ml, Nước tương chay: 5ml, Muối: 1g, Tiêu: 1g, Nước lọc: 20ml","Nồi hấp, Rây, Thau, Đũa, Vá","Cắt su hào và nấm đùi gà thành miếng vừa ăn, Xào hành boa rô và tỏi rồi cho nấm và su hào vào đảo đều, Thêm bắp và chút nước lọc, Nêm nước tương muối tiêu, Xào đến khi chín giòn rồi tắt bếp và thưởng thức",Eat clean,"Thuần chay (Vegan), Ăn chay (Vegetarian)"
sup-lo-xanh-xao-thit-bam,Súp lơ xanh xào thịt băm,Bắc,main,dinner,20,36,easy,380,19,58,16,6,789,5,35000,75000,eatclean,,"Mặn, Cay, Thơm, Đậm đà",1,1,https://img-global.cpcdn.com/recipes/4c27ee9492fe0547/300x426f0.5_0.5_1.0q80/sup-l%C6%A1-xanh-xao-th%E1%BB%8Bt-bam-recipe-main-photo.webp,"Súp lơ xanh xào thịt băm eat clean là món ăn đơn giản nhưng giàu protein và chất xơ. Thịt băm mềm kết hợp súp lơ xanh giòn ngọt tạo nên món xào thanh đạm, ít dầu mỡ và tốt cho người giảm cân hoặc ăn uống lành mạnh hằng ngày.","Súp lơ xanh: 120g, Thịt heo nạc băm hoặc thịt gà băm: 120g, Hành tây: 20g, Tỏi băm: 5g, Dầu ôliu: 5ml, Nước tương ít muối hoặc nước mắm nhạt: 5ml, Muối: 1g, Tiêu: 1g, Nước lọc: 20ml","Chảo chống dính, Thớt, Dao, Muỗng, Dĩa","Xào tỏi hành tây rồi cho thịt băm vào đảo săn, Thêm súp lơ xanh và chút nước lọc vào xào, Nêm nước tương muối tiêu, Xào đến khi súp lơ mềm giòn vừa ý, Trình bày và thưởng thức",Eat clean,"Thuần chay (Vegan), Ăn chay (Vegetarian)"
muc-xao-can-tay-rau-cu,Mực xào cần tây rau củ,Nam,main,dinner,20,32,easy,376,23,42,14,9,632,2,30000,70000,eatclean,Mực,"Mặn, Cay, Thơm",0,1,https://img-global.cpcdn.com/recipes/d88dffe52b96a8df/300x426f0.510577_0.5_1.0q80/m%E1%BB%B1c-xao-c%E1%BA%A7n-tay-rau-c%E1%BB%A7-recipe-main-photo.webp,"Mực xào cần tây rau củ eat clean là món ăn thanh nhẹ, ít dầu mỡ nhưng giàu protein từ mực. Cần tây thơm đặc trưng kết hợp cà rốt, hành tây và mực giòn ngọt tạo nên món xào nhiều màu sắc, dễ ăn và rất phù hợp cho bữa trưa hoặc tối lành mạnh.","Mực tươi làm sạch: 150g, Cần tây: 60g, Cà rốt: 40g, Hành tây: 30g, Ớt chuông: 40g, Tỏi băm: 5g, Dầu ôliu: 5ml, Nước mắm nhạt hoặc nước tương ít muối: 5ml, Muối: 1g, Tiêu: 1g, Gừng lát: 3g","Chảo, Nồi, Đũa, Thớt, Dao, Chén","Chần nhanh mực với gừng rồi để ráo, Xào tỏi rồi cho hành tây cà rốt và ớt chuông vào đảo đều, Thêm mực và cần tây sau cùng, Nêm nước mắm muối tiêu, Xào nhanh lửa lớn cho giòn rồi tắt bếp và thưởng thức",Eat clean,"Thuần chay (Vegan), Ăn chay (Vegetarian)"
nui-xao-rau-cu,Nui xào rau củ,Trung,main,lunch,10,43,easy,404,24,46,16,4,673,4,40000,80000,eatclean,"Sườn heo, Nước mắm, Nước tương","Cay, Thơm",1,1,https://img-global.cpcdn.com/recipes/bdd9d07c54eee106/300x426f0.501127_0.5_1.0q80/nui-xao-rau-c%E1%BB%A7-recipe-main-photo.webp,"Nui xào rau củ eat clean là món chay nhẹ nhàng nhưng đầy đủ chất xơ và vitamin. Sợi nui mềm kết hợp rau củ nhiều màu sắc như cà rốt, bông cải, ớt chuông giúp món ăn thanh mát, ít calo nhưng vẫn no lâu. Phù hợp cho bữa sáng, trưa hoặc tối lành mạnh.","Nui nguyên cám hoặc nui gạo lứt: 120g, Cà rốt: 40g, Bông cải xanh: 80g, Ớt chuông: 40g, Hành tây: 20g, Tỏi băm: 5g, Dầu ôliu: 5ml, Nước tương: 1g, Tiêu: 1g, Nước lọc: 20ml","Nồi, Thớt, Dao, Muỗng, Đũa, Tô","Luộc nui và để ráo, Xào tỏi hành tây rồi cho cà rốt bông cải và ớt chuông vào đảo đều, Thêm nui và chút nước lọc vào xào chung, Nêm nước tương muối tiêu, Xào thêm 1 phút rồi thưởng thức",Eat clean,Không gluten
canh-rau-ngot-dau-hu,Canh rau ngót đậu hũ ,Bắc,main,dinner,18,55,medium,509,34,10,40,4,402,6,40000,70000,keto,Đậu hũ,"Mặn, Cay, Thơm",1,1,https://cdn.tgdd.vn/2021/07/CookRecipe/GalleryStep/thanh-pham-371.jpg,"Canh rau ngót đậu hũ là món ăn chay/eat clean thanh mát, dễ tiêu và giàu vitamin. Rau ngót ngọt tự nhiên kết hợp đậu hũ mềm béo nhẹ tạo thành món canh đơn giản nhưng rất bổ dưỡng, thích hợp cho bữa trưa hoặc tối nhẹ nhàng, ít calo.","Rau ngót: 120g, Đậu hũ trắng: 150g, Hành boa rô băm: 10g, Nước lọc: 500ml, Muối: 1g, Hạt nêm chay: 2g, Tiêu: 1g","Nồi, Muỗng, Tô","Phi thơm boa rô rồi cho nước vào đun sôi, Thêm đậu hũ cắt khối và nêm muối hạt nêm, Cho rau ngót vào và nấu đến khi chín mềm, Nêm lại vừa ăn rồi tắt bếp và thưởng thức",Keto / Low-carb,
canh-bi-xanh-tep-kho,Canh bí xanh nấu mọc tép khô,Nam,main,lunch,70,70,easy,339,9,55,12,5,646,3,40000,60000,vegetarian,"Mọc (Giò sống), Nước mắm","Mặn, Cay, Thơm, Đậm đà",0,1,https://img-global.cpcdn.com/recipes/debada6a2ebc4c84/300x426f0.5_0.5_1.0q80/canh-bi-xanh-n%E1%BA%A5u-m%E1%BB%8Dc-tep-kho-recipe-main-photo.webp,"Canh bí xanh nấu mọc tép khô eat clean là món canh thanh mát, ngọt tự nhiên từ bí xanh và vị đậm đà nhẹ từ tép khô. Mọc thịt mềm kết hợp nước canh trong, ít dầu mỡ, giúp món ăn dễ tiêu, ít calo nhưng vẫn giàu protein — rất phù hợp cho bữa trưa hoặc tối lành mạnh.","Bí xanh: 150g, Thịt heo nạc xay làm mọc: 120g, Tép khô ngâm mềm: 20g, Hành tím băm: 5g, Nước lọc: 600ml, Muối: 1g, Tiêu: 1g, Hành lá: 10g, Nước mắm nhạt: 3ml","Chảo chống dính, Muỗng","Ngâm tép khô cho mềm, Vo thịt xay thành viên mọc, Đun nước sôi rồi cho mọc vào nấu đến khi nổi, Thêm bí xanh và tép khô vào nồi, Nêm muối nước mắm tiêu, Nấu đến khi bí mềm rồi rắc hành lá và thưởng thức",Ăn chay (Vegetarian),
canh-chay-thap-cam,Canh chay thập cẩm,Nam,main,breakfast,20,70,easy,313,12,53,5,8,607,1,20000,50000,vegetarian,,Đậm đà,0,1,https://img-global.cpcdn.com/recipes/3d5cf1bbe337338e/300x426cq80/canh-chay-th%E1%BA%ADp-c%E1%BA%A9m-recipe-main-photo.webp,"Canh chay thập cẩm là món canh thanh đạm, giàu chất xơ và vitamin từ nhiều loại rau củ. Nước canh ngọt tự nhiên, trong veo, không dầu mỡ, giúp thanh lọc cơ thể, hỗ trợ tiêu hoá và rất thích hợp cho những ngày muốn ăn nhẹ hoặc detox.","Nấm hương tươi: 100g, Cà rốt: 50g, Bắp mỹ: 60g, Khoai tây: 120g, Củ năng: 200g, Hạt sen: 100g, Kỷ tử: 15g, Táo tàu: 30g","Nồi hấp, Rây","Rửa sạch nấm hương cà rốt bắp khoai tây củ năng hạt sen táo tàu và kỷ tử, Nấu hạt sen và khoai tây trước cho mềm, Thêm củ năng cà rốt bắp và nấm hương vào nấu tiếp, Cho táo tàu và kỷ tử vào, Nêm nhẹ muối hoặc hạt nêm chay và nấu đến khi tất cả chín mềm, Trình bày và thưởng thức",Ăn chay (Vegetarian),
canh-bi-do,Canh bí đỏ,Trung,main,breakfast,20,58,easy,319,9,66,5,2,212,6,40000,70000,vegetarian,"Tôm, Nước mắm","Mặn, Cay, Thơm",0,1,https://cdn.tgdd.vn/2021/08/CookProduct/thum1200-1200x676-18.jpg,"Canh bí đỏ là món ăn thanh ngọt, mềm mịn và giàu vitamin A. Bí đỏ nấu chín cho vị ngọt tự nhiên, dễ tiêu và phù hợp cho cả ăn chay lẫn eat clean. Món canh nhẹ bụng, ít calo nhưng vẫn bổ dưỡng, rất thích hợp cho bữa trưa hoặc tối lành mạnh.","Bí đỏ: 200g, Hành boa rô băm: 10g, Nước lọc: 600ml, Muối: 1g, Hạt nêm chay: 2g, Tiêu: 1g, Hành lá: 10g","Nồi hấp, Rây","Phi boa rô rồi cho nước vào đun sôi, Thêm bí đỏ vào nấu đến khi mềm, Nêm muối và hạt nêm chay, Nấu thêm 1–2 phút rồi rắc hành lá tiêu, Múc ra tô và thưởng thức",Ăn chay (Vegetarian),
canh-nam-dong-co,Canh Nấm đông cô ,Bắc,main,dinner,28,55,easy,306,14,51,6,4,244,2,30000,50000,vegetarian,"Dầu hào chay, Nước tương","Mặn, Cay, Thơm, Đậm đà",0,1,https://img-global.cpcdn.com/recipes/308e7d54d130aaaf/200x200cq80/canh-b%E1%BA%AFp-c%E1%BA%A3i-s%C6%B0%E1%BB%9Dn-non-n%E1%BA%A5m-dong-co-recipe-main-photo.jpg,"Canh nấm đông cô là món chay/eat clean thanh đạm, thơm nhẹ và giàu chất dinh dưỡng. Nấm đông cô có vị ngọt tự nhiên, khi nấu cùng nước trong và gia vị nhẹ giúp tạo nên món canh dễ tiêu, ít calo, rất phù hợp cho bữa ăn lành mạnh hoặc những ngày muốn ăn nhẹ.","Nấm đông cô tươi hoặc khô: 120g, Cà rốt: 40g, Hành boa rô: 10g, Nước lọc: 600ml, Muối: 1g, Hạt nêm chay: 2g, Tiêu: 1g, Hành lá: 10g","Chảo chống dính, Muỗng","Ngâm nấm nếu dùng nấm khô rồi cắt lát, Phi boa rô rồi cho nước vào đun sôi, Thêm nấm và cà rốt vào nấu đến khi mềm, Nêm muối hạt nêm chay và tiêu, Rắc hành lá và thưởng thức",Ăn chay (Vegetarian),
canh-cai-nau-rieu-tom-thit,Canh cải nấu riêu tôm thịt,Nam,main,lunch,40,35,medium,431,24,54,11,7,415,5,30000,60000,balanced,"Tôm, Cua đồng","Mặn, Cay, Thơm, Đậm đà",1,1,https://img-global.cpcdn.com/recipes/e86d9eabcda0a85a/300x426f0.50195_0.5_1.0q80/canh-c%E1%BA%A3i-n%E1%BA%A5u-rieu-tom-th%E1%BB%8Bt-recipe-main-photo.webp,"Canh cải nấu riêu tôm thịt là món canh truyền thống thanh mát, có vị ngọt tự nhiên từ tôm và thịt. Khi kết hợp với cải xanh hoặc cải ngọt, món canh trở nên nhẹ bụng, giàu protein, vitamin và ít calo — rất phù hợp cho bữa ăn eat clean hoặc bữa cơm gia đình hàng ngày.","Cải xanh hoặc cải ngọt: 150g, Tôm tươi bóc vỏ: 80g, Thịt heo nạc xay: 80g, Hành tím băm: 5g, Nước lọc: 600ml, Muối: 1g, Tiêu: 1g, Nước mắm nhạt: 3ml, Hành lá: 10g","Nồi hấp, Rây","Xay hoặc giã tôm rồi trộn với thịt và hành tím, Vo nhẹ hoặc thả từng muỗng riêu vào nồi nước sôi, Khi riêu nổi thì cho cải vào, Nêm muối nước mắm tiêu, Nấu chín cải rồi rắc hành lá và thưởng thức",Cân bằng,"Thuần chay (Vegan), Ăn chay (Vegetarian)"
sup-rau-cu-trung,Súp rau củ trứng,Nam,main,dinner,20,36,easy,371,23,54,11,2,658,5,30000,50000,balanced,Trứng,"Mặn, Cay, Thơm",1,1,https://cdn.tgdd.vn/2021/11/CookRecipe/Avatar/sup-trung-rau-cu-thumbnail.jpg,"Súp rau củ trứng eat clean là món ăn nhẹ nhàng, dễ tiêu và giàu dưỡng chất. Trứng tạo độ béo nhẹ, hòa quyện cùng rau củ mềm ngọt giúp món súp vừa thanh đạm vừa bổ dưỡng. Rất thích hợp cho bữa sáng, bữa tối nhẹ hoặc khi cần món ăn ấm bụng.","Cà rốt: 40g, Bắp ngọt: 40g, Đậu Hà Lan: 40g, Hành tây: 20g, Trứng gà: 50g, Nước lọc: 600ml, Muối: 1g, Tiêu: 1g, Hành lá: 10g","Nồi hấp, Rây","Nấu nước sôi rồi cho cà rốt bắp và đậu Hà Lan vào, Khi rau củ mềm thì cho hành tây và nêm muối tiêu, Đánh tan trứng và rưới từ từ vào nồi để tạo vân trứng, Nấu thêm 1 phút rồi rắc hành lá và thưởng thức",Cân bằng,Thuần chay (Vegan)
canh-bong-cai-xanh-nau-vien-chay,Canh bông cải xanh nấu viên chay,Trung,main,dinner,20,70,easy,322,14,40,11,6,352,6,20000,35000,vegetarian,Bông cải,"Mặn, Cay, Thơm, Đậm đà",1,1,https://img-global.cpcdn.com/recipes/8c1108aa78ea338c/300x426f0.425033_0.5_1.0q80/canh-bong-c%E1%BA%A3i-xanh-n%E1%BA%A5u-vien-chay-recipe-main-photo.webp,"Canh bông cải xanh nấu viên chay là món canh thanh mát, bổ sung nhiều chất xơ và vitamin từ rau củ. Viên chay mềm nhẹ kết hợp với bông cải xanh giòn ngọt tạo nên món canh ít calo, dễ tiêu và rất phù hợp cho bữa trưa hoặc tối lành mạnh, nhất là trong thực đơn eat clean hoặc chay trường.","Bông cải xanh: 150g, Viên chay: 100g, Cà rốt: 40g, Nấm hương hoặc nấm rơm: 50g, Hành boa rô: 10g, Nước lọc: 700ml, Muối: 1g, Hạt nêm chay: 2g, Tiêu: 1g, Hành lá: 10g","Nồi hấp, Rây","Phi boa rô rồi thêm nước vào đun sôi, Cho viên chay cà rốt và nấm vào nấu trước, Khi mềm thì cho bông cải xanh vào, Nêm muối hạt nêm và tiêu, Nấu chín vừa rồi rắc hành lá và thưởng thức",Ăn chay (Vegetarian),
canh-rau-ma-nau-tep-dong,Canh rau má nấu tép đồng,Trung,main,breakfast,10,36,easy,419,15,44,13,3,275,1,20000,35000,balanced,"Tép đồng, Nước mắm","Mặn, Cay, Thơm",1,1,https://img-global.cpcdn.com/recipes/6970b0c8d8208559/300x426f0.5_0.5_1.0q80/canh-rau-ma-n%E1%BA%A5u-tep-d%E1%BB%93ng-recipe-main-photo.webp,"Canh rau má nấu tép đồng là món canh dân dã, thanh mát và giải nhiệt rất tốt. Rau má vị mát, hơi đắng nhẹ kết hợp với tép đồng ngọt tự nhiên tạo nên món canh ít calo, giàu vitamin và khoáng chất. Rất phù hợp cho bữa trưa eat clean hoặc những ngày nóng nực cần món canh mát cơ thể.","Rau má: 120g, Tép đồng bóc vỏ hoặc làm sạch: 80g, Hành tím băm: 5g, Nước lọc: 600ml, Muối: 1g, Nước mắm nhạt: 3ml, Tiêu: 1g, Hành lá: 10g","Chảo, Dao, Thớt","Xào thơm hành tím rồi cho tép vào đảo săn, Thêm nước vào đun sôi và nêm muối nước mắm, Cho rau má vào nấu nhanh khoảng 1–2 phút cho vừa chín, Rắc tiêu và hành lá rồi thưởng thức",Cân bằng,
canh-rau-day-muop-nam,Canh rau đay mướp nấm ,Trung,main,breakfast,20,70,medium,585,20,8,40,5,241,4,40000,60000,keto,Nấm,"Mặn, Cay, Thơm, Đậm đà",1,1,https://img-global.cpcdn.com/recipes/64933bde12de3e3c/300x426f0.55068_0.5_1.0q80/canh-rau-day-m%C6%B0%E1%BB%9Bp-n%E1%BA%A5m-chay-recipe-main-photo.webp,"Canh rau đay mướp nấm chay là món canh thanh nhiệt, nhẹ bụng và giàu chất xơ. Rau đay nhớt nhẹ, mướp ngọt tự nhiên và nấm mềm thơm tạo nên món canh chay giải nhiệt tuyệt vời, đặc biệt phù hợp trong những ngày nóng hoặc cần món ăn thanh đạm, ít calo.","Rau đay: 100g, Mướp hương: 120g, Nấm rơm hoặc nấm hương: 80g, Hành boa rô: 10g, Nước lọc: 600ml, Muối: 1g, Hạt nêm chay: 2g, Tiêu: 1g","Chảo chống dính, Muỗng","Phi boa rô rồi cho nước vào đun sôi, Thêm nấm vào nấu trước, Cho mướp và rau đay vào, Nêm muối và hạt nêm chay, Nấu chín mềm rồi rắc tiêu và thưởng thức",Keto / Low-carb,
canh-khoai-tim-xuong-heo,Canh khoai tím nấu xương heo,Nam,main,lunch,20,70,easy,544,15,55,14,8,436,1,20000,35000,eatclean,Nước mắm,"Mặn, Cay, Thơm, Đậm đà",0,1,https://img-global.cpcdn.com/recipes/e9d7559af6d6c3ce/300x426f0.465669_0.458596_1.12167q80/canh-khoai-tim-n%E1%BA%A5u-x%C6%B0%C6%A1ng-heo-tom-non-recipe-main-photo.webp,"Canh khoai tím nấu xương heo là món canh ngọt tự nhiên, béo nhẹ và có màu tím đẹp mắt. Khoai tím bùi mịn kết hợp nước hầm xương heo trong, thơm và bổ dưỡng, giúp món ăn vừa ấm bụng, vừa giàu vitamin và khoáng chất. Món canh này rất phù hợp cho bữa cơm gia đình hoặc thực đơn healthy cần tinh bột tốt và protein tự nhiên.","Xương heo: 250g, Khoai môn tím: 200g, Hành tây: 40g, Hành tím: 10g, Rau ngò gai: 10g, Nước lọc: 900ml, Muối: 2g, Nước mắm nhạt: 5ml, Hạt nêm: 3g, Tiêu: 1g","Nồi hấp, Rây","Chần xương heo rồi hầm với hành tây và hành tím 20–25 phút, Thêm khoai tím vào nấu đến khi mềm, Nêm muối nước mắm hạt nêm, Nấu thêm 2 phút rồi rắc hành lá ngò gai và tiêu, Tắt bếp và thưởng thức",Cân bằng,"Thuần chay (Vegan), Ăn chay (Vegetarian)"
canh-xuong-heo-ham-cu,Canh xương heo hầm củ,Trung,main,lunch,10,63,medium,451,20,40,15,4,360,3,20000,40000,eatclean,Heo,"Mặn, Cay, Thơm, Đậm đà",0,1,https://img-global.cpcdn.com/recipes/d0c12303453d5e3c/300x426f0.5_0.5_1.0q80/canh-x%C6%B0%C6%A1ng-heo-h%E1%BA%A7m-c%E1%BB%A7-recipe-main-photo.webp,"Canh xương heo hầm củ là món ăn thanh ngọt tự nhiên nhờ nước hầm xương hòa quyện cùng vị ngọt của các loại củ. Món canh vừa ấm bụng, vừa giàu dưỡng chất, phù hợp cho bữa cơm gia đình và thực đơn eat clean cần protein, chất xơ và vitamin từ rau củ.","Xương heo: 300g, Cà rốt: 80g, Su su: 100g, Khoai tây: 120g, Bắp mỹ: 80g, Hành tây: 40g, Hành tím: 10g, Rau mùi hành lá: 10g, Nước lọc: 1.2L, Muối: 2g, Hạt nêm: 3g, Nước mắm nhạt: 5ml, Tiêu: 1g","Chảo, Dao, Thớt","Chần xương heo rồi hầm với hành tím và hành tây 25 phút, Thêm cà rốt su su khoai tây và bắp vào nấu mềm, Nêm muối nước mắm hạt nêm cho vừa, Nấu thêm 3 phút rồi rắc hành lá rau mùi tiêu và thưởng thức",Cân bằng,"Thuần chay (Vegan), Ăn chay (Vegetarian)"
canh-chay-khoai-so-muop,Canh chay khoai sọ mướp,Nam,main,lunch,20,60,easy,332,10,66,10,5,587,6,30000,45000,vegetarian,,"Mặn, Cay, Thơm, Đậm đà",1,1,https://img-global.cpcdn.com/recipes/88f1b47b30415b2c/300x426cq80/canh-chay-khoai-s%E1%BB%8D-m%C6%B0%E1%BB%9Bp-recipe-main-photo.webp,"Canh chay khoai sọ mướp là món ăn thanh đạm, thơm ngọt tự nhiên từ rau củ. Khoai sọ bùi béo hoà cùng mướp hương mềm ngọt giúp món canh có độ ngậy nhẹ nhưng vẫn rất thanh mát. Đây là lựa chọn lý tưởng cho bữa ăn nhẹ bụng, ít calo nhưng giàu chất xơ và vitamin.","Khoai sọ: 180g, Mướp hương: 150g, Nấm rơm hoặc nấm hương tươi: 80g, Hành boa rô: 10g, Nước lọc: 800ml, Muối: 2g, Hạt nêm chay: 3g, Tiêu: 1g, Rau mùi + hành lá: 10g","Nồi hấp, Rây","Phi boa rô rồi thêm nước vào đun sôi, Cho khoai sọ vào nấu trước đến khi gần mềm, Thêm nấm và mướp vào, Nêm muối hạt nêm tiêu, Nấu thêm 2–3 phút rồi rắc hành lá rau mùi và thưởng thức",Ăn chay (Vegetarian),
canh-rau-ngot-ca-ro-dong,Canh rau ngót cá rô đồng,Nam,main,lunch,10,70,medium,511,19,63,18,8,332,1,40000,55000,balanced,"Cá rô, Nước mắm","Mặn, Cay, Thơm",1,1,https://i-giadinh.vnecdn.net/2025/05/01/vnexpress-canh-rau-ngot-nau-ca-7370-2386-1746087361.jpg,"Canh rau ngót cá rô đồng là món canh dân dã, ngọt thanh tự nhiên từ cá rô đồng tươi và rau ngót mềm mát. Cá rô được luộc gỡ thịt thơm béo, nước canh trong và ít gia vị giúp giữ trọn hương vị nguyên bản. Món canh vừa bổ dưỡng, ít calo, vừa thích hợp cho thực đơn ăn lành mạnh.","Cá rô đồng nguyên con: 200g, Rau ngót: 150g, Hành tím: 10g, Gừng lát: 3g, Nước lọc: 900ml, Muối: 2g, Nước mắm nhạt: 5ml, Tiêu: 1g, Hành lá: 10g","Nồi, Muỗng, Tô","Luộc cá rô với gừng và hành tím rồi gỡ lấy thịt, Lọc nước luộc cá và đun sôi lại, Cho rau ngót vào nấu mềm rồi thả thịt cá vào, Nêm muối nước mắm tiêu, Nấu thêm 1 phút rồi rắc hành lá và thưởng thức",Cân bằng,"Thuần chay (Vegan), Ăn chay (Vegetarian)"
canh-tom-bi-do,Canh Tôm bí đỏ,Trung,main,breakfast,40,47,easy,588,33,10,30,6,534,4,30000,50000,keto,"Tôm, Nước mắm","Mặn, Cay, Thơm",0,1,https://img-global.cpcdn.com/recipes/f562c8bb68408334/1200x630cq80/photo.jpg,"Canh tôm bí đỏ là món canh ngọt thanh, dễ ăn và giàu dinh dưỡng. Bí đỏ bùi mềm hòa với vị ngọt tự nhiên của tôm tươi tạo nên món canh ấm bụng, bổ mắt và tốt cho tiêu hoá. Nhờ ít dầu mỡ và nguyên liệu tự nhiên, món ăn rất phù hợp cho thực đơn eat clean hoặc bữa tối nhẹ nhàng.","Tôm tươi bóc vỏ: 120g, Bí đỏ: 200g, Hành tím băm: 10g, Gừng lát: 2g, Nước lọc: 800ml, Muối: 2g, Nước mắm nhạt: 5ml, Tiêu: 1g, Hành lá + ngò: 10g","Chảo chống dính, Muỗng","Ướp tôm với chút muối tiêu, Xào thơm hành tím rồi cho tôm vào đảo sơ, Thêm bí đỏ và nước lọc vào nấu mềm, Nêm muối nước mắm và thêm tiêu, Rắc hành lá ngò và thưởng thức",Keto / Low-carb,"Thuần chay (Vegan), Ăn chay (Vegetarian)"
canh-mung-toi-nam-hau-thu,Canh mùng tơi nấm hầu thủ,Nam,main,dinner,20,30,easy,568,20,12,35,6,485,4,30000,50000,keto,Nấm,"Mặn, Cay, Thơm, Đậm đà",0,1,https://img-global.cpcdn.com/recipes/49fd934a458b78b8/300x426f0.455319_0.5_1.0q80/canh-mung-t%C6%A1i-n%E1%BA%A5m-h%E1%BA%A7u-th%E1%BB%A7-recipe-main-photo.webp,"Canh mùng tơi nấm hầu thủ là món chay thanh mát, dễ tiêu và giàu chất xơ. Nấm hầu thủ có độ giòn dai tự nhiên, vị ngọt nhẹ, khi kết hợp với mùng tơi mềm mướt sẽ tạo nên món canh vừa bổ dưỡng vừa hỗ trợ tiêu hoá, phù hợp cho bữa ăn eat clean hoặc những ngày muốn ăn nhẹ.","Rau mùng tơi: 150g, Nấm hầu thủ: 120g, Hành boa rô: 10g, Nước lọc: 700ml, Muối: 2g, Hạt nêm chay: 3g, Tiêu: 1g, Gừng băm: 2g","Nồi hấp, Rây","Phi boa rô rồi cho nước vào đun sôi, Thêm nấm hầu thủ vào nấu 3–4 phút, Cho mùng tơi vào và nêm muối hạt nêm tiêu, Nấu thêm 1 phút đến khi rau vừa chín, Múc ra tô và thưởng thức",Keto / Low-carb,
canh-cai-chua-ham-xuong,Canh cải chua hầm xương heo,Trung,main,breakfast,20,70,medium,441,15,59,16,4,379,4,20000,40000,balanced,Heo,"Ngọt, Mặn, Cay, Thơm, Đậm đà",0,1,https://img-global.cpcdn.com/recipes/bea9fa9b1a54e205/300x426cq80/canh-c%E1%BA%A3i-chua-h%E1%BA%A7m-x%C6%B0%C6%A1ng-heo-recipe-main-photo.webp,"Canh cải chua hầm xương heo là món canh truyền thống có vị chua nhẹ, thanh dịu và cực kỳ đưa cơm. Cải chua mềm hòa với nước hầm xương heo trong, ngọt tự nhiên giúp món canh vừa dễ ăn vừa bổ dưỡng. Đây là lựa chọn rất phù hợp cho bữa ăn healthy vì ít dầu mỡ nhưng giàu khoáng chất và protein từ xương.","Xương heo: 280g, Cải chua muối: 180g, Cà chua: 60g, Hành tím: 10g, Gừng lát: 3g, Nước lọc: 400ml, Muối: 2g, Nước mắm nhạt: 5ml, Đường ăn kiêng hoặc đường mía: 2g, Hành lá + ngò: 10g, Tiêu: 1g","Chảo chống dính, Muỗng","Chần xương rồi hầm với hành tím và gừng 25–30 phút, Xào nhẹ cải chua và cà chua cho thơm rồi cho vào nồi, Nêm muối nước mắm và ít đường cho cân vị chua, Nấu thêm 5 phút cho thấm, Rắc hành lá ngò và tiêu rồi thưởng thức",Cân bằng,"Thuần chay (Vegan), Ăn chay (Vegetarian)"
canh-bi-nam-dong-co-ca-rot-keto,Canh bí xanh và bí đỏ nấu nấm,Trung,main,dinner,20,60,medium,413,32,6,33,6,610,2,40000,55000,keto,"Mọc (Giò sống), Nước mắm","Mặn, Cay, Thơm, Đậm đà",0,1,https://img-global.cpcdn.com/recipes/684a7c249210e202/300x426f0.444532_0.5_1.0q80/canh-bi-xanh-va-bi-d%E1%BB%8F-n%E1%BA%A5u-n%E1%BA%A5m-recipe-main-photo.webp,"Canh bí xanh và bí đỏ nấu nấm là món canh chay thanh mát, kết hợp vị ngọt tự nhiên của hai loại bí cùng độ thơm nhẹ của nấm. Bí xanh mát dịu, bí đỏ bùi béo hòa quyện tạo nên bát canh vừa thanh đạm, vừa giàu chất xơ và vitamin. Món ăn dễ tiêu, thích hợp cho cả bữa trưa lẫn tối trong thực đơn eat clean.","Bí xanh: 150g, Bí đỏ: 150g, Nấm rơm hoặc nấm hương tươi: 100g, Hành boa rô: 10g, Nước lọc: 900ml, Muối: 2g, Hạt nêm chay: 3g, Tiêu: 1g, Hành lá + ngò: 10g","Chảo, Dao, Thớt","Phi boa rô rồi thêm nước vào đun sôi, Cho bí đỏ vào nấu trước 5 phút rồi thêm bí xanh và nấm, Nêm muối hạt nêm và tiêu, Nấu đến khi bí chín mềm vừa, Rắc hành lá ngò và thưởng thức",Keto / Low-carb,
canh-muc-nau-muop-hung-que,Canh mực nấu mướp húng quế,Nam,main,lunch,30,47,easy,472,25,57,17,6,672,4,40000,55000,balanced,Mực,"Mặn, Cay, Thơm",1,1,https://img-global.cpcdn.com/recipes/71de1569aab07292/300x426cq80/canh-m%E1%BB%B1c-n%E1%BA%A5u-m%C6%B0%E1%BB%9Bp-hung-qu%E1%BA%BF-recipe-main-photo.webp,"Canh mực nấu mướp húng quế là món canh thanh ngọt với hương thơm đặc trưng từ rau húng quế. Mực giòn ngọt tự nhiên, mướp mềm tan nhẹ sau khi nấu, tạo nên bát canh vừa ấm bụng vừa mát, phù hợp cho thực đơn eat clean nhờ ít dầu mỡ nhưng giàu đạm và vitamin.","Mực tươi làm sạch: 150g, Mướp hương: 160g, Hành tím băm: 8g, Gừng lát: 2g, Húng quế tươi: 10g, Nước lọc: 800ml, Muối: 2g, Nước mắm nhạt: 5ml, Tiêu: 1g, Hành lá: 10g","Chảo, Dao, Thớt","Xào nhanh hành tím với gừng rồi cho mực vào đảo săn, Thêm nước và đun sôi rồi cho mướp vào nấu mềm, Nêm muối nước mắm tiêu, Tắt bếp và cho húng quế cùng hành lá vào, Múc ra tô và thưởng thức ngay khi nóng",Cân bằng,"Thuần chay (Vegan), Ăn chay (Vegetarian)"
dau-hu-chien-sa,Đậu hũ chiên sả,Trung,main,lunch,15,30,medium,450,17,43,15,6,289,1,30000,60000,balanced,Đậu hũ,"Ngọt, Mặn, Cay, Thơm",0,1,https://img-global.cpcdn.com/recipes/3eb6ba84a8ba6322/300x426f0.490691_0.492922_1.02003q80/d%E1%BA%ADu-hu-chien-s%E1%BA%A3-recipe-main-photo.webp,"Đậu hũ chiên sả là món ăn chay đơn giản nhưng thơm nức nhờ hương sả đặc trưng. Đậu hũ vàng nhẹ bên ngoài, mềm bên trong, quyện cùng hỗn hợp sả ớt giúp món ăn vừa đậm đà vừa bắt cơm. Đây là lựa chọn hoàn hảo cho bữa ăn chay hoặc thực đơn eat clean ít dầu nhưng vẫn tròn vị.","Đậu hũ trắng hoặc đậu hũ non cứng: 200g, Sả băm: 20g, Ớt băm: 3g, Tỏi băm: 5g, Dầu ăn hoặc dầu ôliu: 10ml, Muối: 2g, Đường ăn kiêng: 2g, Nước tương chay: 5ml","Nồi, Muỗng, Tô","Cắt đậu hũ thành miếng và áp chảo vàng đều, Phi tỏi sả ớt cho thơm rồi nêm muối đường và nước tương, Cho đậu hũ vào đảo cho thấm gia vị, Rim nhẹ 1–2 phút cho khô mặt rồi tắt bếp và thưởng thức",Cân bằng,
mang-xao-hanh-tay-rau-ram,Măng ào hành tây rau răm chay,Trung,main,dinner,20,30,medium,343,15,68,7,3,367,5,20000,40000,vegetarian,,"Ngọt, Mặn, Cay, Thơm",1,1,https://img-global.cpcdn.com/recipes/9f050c10c10e638e/300x426f0.555949_0.5_1.0q80/mang-xao-hanh-tay-rau-ram-chay-recipe-main-photo.webp,"Măng xào hành tây rau răm là món chay đơn giản nhưng thơm đặc trưng, kết hợp măng giòn nhẹ và hành tây ngọt tự nhiên. Rau răm làm dậy hương, tạo nên món xào thanh đạm nhưng vẫn rất đậm đà. Món này phù hợp cho bữa cơm chay hoặc thực đơn eat clean nhờ ít dầu và giàu chất xơ.","Măng tươi luộc hoặc măng non: 180g, Hành tây: 60g, Rau răm: 10g, Tỏi băm: 5g, Dầu ăn hoặc dầu ôliu: 5ml, Muối: 1g, Nước tương chay: 5ml, Đường ăn kiêng: 2g, Tiêu: 1g","Nồi hấp, Rây","Xào thơm tỏi rồi cho măng vào đảo đều, Thêm hành tây và nêm muối nước tương cùng chút đường, Xào chín tới rồi cho rau răm và tiêu vào đảo nhanh, Tắt bếp và thưởng thức ngay khi nóng",Ăn chay (Vegetarian),
muc-xao-can-tay-rau-cu,Mực xào cần tây rau củ,Nam,main,breakfast,40,30,easy,363,24,49,8,2,398,4,40000,70000,balanced,Mực,"Mặn, Cay, Thơm",1,1,https://img-global.cpcdn.com/recipes/d88dffe52b96a8df/300x426f0.510577_0.5_1.0q80/m%E1%BB%B1c-xao-c%E1%BA%A7n-tay-rau-c%E1%BB%A7-recipe-main-photo.webp,"Mực xào cần tây rau củ là món ăn thanh nhẹ nhưng đầy đủ dưỡng chất. Mực tươi giòn ngọt tự nhiên khi xào nhanh lửa lớn sẽ giữ được độ tươi, kết hợp cùng cần tây, cà rốt và ớt chuông tạo nên món xào nhiều màu sắc, ít calo nhưng giàu protein và vitamin.","Mực ống hoặc mực lá: 160g, Cần tây: 70g, Cà rốt: 40g, Ớt chuông: 50g, Hành tây: 40g, Tỏi băm: 6g, Gừng băm: 3g, Dầu ôliu: 5ml, Nước mắm nhạt: 5ml, Muối: 1g, Tiêu: 1g, Nước lọc: 20ml","Nồi hấp, Rây","Ướp mực với gừng muối tiêu, Xào tỏi rồi cho hành tây cà rốt và ớt chuông vào đảo nhanh, Thêm mực cần tây và chút nước lọc, Nêm nước mắm muối tiêu, Xào lửa lớn 2–3 phút cho giòn rồi tắt bếp và thưởng thức",Cân bằng,"Thuần chay (Vegan), Ăn chay (Vegetarian)"
rau-cu-xao-uc-ga,Rau củ xào ức gà,Bắc,main,breakfast,30,30,medium,599,20,10,25,7,287,4,40000,60000,keto,Gà,"Mặn, Cay, Thơm",1,1,https://img-global.cpcdn.com/recipes/8b04569b48bea5c3/300x426f0.5_0.5_1.0q80/rau-c%E1%BB%A7-xao-%E1%BB%A9c-ga-recipe-main-photo.webp,"Rau củ xào ức gà là món ăn eat clean giàu protein, nhiều chất xơ và vitamin. Ức gà mềm, thấm nhẹ gia vị, kết hợp cùng rau củ đầy màu sắc như bông cải, cà rốt, ớt chuông giúp món ăn thanh nhẹ nhưng vẫn no lâu. Phù hợp cho bữa trưa hoặc bữa tối giảm cân.","Ức gà: 150g, Bông cải xanh: 80g, Cà rốt: 50g, Ớt chuông: 50g, Hành tây: 40g, Tỏi băm: 5g, Dầu ôliu: 5ml, Nước tương ít muối: 5ml, Muối: 1g, Tiêu: 1g, Nước lọc: 20ml","Nồi, Muỗng, Tô","Ướp ức gà với muối tiêu và nước tương, Xào tỏi hành tây rồi cho gà vào đảo săn, Thêm rau củ và chút nước lọc vào xào chín giòn, Nêm lại vừa ăn rồi tắt bếp và thưởng thức",Keto / Low-carb,"Thuần chay (Vegan), Ăn chay (Vegetarian)"
trung-ga-non-xao-dau-dua,Trứng gà non xào đậu đũa,Bắc,main,dinner,10,30,easy,402,14,59,7,6,357,6,40000,60000,vegetarian,"Trứng non, Nước mắm","Mặn, Cay, Thơm",0,1,https://img-global.cpcdn.com/recipes/ccb6fbda05488280/300x426f0.5_0.5_1.0q80/tr%E1%BB%A9ng-ga-non-xao-d%E1%BA%ADu-dua-recipe-main-photo.webp,"Trứng gà non xào đậu đũa là món ăn thơm béo nhẹ, kết hợp vị giòn ngọt của đậu đũa và độ mềm đặc trưng của trứng non. Món xào này giàu protein, ít tinh bột, phù hợp cho bữa cơm gia đình hoặc thực đơn healthy. Khi xào lửa lớn, trứng non thấm đều gia vị mà vẫn giữ được độ mềm mọng.","Trứng gà non: 180g, Đậu đũa: 120g, Hành tây: 40g, Tỏi băm: 6g, Dầu ôliu hoặc dầu ăn: 6ml, Nước mắm ít muối: 6ml, Muối: 1g, Tiêu: 1g, Hành lá: 10g","Chảo chống dính, Muỗng","Chần sơ trứng gà non rồi để ráo, Xào tỏi và hành tây cho thơm rồi thêm đậu đũa vào đảo đều, Cho trứng non vào nêm nước mắm muối tiêu, Xào lửa lớn 2–3 phút cho thấm gia vị rồi thêm hành lá và thưởng thức",Ăn chay (Vegetarian),Thuần chay (Vegan)
nui-xao-bo-rau-cu,Nui xào bò và rau củ,Trung,main,breakfast,10,43,medium,581,25,3,34,5,349,5,30000,60000,keto,"Nui (Gluten), Nước tương, Bò","Mặn, Cay, Thơm, Đậm đà",0,1,https://img-global.cpcdn.com/recipes/554eeb125ed78582/300x426cq80/nui-xao-bo-va-rau-c%E1%BB%A7-recipe-main-photo.webp,"Nui xào bò và rau củ là món ăn đầy đủ dinh dưỡng với sự kết hợp giữa carb tốt từ nui, protein từ thịt bò và chất xơ vitamin từ rau củ. Món ăn ít dầu mỡ, hương vị hài hòa, thích hợp cho bữa trưa hoặc tối eat clean, giúp no lâu nhưng không bị nặng bụng.","Nui nguyên cám hoặc nui gạo lứt: 120g, Thịt bò thái mỏng: 140g, Cà rốt: 50g, Bông cải xanh: 80g, Ớt chuông: 50g, Hành tây: 40g, Tỏi băm: 6g, Dầu ôliu: 6ml, Nước tương ít muối: 6ml, Muối: 1g, Tiêu: 1g, Nước lọc: 30ml","Chảo, Dao, Thớt","Luộc nui chín vừa và để ráo, Xào tỏi hành tây rồi cho thịt bò vào đảo nhanh lửa lớn, Thêm rau củ và chút nước lọc vào xào mềm, Cho nui vào nêm nước tương muối tiêu, Xào thêm 1 phút và thưởng thức",Keto / Low-carb,"Thuần chay (Vegan), Ăn chay (Vegetarian), Không gluten"
rau-cu-xao-tom-bo,Rau củ xào tôm bò,Bắc,main,dinner,20,30,easy,356,22,58,13,5,418,6,20000,35000,balanced,"Tôm, Bò, Nước mắm","Mặn, Cay, Thơm, Đậm đà",1,1,https://img-global.cpcdn.com/recipes/cfda8c4842ae8118/300x426cq80/rau-c%E1%BB%A7-xao-tom-bo-recipe-main-photo.webp,"Rau củ xào tôm bò là món ăn giàu protein, kết hợp hương vị ngọt tự nhiên của tôm với độ mềm thơm của thịt bò. Khi xào cùng rau củ nhiều màu sắc, món ăn trở nên cân bằng, giàu chất xơ và vitamin, phù hợp cho bữa ăn eat clean hoặc bữa trưa nhiều năng lượng nhưng không quá nhiều calo.","Tôm tươi bóc vỏ: 120g, Thịt bò thái mỏng: 100g, Bông cải xanh: 80g, Cà rốt: 40g, Đậu que: 60g, Ớt chuông: 50g, Hành tây: 40g, Tỏi băm: 6g, Dầu ôliu: 6ml, Nước mắm nhạt: 5ml, Muối: 1g, Tiêu: 1g, Nước lọc: 20ml","Nồi hấp, Rây","Xào tỏi và hành tây cho thơm rồi cho bò vào đảo nhanh, Thêm tôm vào xào đến khi chuyển màu, Cho rau củ và chút nước lọc vào, Nêm nước mắm muối tiêu, Xào lửa lớn 2–3 phút cho rau giòn và thấm vị rồi thưởng thức",Cân bằng,"Thuần chay (Vegan), Ăn chay (Vegetarian)"
sup-lo-xao-nam-loc-nhung,Súp lơ xào nấm lộc nhung,Bắc,main,lunch,10,30,medium,427,12,48,12,5,609,4,40000,70000,vegetarian,Nấm,"Mặn, Cay, Thơm, Đậm đà",1,1,https://img-global.cpcdn.com/recipes/e64f64ad148c981e/300x426f0.5_0.49352_1.0q80/sup-l%C6%A1-xao-n%E1%BA%A5m-l%E1%BB%99c-nhung-mon-chay-recipe-main-photo.webp,"Súp lơ xào nấm lộc nhung là món chay thanh đạm nhưng đậm hương vị. Nấm lộc nhung dai ngọt tự nhiên kết hợp súp lơ giòn nhẹ tạo nên món xào hài hòa, giàu chất xơ và vitamin. Nhờ ít dầu và nguyên liệu đơn giản, món này rất phù hợp cho thực đơn eat clean hoặc bữa cơm chay nhẹ nhàng.","Súp lơ xanh: 150g, Nấm lộc nhung: 120g, Hành boa rô băm: 10g, Tỏi băm: 4g, Dầu ôliu: 5ml, Nước tương chay: 6ml, Muối: 1g, Tiêu: 1g, Nước lọc: 20ml","Nồi, Muỗng, Tô","Xào thơm boa rô và tỏi rồi cho nấm lộc nhung vào đảo đều, Thêm súp lơ và chút nước lọc vào xào chín giòn, Nêm nước tương muối tiêu, Xào thêm 1 phút cho thấm rồi tắt bếp và thưởng thức",Ăn chay (Vegetarian),
khoai-tay-xao-nam,Khoai tây xào nấm,Trung,main,dinner,10,44,easy,589,34,4,27,7,230,2,30000,60000,keto,Nấm,"Mặn, Cay, Thơm, Đậm đà",0,1,https://img-global.cpcdn.com/recipes/3b21bd27c9d68bb5/300x426f0.515887_0.5_1.0q80/khoai-tay-xao-n%E1%BA%A5m-thi-la-mon-chay-recipe-main-photo.webp,"Khoai tây xào nấm là món chay đơn giản nhưng thơm béo tự nhiên. Khoai tây bùi mềm kết hợp nấm dai ngọt giúp món ăn vừa thanh đạm vừa no lâu. Đây là lựa chọn lý tưởng cho bữa trưa hoặc tối eat clean, cung cấp carb tốt và chất xơ mà không cần nhiều dầu mỡ.","Khoai tây: 180g, Nấm (nấm đùi gà hoặc nấm hương tươi): 120g, Hành boa rô: 10g, Tỏi băm: 5g, Dầu ôliu: 6ml, Nước tương chay: 5ml, Muối: 1g, Tiêu: 1g, Nước lọc: 20ml, Hành lá: 10g","Nồi, Muỗng, Tô","Luộc khoai tây chín 70% rồi cắt miếng, Xào boa rô và tỏi rồi cho nấm vào đảo thơm, Thêm khoai tây và chút nước lọc vào xào, Nêm nước tương muối tiêu, Xào thêm 2 phút cho thấm rồi rắc hành lá và thưởng thức",Keto / Low-carb,
su-hao-xao-nam-dui-ga-bap,Su hào xào nấm đùi gà và bắp,Bắc,main,breakfast,20,30,easy,480,32,10,32,4,561,4,40000,60000,keto,"Gà, Nấm","Mặn, Cay, Thơm, Đậm đà",0,1,https://img-global.cpcdn.com/recipes/3804f1bcd6b9e454/300x426f0.531787_0.5_1.0q80/su-hao-xao-n%E1%BA%A5m-dui-ga-va-b%E1%BA%AFp-recipe-main-photo.webp,"Su hào xào nấm đùi gà và bắp là món chay thanh ngọt tự nhiên, với su hào giòn nhẹ, nấm đùi gà dai mềm và bắp ngọt tạo vị hài hòa. Món ăn ít calo, nhiều chất xơ và vitamin, phù hợp cho thực đơn eat clean hoặc bữa chay nhẹ nhàng nhưng vẫn đầy đủ dưỡng chất.","Su hào: 150g, Nấm đùi gà: 120g, Bắp hạt: 70g, Hành boa rô: 10g, Tỏi băm: 4g, Dầu ôliu: 5ml, Nước tương chay: 6ml, Muối: 1g, Tiêu: 1g, Nước lọc: 25ml","Chảo, Dao, Thớt","Xào boa rô và tỏi cho thơm rồi cho nấm đùi gà vào đảo đều, Thêm su hào và bắp cùng chút nước lọc, Nêm nước tương muối tiêu, Xào đến khi su hào chín giòn nấm mềm vừa rồi tắt bếp và thưởng thức",Keto / Low-carb,"Thuần chay (Vegan), Ăn chay (Vegetarian)"
dau-rong-xao-nam,Đậu rồng xào nấm,Trung,main,dinner,10,30,medium,411,26,4,43,3,581,3,20000,35000,keto,Nấm,"Mặn, Cay, Thơm, Đậm đà",0,1,https://img-global.cpcdn.com/recipes/f1fa315a279a3471/300x426f0.349527_0.5_1.0q80/d%E1%BA%ADu-r%E1%BB%93ng-d%E1%BA%ADu-kh%E1%BA%BF-xao-n%E1%BA%A5m-recipe-main-photo.webp,"Đậu rồng xào nấm là món  thanh mát, giòn ngọt tự nhiên. Đậu rồng giàu chất xơ và vitamin, kết hợp với nấm mềm dai giúp món ăn đầy đủ dưỡng chất nhưng ít calo, phù hợp cho thực đơn eat clean hoặc bữa ăn chay đơn giản mà vẫn đậm đà hương vị.","Đậu rồng: 150g, Nấm (nấm đùi gà hoặc nấm hương tươi): 120g, Hành boa rô băm: 10g, Tỏi băm: 4g, Dầu ôliu: 5ml, Nước tương chay: 6ml, Muối: 1g, Tiêu: 1g, Nước lọc: 20ml","Nồi, Muỗng, Tô","Xào thơm boa rô và tỏi rồi cho nấm vào đảo mềm, Thêm đậu rồng và chút nước lọc xào chín giòn, Nêm nước tương muối tiêu, Xào thêm 1 phút cho thấm rồi tắt bếp và thưởng thức",Keto / Low-carb,
nam-dui-ga-xao-bo-toi,Nấm đùi gà xào bơ tỏi,Bắc,main,breakfast,18,30,easy,580,23,5,36,5,339,1,30000,45000,keto,"Nấm, Bơ, Nước tương","Mặn, Cay, Thơm, Béo, Đậm đà",0,1,https://img-global.cpcdn.com/recipes/1c90a4717df163f9/300x426f0.5_0.501018_1.0q80/n%E1%BA%A5m-dui-ga-xao-b%C6%A1-t%E1%BB%8Fi-recipe-main-photo.webp,"Nấm đùi gà xào bơ tỏi là món ăn chay thơm béo nhẹ, với nấm đùi gà dai ngọt tự nhiên, thấm hương bơ và tỏi vàng ấm. Món xào nhanh này giàu chất xơ, ít calo nhưng hương vị lại vô cùng hấp dẫn, phù hợp làm món ăn kèm hoặc món chính cho thực đơn eat clean.","Nấm đùi gà: 180g, Bơ lạt hoặc bơ thực vật: 8g, Tỏi băm: 6g, Hành boa rô: 8g, Muối: 1g, Tiêu: 1g, Nước tương chay: 4ml, Rau mùi hoặc parsley băm: 5g","Chảo, Dao, Thớt","Làm nóng chảo cho bơ tan rồi xào boa rô và tỏi cho thơm, Thêm nấm đùi gà cắt miếng vào đảo đều, Nêm muối nước tương tiêu, Xào 3–4 phút đến khi nấm vàng cạnh rồi rắc rau mùi và thưởng thức",Keto / Low-carb,"Thuần chay (Vegan), Ăn chay (Vegetarian), Không sữa"
thit-xao-hanh-tay,Thịt xào hành tây,Bắc,main,breakfast,30,30,medium,521,16,52,10,7,652,1,40000,55000,balanced,,"Mặn, Cay, Thơm, Đậm đà",0,1,https://img-global.cpcdn.com/recipes/341acde2b020e83a/300x426f0.5_0.5_1.0q80/th%E1%BB%8Bt-xao-hanh-tay-recipe-main-photo.webp,"Thịt xào hành tây là món ăn quen thuộc nhưng dễ biến tấu theo phong cách eat clean. Thịt mềm thấm vị, hành tây ngọt nhẹ tạo nên món xào thanh đạm nhưng vẫn rất đậm đà. Món này giàu protein, ít dầu, phù hợp cho bữa trưa hoặc tối lành mạnh.","Thịt heo nạc vai hoặc nạc dăm: 150g, Hành tây: 100g, Tỏi băm: 5g, Dầu ôliu: 5ml, Nước tương ít muối: 6ml, Muối: 1g, Tiêu: 1g, Gừng băm: 2g, Hành lá: 10g","Nồi, Muỗng, Tô","Ướp thịt với nước tương muối tiêu và gừng, Xào tỏi cho thơm rồi cho thịt vào đảo săn, Thêm hành tây vào xào mềm giòn, Nêm lại vừa ăn rồi thêm hành lá và thưởng thức",Cân bằng,"Thuần chay (Vegan), Ăn chay (Vegetarian)"
nam-dui-ga-ca-chua-thit-xay,Nấm đùi gà xào cà chua thịt xay,Nam,main,dinner,10,30,medium,520,20,5,42,5,308,5,40000,70000,keto,"Thịt băm, Nước mắm","Mặn, Cay, Thơm, Đậm đà",0,1,https://img-global.cpcdn.com/recipes/e3f1a31e7dc93a20/300x426f0.5_0.5_1.0q80/n%E1%BA%A5m-dui-ga-xao-ca-chua-th%E1%BB%8Bt-xay-recipe-main-photo.webp,"Nấm đùi gà xào cà chua thịt xay là món ăn giàu dinh dưỡng với hương vị hài hòa. Nấm đùi gà dai ngọt kết hợp vị chua thanh của cà chua và độ béo nhẹ từ thịt xay tạo nên món xào đậm đà nhưng vẫn lành mạnh. Món này phù hợp cho thực đơn eat clean nhờ ít dầu, giàu protein và chất xơ.","Nấm đùi gà: 150g, Thịt heo xay hoặc thịt gà xay: 120g, Cà chua: 100g, Hành tây: 40g, Tỏi băm: 5g, Dầu ôliu: 5ml, Nước mắm nhạt: 5ml, Muối: 1g, Tiêu: 1g, Nước lọc: 20ml, Hành lá: 10g","Nồi hấp, Rây","Xào tỏi và hành tây cho thơm rồi cho thịt xay vào đảo săn, Thêm nấm và cà chua vào xào mềm cùng chút nước lọc, Nêm nước mắm muối tiêu, Xào thêm 2 phút cho thấm rồi rắc hành lá và thưởng thức",Keto / Low-carb,"Thuần chay (Vegan), Ăn chay (Vegetarian)"
muop-xao,Mướp xào,Nam,main,breakfast,20,30,easy,442,20,4,44,7,495,3,30000,45000,keto,,"Mặn, Cay, Thơm",1,1,https://img-global.cpcdn.com/recipes/de777552044263ad/300x426f0.517283_0.473774_1.32625q80/m%C6%B0%E1%BB%9Bp-xao-recipe-main-photo.webp,"Mướp xào là món ăn chay thanh đạm, mềm ngọt tự nhiên và rất dễ tiêu. Mướp khi xào đúng cách sẽ giữ được độ mọng nước, thơm nhẹ và không bị nhũn. Đây là món lý tưởng cho bữa ăn eat clean, cung cấp chất xơ, vitamin và ít calo nhưng vẫn đầy đủ hương vị.","Mướp hương: 180g, Hành boa rô hoặc hành tím: 8g, Tỏi băm: 4g, Dầu ôliu: 4ml, Muối: 1g, Nước tương chay: 4ml, Tiêu: 1g, Hành lá: 10g","Nồi, Muỗng, Tô","Xào thơm boa rô và tỏi rồi cho mướp vào đảo đều, Nêm muối và nước tương, Xào nhanh trên lửa lớn 2–3 phút để mướp chín mềm nhưng không ra nước nhiều, Rắc tiêu hành lá và thưởng thức",Keto / Low-carb,
cai-thao-xao-he,Cải thảo xào hẹ,Trung,main,dinner,10,30,medium,362,13,61,6,4,621,5,20000,40000,vegetarian,,"Mặn, Cay, Thơm",0,1,https://img-global.cpcdn.com/recipes/147dc942578a602e/300x426f0.5_0.5_1.0q80/c%E1%BA%A3i-th%E1%BA%A3o-xao-h%E1%BA%B9-recipe-main-photo.webp,"Cải thảo xào hẹ là món chay nhẹ nhàng, thanh mát và giàu chất xơ. Cải thảo mềm ngọt kết hợp hẹ thơm đặc trưng tạo nên món xào đơn giản nhưng đậm mùi vị tự nhiên. Món ăn ít calo, dễ tiêu, phù hợp cho thực đơn eat clean hoặc bữa tối nhẹ nhàng.","Cải thảo: 180g, Hẹ tươi: 60g, Hành boa rô: 10g, Tỏi băm: 4g, Dầu ôliu: 4ml, Nước tương chay: 5ml, Muối: 1g, Tiêu: 1g, Nước lọc: 15ml","Chảo chống dính, Muỗng","Xào thơm boa rô và tỏi rồi cho cải thảo vào đảo cho mềm nhẹ, Thêm hẹ và chút nước lọc vào xào nhanh, Nêm nước tương muối tiêu, Xào thêm 1 phút cho thấm rồi tắt bếp và thưởng thức",Ăn chay (Vegetarian),
thit-ga-xao-mang,Thịt gà xào măng,Trung,main,dinner,30,30,medium,528,22,47,10,4,495,6,20000,50000,balanced,Gà,"Mặn, Cay, Thơm, Đậm đà",0,1,https://img-global.cpcdn.com/recipes/3a83a386ccecd0fd/300x426f0.5_0.435876_1.0q80/th%E1%BB%8Bt-ga-xao-mang-recipe-main-photo.webp,"Thịt gà xào măng là món ăn thơm nhẹ, đậm đà với sự kết hợp giữa thịt gà mềm và măng giòn đặc trưng. Vị ngọt tự nhiên của gà hòa cùng hương măng tạo nên món xào hấp dẫn mà vẫn ít dầu mỡ, phù hợp cho thực đơn eat clean hoặc bữa cơm gia đình hàng ngày.","Thịt gà (ức hoặc đùi lọc xương): 150g, Măng tươi hoặc măng non: 160g, Hành tây: 40g, Tỏi băm: 5g, Dầu ôliu: 5ml, Nước mắm nhạt: 6ml, Muối: 1g, Tiêu: 1g, Gừng băm: 3g, Hành lá: 10g","Chảo, Dao, Thớt","Ướp thịt gà với nước mắm muối tiêu và gừng, Xào tỏi cho thơm rồi cho gà vào đảo săn, Thêm măng và hành tây vào xào cùng, Nêm lại vừa ăn rồi cho hành lá vào và thưởng thức",Cân bằng,"Thuần chay (Vegan), Ăn chay (Vegetarian)"
muc-xao-ca-chua-thom,Mực xào cà chua thơm,Trung,main,lunch,10,30,medium,556,35,7,34,7,491,6,40000,55000,keto,"Mực, Nước mắm","Ngọt, Mặn, Cay, Thơm",1,1,https://img-global.cpcdn.com/recipes/c705d37107ad5d69/300x426f0.489372_0.5_1.0q80/m%E1%BB%B1c-xao-ca-chua-th%C6%A1m-recipe-main-photo.webp,"Mực xào cà chua thơm là món ăn có vị chua ngọt hài hòa, mực giòn tươi kết hợp với thơm (dứa) và cà chua tạo nên màu sắc hấp dẫn và hương vị rất đưa cơm. Món này ít dầu, giàu protein và vitamin, phù hợp cho bữa ăn eat clean hoặc thực đơn giảm cân.","Mực tươi: 160g, Cà chua: 100g, Thơm (dứa): 80g, Hành tây: 40g, Tỏi băm: 6g, Gừng băm: 2g, Dầu ôliu: 5ml, Nước mắm nhạt: 6ml, Muối: 1g, Đường ăn kiêng: 2g, Tiêu: 1g, Hành lá: 10g","Chảo, Dao, Thớt","Xào tỏi gừng cho thơm rồi cho mực vào đảo săn, Thêm cà chua thơm và hành tây vào xào cùng với chút nước mắm muối đường, Xào lửa lớn 2–3 phút cho thấm vị, Rắc hành lá tiêu rồi thưởng thức",Keto / Low-carb,"Thuần chay (Vegan), Ăn chay (Vegetarian)"
bap-cai-xao-tom,Bắp cải xào tôm,Bắc,main,breakfast,10,30,medium,435,34,12,45,4,596,6,20000,50000,keto,"Tôm, Nước mắm","Mặn, Cay, Thơm",1,1,https://img-global.cpcdn.com/recipes/ab02ad843d28558f/300x426f0.5_0.5_1.0q80/b%E1%BA%AFp-c%E1%BA%A3i-xao-tom-non-recipe-main-photo.webp,"Bắp cải xào tôm là món ăn đơn giản nhưng giàu dinh dưỡng. Bắp cải mềm giòn tự nhiên hòa quyện với vị ngọt của tôm giúp món xào nhẹ bụng, ít calo nhưng nhiều protein và chất xơ. Đây là lựa chọn lý tưởng cho các bữa eat clean hoặc bữa tối nhẹ nhàng.","Bắp cải: 160g, Tôm tươi bóc vỏ: 140g, Hành tây: 40g, Tỏi băm: 5g, Dầu ôliu: 5ml, Nước mắm nhạt: 5ml, Muối: 1g, Tiêu: 1g, Nước lọc: 20ml, Hành lá: 10g","Nồi hấp, Rây","Xào tỏi hành tây cho thơm rồi cho tôm vào đảo chín, Thêm bắp cải và chút nước lọc vào xào mềm, Nêm nước mắm muối tiêu, Xào nhanh lửa lớn 1–2 phút cho thấm rồi thêm hành lá và thưởng thức",Keto / Low-carb,"Thuần chay (Vegan), Ăn chay (Vegetarian)"
dau-co-ve-xao-moc-nhi,Đậu cô ve xào mộc nhĩ,Bắc,main,lunch,10,30,easy,452,17,42,17,6,550,5,30000,45000,eatclean,,"Mặn, Cay, Thơm",1,1,https://img-global.cpcdn.com/recipes/0bc490f183ab5608/300x426f0.468594_0.5_1.0q80/d%E1%BA%ADu-co-ve-xao-m%E1%BB%99c-nhi-recipe-main-photo.webp,"Đậu cô ve xào mộc nhĩ là món chay thanh mát, giàu chất xơ và vitamin. Đậu cô ve giòn nhẹ kết hợp mộc nhĩ dai sần sật giúp món xào vừa ngon miệng vừa tốt cho tiêu hóa. Món ăn ít calo và dễ chế biến, phù hợp cho thực đơn eat clean hoặc bữa chay nhẹ nhàng.","Đậu cô ve: 150g, Mộc nhĩ ngâm nở: 50g, Hành boa rô: 10g, Tỏi băm: 4g, Dầu ôliu: 5ml, Nước tương chay: 6ml, Muối: 1g, Tiêu: 1g, Nước lọc: 20ml","Nồi hấp, Rây","Xào boa rô và tỏi cho thơm rồi cho mộc nhĩ vào đảo đều, Thêm đậu cô ve và chút nước lọc vào xào chín giòn, Nêm nước tương muối tiêu, Xào thêm 1 phút cho thấm rồi tắt bếp và thưởng thức",Cân bằng,
rau-cau-la-dua,Rau câu lá dứa cốt sữa dừa,Trung,main,breakfast,130,70,medium,533,31,9,36,2,537,1,30000,60000,keto,"Nước cốt dừa, Sữa đặc","Ngọt, Mặn, Béo",0,1,https://img-global.cpcdn.com/recipes/1d9176d2b25b3cde/300x426f0.531418_0.510393_1.11166q80/rau-cau-la-d%E1%BB%A9a-c%E1%BB%91t-s%E1%BB%AFa-d%E1%BB%ABa-recipe-main-photo.webp,"Rau câu lá dứa cốt sữa dừa là món tráng miệng mát lạnh, thơm mùi lá dứa tự nhiên và béo nhẹ từ cốt dừa. Món ăn có màu xanh trong đẹp mắt, khi ăn vừa dai nhẹ vừa thơm mát, cực kỳ phù hợp cho ngày nóng hoặc làm món tráng miệng healthy nếu giảm đường hợp lý.","Bột rau câu (agar): 6g, Nước lá dứa ép: 150ml, Nước lọc: 350ml, Đường hoặc đường ăn kiêng: 40g, Cốt dừa: 120ml, Sữa tươi không đường: 50ml, Muối: 1g","Nồi hấp, Rây","Nấu bột rau câu với nước lá dứa và đường đến sôi rồi đổ lớp thứ nhất vào khuôn, Nấu hỗn hợp rau câu còn lại với cốt dừa sữa và muối, Khi lớp đầu hơi se lại thì đổ lớp cốt dừa lên, Để nguội rồi cho vào tủ lạnh 2 giờ và thưởng thức",Keto / Low-carb,"Thuần chay (Vegan), Không sữa"
che-hat-sen-tao-do,Chè hạt sen táo đỏ,Nam,main,lunch,20,40,medium,467,23,50,14,6,322,1,20000,40000,balanced,,"Ngọt, Thơm",0,1,https://img-global.cpcdn.com/recipes/ec577fca07a47cc4/300x426f0.5_0.5_1.0q80/che-h%E1%BA%A1t-sen-tao-d%E1%BB%8F-recipe-main-photo.webp,"Chè hạt sen táo đỏ là món tráng miệng thanh mát, ngọt dịu và tốt cho sức khỏe. Hạt sen bùi mềm, táo đỏ thơm nhẹ cùng nước chè thanh trong giúp bồi bổ cơ thể, an thần và làm mát gan. Đây là món chè thích hợp cho cả người ăn chay và thực đơn eat clean (chỉ cần giảm đường).","Hạt sen tươi hoặc khô: 120g, Táo đỏ: 40g, Kỷ tử: 10g, Đường phèn hoặc đường ăn kiêng: 40g, Nước lọc: 500ml, Gừng lát mỏng: 3g","Nồi, Muỗng, Tô","Nấu hạt sen đến khi mềm rồi cho táo đỏ vào nấu cùng, Thêm kỷ tử và đường phèn, Nấu lửa nhỏ 5 phút cho thấm vị, Tắt bếp và thêm vài lát gừng để dậy mùi rồi thưởng thức nóng hoặc lạnh",Cân bằng,Keto / Low-carb
che-buoi-thot-not,Chè bưởi thốt nốt,Bắc,main,dinner,18,70,medium,320,18,60,7,6,595,6,30000,50000,vegetarian,,"Ngọt, Mặn",1,1,https://img-global.cpcdn.com/recipes/5aac12097119afbc/300x426f0.5_0.485834_1.0q80/che-b%C6%B0%E1%BB%9Fi-th%E1%BB%91t-n%E1%BB%91t-recipe-main-photo.webp,"Chè bưởi thốt nốt là món tráng miệng thanh mát, đặc trưng bởi vị giòn dai của vỏ bưởi, hòa quyện với nước cốt sữa dừa béo nhẹ và vị ngọt thanh tự nhiên từ đường thốt nốt. Món chè vừa thơm vừa mát, rất phù hợp cho ngày nóng hoặc khi cần món tráng miệng dịu nhẹ, ít ngọt.","Vỏ bưởi đã xử lý sạch đắng: 120g, Đường thốt nốt: 60g, Bột năng: 40g, Đậu xanh cà không vỏ nấu mềm: 80g, Nước lọc: 500ml, Lá dứa: 6g, Cốt dừa: 120ml, Muối: 1g, Đường ăn kiêng: 10g","Nồi hấp, Rây","Luộc vỏ bưởi đã áo bột năng cho nở trong, Nấu nước đường thốt nốt với lá dứa rồi cho vỏ bưởi và đậu xanh vào, Khuấy nhẹ đến khi sánh, Nấu cốt dừa riêng với muối và chút đường, Múc chè ra chén chan cốt dừa và thưởng thức",Ăn chay (Vegetarian),Keto / Low-carb
che-san-mochi-bi-do,Chè Sắn Mochi Bí Đỏ,Bắc,main,breakfast,18,36,medium,495,34,3,27,5,223,1,40000,60000,keto,Bột năng/Bột nếp,"Ngọt, Mặn, Béo",1,1,https://img-global.cpcdn.com/recipes/09209d07d4a014bb/300x426cq80/che-s%E1%BA%AFn-mochi-bi-d%E1%BB%8F-recipe-main-photo.webp,"Chè sắn mochi bí đỏ là món tráng miệng mới lạ kết hợp độ dẻo dai của mochi bí đỏ với vị bùi ngọt của sắn (khoai mì). Nước chè thanh dịu nấu với đường thốt nốt hoặc đường phèn tạo hương vị nhẹ nhàng, không quá ngọt. Món chè này vừa đẹp mắt vừa thơm ngon, thích hợp cho cả ăn chay và eat clean khi giảm lượng đường.","Sắn (khoai mì) luộc cắt khúc: 200g, Bí đỏ hấp nghiền: 120g, Bột nếp: 80g, Bột năng: 20g, Đường thốt nốt: 60g, Nước lọc: 1L, Nước cốt dừa: 120ml, Muối: 1g, Lá dứa: 6g","Nồi hấp, Rây","Trộn bí đỏ nghiền với bột nếp và bột năng rồi nặn thành viên mochi, Nấu nước đường thốt nốt với lá dứa rồi cho sắn vào đun mềm, Thả viên mochi vào khi nổi lên thì thêm cốt dừa và muối, Nấu thêm 1 phút rồi tắt bếp và thưởng thức",Keto / Low-carb,
che-dau-xanh-hat-sen,Chè đậu xanh hạt sen,Bắc,main,dinner,20,70,easy,429,27,10,35,8,460,2,20000,40000,keto,,"Ngọt, Mặn",0,1,https://img-global.cpcdn.com/recipes/cc1aeab202f70d96/300x426f0.5_0.500481_1.0q80/che-d%E1%BA%ADu-xanh-h%E1%BA%A1t-sen-recipe-main-photo.webp,"Chè đậu xanh hạt sen là món tráng miệng thanh mát, nhẹ bụng và dễ ăn. Đậu xanh bùi tơi kết hợp cùng hạt sen mềm thơm tạo nên món chè bổ dưỡng, giúp an thần, giải nhiệt và tốt cho tiêu hoá. Món chè phù hợp cho cả ăn chay lẫn eat clean khi dùng ít đường hoặc đường ăn kiêng.","Đậu xanh cà không vỏ: 120g, Hạt sen tươi hoặc khô đã ngâm: 100g, Đường phèn hoặc đường ăn kiêng: 50g, Nước lọc: 1000ml, Lá dứa: 6g, Muối: 1g","Nồi hấp, Rây","Nấu hạt sen đến khi mềm rồi cho đậu xanh vào nấu cùng, Thêm đường phèn và lá dứa, Nấu lửa nhỏ đến khi chè sánh nhẹ, Nêm chút muối để cân vị rồi tắt bếp và thưởng thức nóng hoặc lạnh",Keto / Low-carb,
banh-bong-tuyet,Bánh bông tuyết ,Bắc,main,breakfast,138,35,easy,476,18,45,18,7,348,5,40000,55000,balanced,,"Ngọt, Béo",0,1,https://img-global.cpcdn.com/recipes/714e2d1edfc5cc59/300x426f0.62184_0.5_1.0q80/banh-bong-tuy%E1%BA%BFt-snowflake-cake-recipe-main-photo.webp,"Bánh bông tuyết là món bánh mềm mịn, béo nhẹ với lớp kem sữa ôm lấy nhân bánh dai mềm. Khi cắn vào, bánh tan nhẹ như “bông tuyết”, thơm thanh và không quá ngọt. Phiên bản này được điều chỉnh theo hướng healthy nhẹ bằng cách giảm đường và dùng ít bơ, phù hợp làm món tráng miệng hoặc snack nhẹ nhàng.","Bột nếp rang: 80g, Sữa tươi không đường: 80ml, Kem phô mai (cream cheese): 100g, Whipping cream: 120ml, Đường (hoặc đường ăn kiêng): 30g, Bơ lạt: 15g, Bột bắp: 10g, Vani: 1g","Chảo, Dao, Thớt","Đánh whipping cream với đường cho bông nhẹ rồi trộn với cream cheese và vani, Nấu hỗn hợp sữa bột bắp và bơ đến sánh nguội, Rắc bột nếp rang lên khuôn rồi trải lớp kem và gói lại thành khối, Để lạnh 2 giờ rồi cắt miếng và thưởng thức",Cân bằng,Keto / Low-carb
che-dua-dam-sau-rieng,Chè Dừa Dầm Sầu Riêng,Nam,main,dinner,27,30,easy,375,16,42,11,6,558,2,40000,55000,balanced,"Sữa tươi, Nước cốt dừa","Ngọt, Mặn, Béo",0,1,https://img-global.cpcdn.com/recipes/37d3c6bfd5d10fb6/300x426f0.5_0.522595_1.0q80/che-d%E1%BB%ABa-d%E1%BA%A7m-s%E1%BA%A7u-rieng-recipe-main-photo.webp,"Chè dừa dầm sầu riêng là món tráng miệng béo thơm nổi tiếng, kết hợp vị ngậy của sầu riêng, độ giòn lạnh của thạch dừa và sự mát mịn của sữa dừa. Món chè này có độ béo đặc trưng nhưng vẫn có thể điều chỉnh theo kiểu healthy bằng cách giảm đường hoặc dùng sữa hạt thay sữa đặc.","Cơm sầu riêng: 120g, Nước cốt dừa: 150ml, Sữa tươi không đường: 80ml, Đường thốt nốt hoặc đường ăn kiêng: 40g, Thạch dừa: 80g, Dừa non bào sợi: 50g, Thạch lá dứa: 100g, Đá bào: 100g, Muối: 1g","Chảo chống dính, Muỗng","Pha nước cốt dừa với sữa tươi đường và chút muối rồi đun ấm nhẹ, Cho thạch dừa thạch lá dứa và cơm sầu riêng vào ly, Rưới hỗn hợp cốt dừa lên và thêm dừa non, Thêm đá bào và thưởng thức lạnh",Cân bằng,Keto / Low-carb
che-chuoi-khoai-mi-deo,Chè chuối chưng-khoai mì dẻo,Nam,main,breakfast,28,35,easy,435,10,68,5,5,375,3,30000,60000,vegetarian,,"Ngọt, Mặn, Béo",1,1,https://img-global.cpcdn.com/recipes/5c31374f6b67ca10/300x426f0.5_0.5_1.0q80/che-chu%E1%BB%91i-ch%C6%B0ng-khoai-mi-d%E1%BA%BBo-recipe-main-photo.webp,"Chè chuối chưng khoai mì dẻo là món chè truyền thống thơm béo, kết hợp giữa vị ngọt mềm của chuối xiêm chín và độ dẻo bùi của khoai mì. Nước cốt dừa béo nhẹ, quyện với mùi thơm của lá dứa tạo nên món chè đặc sánh, đậm đà nhưng vẫn có thể điều chỉnh theo kiểu healthy bằng cách giảm lượng đường. Đây là món tráng miệng gây nghiện với hương vị ấm áp, mềm dẻo và cực kỳ dễ ăn.","Chuối xiêm chín: 200g, Khoai mì (đã luộc dẻo): 150g, Nước cốt dừa: 180ml, Nước lọc: 350ml, Đường thốt nốt hoặc đường ăn kiêng: 50g, Bột năng: 15g, Lá dứa: 6g, Muối: 1g, Mè rang: 5g","Chảo chống dính, Muỗng","Nấu nước với lá dứa và đường rồi cho chuối và khoai mì vào, Hòa bột năng với ít nước và cho vào nồi để tạo độ sánh, Thêm nước cốt dừa muối khuấy nhẹ lửa nhỏ, Tắt bếp khi chè sánh vừa và rắc mè rang trước thưởng thức",Ăn chay (Vegetarian),"Keto / Low-carb, Không gluten"
che-hat-sen-trung-mang-keto,Chè đậu xanh nấu sữa đậu,Trung,main,breakfast,23,35,medium,500,31,10,26,4,475,4,20000,35000,keto,"Sữa đậu nành, Sữa tươi","Ngọt, Mặn, Béo",1,1,https://img-global.cpcdn.com/recipes/710ff25cff6c42a6/300x426f0.455319_0.5_1.0q80/che-d%E1%BA%ADu-xanh-n%E1%BA%A5u-s%E1%BB%AFa-d%E1%BA%ADu-recipe-main-photo.webp,"Chè đậu xanh nấu sữa đậu là món tráng miệng nhẹ nhàng, thanh mát và bổ dưỡng. Đậu xanh mềm bùi hòa quyện với sữa đậu nành thơm béo tự nhiên tạo nên món chè không quá ngọt, dễ tiêu và phù hợp cho người ăn chay hoặc Eat Clean. Khi giảm đường, món chè trở nên cực kỳ “healthy” nhưng vẫn giữ được hương vị hài hòa.","Đậu xanh cà không vỏ: 120g, Sữa đậu nành không đường: 300ml, Nước lọc: 300ml, Đường phèn hoặc đường ăn kiêng: 40g, Lá dứa: 6g, Bột năng: 10g, Muối: 1g","Nồi, Muỗng, Tô","Nấu đậu xanh với nước đến khi mềm rồi thêm sữa đậu và lá dứa, Hòa bột năng với ít nước và cho vào nồi để tạo độ sánh, Thêm đường và muối khuấy lửa nhỏ 3 phút, Tắt bếp để nguội nhẹ hoặc ăn lạnh đều ngon",Keto / Low-carb,"Thuần chay (Vegan), Không sữa"
che-chom-chom-hat-chia,Chè chôm chôm táo đỏ hạt chia,Bắc,main,lunch,50,37,easy,373,23,50,14,7,311,5,40000,70000,keto,,"Ngọt, Thơm",1,1,https://img-global.cpcdn.com/recipes/c43cc7ca6a438e71/300x426f0.5_0.5_1.0q80/che-chom-chom-tao-d%E1%BB%8F-h%E1%BA%A1t-chia-recipe-main-photo.webp,"Chè chôm chôm táo đỏ hạt chia là món tráng miệng thanh mát, kết hợp vị giòn ngọt tự nhiên của chôm chôm với táo đỏ thơm bùi và hạt chia bổ dưỡng. Nước chè nhẹ, không quá ngọt và có thể dùng lạnh rất sảng khoái. Đây là món chè phù hợp cho người ăn chay và thực đơn Eat Clean khi giảm đường và tăng lượng hạt chia giàu omega-3.","Chôm chôm tách vỏ bỏ hạt: 180g, Táo đỏ: 40g, Hạt chia: 10g, Đường phèn hoặc đường ăn kiêng: 40g, Nước lọc: 800ml, Lá dứa: 6g, Gừng lát mỏng: 2g","Chảo chống dính, Muỗng","Nấu nước với đường phèn lá dứa và gừng rồi cho táo đỏ vào nấu mềm, Thêm chôm chôm và nấu 2 phút, Tắt bếp rồi rắc hạt chia ngâm sẵn vào, Để nguội hoặc dùng lạnh đều rất ngon",Keto / Low-carb,
banh-trung-khoai-lang,Bánh trứng khoai lang,Trung,main,lunch,18,70,easy,471,15,59,10,7,650,1,30000,50000,balanced,"Trứng, Sữa","Ngọt, Mặn, Béo",1,1,https://img-global.cpcdn.com/recipes/6271a3efd5f3a21c/300x426f0.5_0.448692_1.0q80/banh-tr%E1%BB%A9ng-khoai-lang-sweet-potato-egg-cake-recipe-main-photo.webp,"Bánh trứng khoai lang là món bánh mềm ẩm, ngọt tự nhiên từ khoai lang và thơm béo nhẹ nhờ trứng. Không cần bột mì, không dầu chiên, món bánh phù hợp cho thực đơn eat clean, bữa sáng lành mạnh hoặc snack ít calo. Khi nướng hoặc áp chảo, bánh sẽ có lớp vỏ vàng nhẹ và ruột mềm như custard.","Khoai lang hấp nghiền: 200g, Trứng gà: 100g, Sữa tươi không đường: 40ml, Mật ong hoặc đường ăn kiêng: 15g, Bột quế: 1g, Vani: 1g, Muối: 1g, Dầu ôliu để quét khuôn: 2ml","Chảo chống dính, Muỗng","Trộn khoai lang nghiền với trứng sữa mật ong muối và vani thành hỗn hợp mịn, Quét dầu vào khuôn rồi đổ hỗn hợp vào, Nướng 170°C trong 20–25 phút hoặc áp chảo lửa nhỏ 5–7 phút mỗi mặt, Để hơi nguội rồi cắt miếng và thưởng thức",Cân bằng,"Thuần chay (Vegan), Keto / Low-carb"
rau-cau-cam-sanh-hat-chia,Rau câu cam sành hạt chia,Bắc,main,dinner,48,70,easy,441,13,64,7,4,299,1,30000,50000,vegetarian,,Ngọt,1,1,https://img-global.cpcdn.com/recipes/513b69c8e26751cf/300x426f0.5_0.5_1.0q80/rau-cau-cam-sanh-h%E1%BA%A1t-chia-recipe-main-photo.webp,"Rau câu cam sành hạt chia là món tráng miệng mát lạnh, chua ngọt tự nhiên từ nước cam tươi, kết hợp cùng hạt chia giàu chất xơ và omega-3. Món rau câu này có màu cam trong đẹp mắt, vị thanh nhẹ, không quá ngọt và cực kỳ thích hợp cho người ăn kiêng hoặc Eat Clean.","Nước cam sành vắt tươi: 300ml, Nước lọc: 200ml, Bột rau câu: 6g, Đường hoặc đường ăn kiêng: 35g, Hạt chia: 10g, Mật ong: 5g","Chảo chống dính, Muỗng","Trộn bột rau câu với đường rồi nấu cùng nước lọc đến tan hoàn toàn, Tắt bếp chờ nguội bớt rồi cho nước cam vào khuấy đều, Thêm hạt chia đã ngâm và rót vào khuôn, Để lạnh 2 giờ cho đông rồi thưởng thức",Ăn chay (Vegetarian),
rau-cau-sua-hat,Rau câu sữa hạt,Bắc,main,lunch,10,70,medium,422,15,64,17,5,480,2,20000,40000,balanced,"Sữa hạt, Sữa tươi","Ngọt, Mặn, Béo",1,1,https://img-global.cpcdn.com/recipes/c0658f685b495b0c/300x426cq80/rau-cau-s%E1%BB%AFa-h%E1%BA%A1t-recipe-main-photo.webp,"Rau câu sữa hạt là món tráng miệng thanh mát, béo nhẹ và thơm tự nhiên từ các loại sữa hạt như sữa hạnh nhân, sữa đậu, sữa óc chó. Món rau câu này phù hợp cho người ăn chay, eat clean hoặc hạn chế lactose. Kết cấu mềm mịn hơn rau câu nước, tạo cảm giác tan nhẹ khi ăn rất dễ chịu.","Sữa hạt (hạnh nhân/óc chó/đậu nành không đường): 350ml, Nước lọc: 150ml, Bột rau câu: 5g, Đường ăn kiêng hoặc đường thốt nốt: 30g, Vani: 1g, Muối: 1g","Nồi hấp, Rây","Trộn bột rau câu và đường rồi nấu với nước lọc đến tan hết, Cho sữa hạt và muối vào nấu lửa nhỏ không để sôi mạnh, Thêm vani rồi rót vào khuôn, Để nguội và làm lạnh 2 giờ trước khi thưởng thức",Cân bằng,"Thuần chay (Vegan), Không sữa"
che-do-den,Chè đỗ đen,Bắc,main,lunch,20,70,medium,494,25,3,45,3,225,4,40000,55000,keto,,"Ngọt, Mặn",1,1,https://img-global.cpcdn.com/recipes/540421e05f0cad8a/300x426cq80/che-d%E1%BB%97-den-recipe-main-photo.webp,"Chè đỗ đen là món chè truyền thống thanh mát, có vị ngọt dịu và hạt đỗ đen bùi mềm đặc trưng. Khi nấu đúng cách, hạt đỗ mềm nhưng vẫn giữ nguyên vỏ, nước chè trong nhẹ và thơm tự nhiên. Đây là món chè vừa bổ dưỡng, dễ tiêu, có thể điều chỉnh giảm đường để phù hợp thực đơn Eat Clean.","Đỗ đen: 150g, Nước lọc: 900ml, Đường phèn hoặc đường ăn kiêng: 50g, Lá dứa: 6g, Muối: 1g","Chảo, Dao, Thớt","Ngâm đỗ đen 4 giờ rồi nấu đến khi mềm, Thêm đường phèn và lá dứa nấu lửa nhỏ cho ngấm vị, Nêm chút muối để dậy vị, Tắt bếp và dùng nóng hoặc lạnh đều ngon",Keto / Low-carb,
che-hat-sen-khoai-lang,Chè hạt sen khoai lang,Trung,main,breakfast,10,70,easy,389,18,51,12,3,491,3,30000,60000,vegetarian,Khoai lang,"Ngọt, Mặn",0,1,https://img-global.cpcdn.com/recipes/236200959f553747/300x426cq80/che-h%E1%BA%A1t-sen-khoai-lang-recipe-main-photo.webp,"Chè hạt sen khoai lang là món tráng miệng nhẹ nhàng, thanh mát và giàu dinh dưỡng. Hạt sen mềm bùi hòa quyện với khoai lang ngọt tự nhiên tạo nên món chè vừa thơm vừa an thần, tốt cho hệ tiêu hoá và rất phù hợp cho người ăn chay hoặc Eat Clean (giảm đường). Nước chè trong, không quá ngọt, mang hương vị ấm áp của khoai và vị thanh của hạt sen.","Hạt sen tươi hoặc khô ngâm mềm: 120g, Khoai lang vàng/nhật: 180g, Đường phèn hoặc đường ăn kiêng: 50g, Nước lọc: 900ml, Lá dứa: 6g, Muối: 1g","Chảo, Dao, Thớt","Nấu hạt sen với nước đến khi mềm, Thêm khoai lang cắt miếng và lá dứa vào nấu đến khi chín, Cho đường phèn và muối vào nấu lửa nhỏ 3 phút cho thấm, Tắt bếp và dùng nóng hoặc lạnh đều ngon",Ăn chay (Vegetarian),Keto / Low-carb
che-bap-duong-thot-not,Chè bắp đường thốt nốt cốt dừa,Nam,main,lunch,18,70,easy,583,29,4,34,2,657,4,40000,70000,keto,,"Ngọt, Mặn, Béo",0,1,https://img-global.cpcdn.com/recipes/00c70c156938b4d2/300x426cq80/che-b%E1%BA%AFp-d%C6%B0%E1%BB%9Dng-th%E1%BB%91t-n%E1%BB%91t-c%E1%BB%91t-d%E1%BB%ABa-recipe-main-photo.webp,"Chè bắp đường thốt nốt cốt dừa là món chè thơm ngọt dịu, nổi bật hương bắp tươi và vị caramel nhẹ của đường thốt nốt. Nước cốt dừa béo nhưng không ngấy giúp món chè thêm mượt và hài hòa. Đây là món tráng miệng truyền thống miền Tây, dễ ăn, dễ nấu và có thể điều chỉnh để trở thành phiên bản Eat Clean khi giảm đường.","Bắp hạt tươi: 180g, Nước lọc: 900ml, Đường thốt nốt: 60g, Bột năng: 12g, Lá dứa: 6g, Nước cốt dừa: 150ml, Đường ăn kiêng: 5g, Muối: 1g","Chảo chống dính, Muỗng","Nấu bắp với nước và lá dứa đến khi mềm, Thêm đường thốt nốt rồi cho bột năng hòa nước vào khuấy đến khi sánh nhẹ, Nấu riêng nước cốt dừa với chút muối, Múc chè ra chén chan cốt dừa lên và thưởng thức",Keto / Low-carb,
che-com-hat-sen,Chè Cốm Hạt Sen,Bắc,main,lunch,12,70,easy,573,35,5,33,4,573,5,20000,50000,keto,,"Ngọt, Mặn",1,1,https://img-global.cpcdn.com/recipes/e4e52d1c326c1520/300x426f0.5_0.50125_1.0q80/che-c%E1%BB%91m-h%E1%BA%A1t-sen-recipe-main-photo.webp,"Chè cốm hạt sen là món chè thanh tao với mùi cốm thơm nhẹ quyện cùng vị bùi của hạt sen. Khi nấu đúng cách, cốm giữ được độ mềm dẻo đặc trưng mà không bị nát, nước chè xanh trong dịu mát. Đây là món tráng miệng nhẹ nhàng, bổ dưỡng, thích hợp cho cả ăn chay và Eat Clean khi dùng ít đường.","Cốm tươi hoặc cốm khô: 120g, Hạt sen tươi hoặc khô ngâm mềm: 100g, Đường phèn hoặc đường ăn kiêng: 45g, Nước lọc: 800ml, Lá dứa: 6g, Muối: 1g","Chảo, Dao, Thớt","Nấu hạt sen với nước đến khi mềm, Thêm cốm và lá dứa vào nấu lửa nhỏ để cốm nở đều, Cho đường phèn và muối vào khuấy nhẹ 2 phút, Tắt bếp để nguội hoặc dùng lạnh đều rất ngon",Keto / Low-carb,
che-duong-nhan,Chè dưỡng nhan,Nam,main,dinner,20,38,medium,332,8,46,7,5,481,4,40000,55000,vegetarian,,"Ngọt, Thơm",1,1,https://img-global.cpcdn.com/recipes/7be371f22f042d2f/300x426f0.5_0.56875_1.0q80/che-d%C6%B0%E1%BB%A1ng-nhan-recipe-main-photo.webp,"Chè dưỡng nhan là món chè nổi tiếng nhờ công dụng thanh nhiệt, đẹp da và bổ sung collagen thực vật. Thành phần gồm tuyết yến, nhựa đào, kỷ tử, long nhãn… tạo vị thanh mát, nhẹ ngọt tự nhiên. Đây là món chè ăn lạnh rất ngon, phù hợp cho người ăn chay và thực đơn lành mạnh. Khi dùng điều độ, món chè giúp hỗ trợ ngủ ngon, làm mát cơ thể và dưỡng da từ bên trong.","Tuyết yến ngâm nở: 20g, Nhựa đào ngâm nở: 25g, Hạt sen tươi hoặc khô ngâm: 60g, Táo đỏ: 30g, Long nhãn: 40g, Kỷ tử: 10g, Đường phèn hoặc đường ăn kiêng: 45g, Nước lọc: 1000ml, Gừng lát: 2g","Chảo, Dao, Thớt","Nấu hạt sen chín mềm rồi thêm táo đỏ long nhãn và đường phèn vào, Cho nhựa đào tuyết yến và kỷ tử vào nấu lửa nhỏ 3 phút, Thêm gừng lát cho dậy hương rồi tắt bếp, Để nguội và dùng lạnh để ngon nhất",Ăn chay (Vegetarian),Keto / Low-carb
pudding-bo-sua-dua-hat-chia,Pudding Bơ Sữa Dừa Hạt Chia,Trung,main,lunch,58,70,easy,453,23,10,37,3,411,3,20000,50000,keto,"Sữa tươi, Nước cốt dừa","Ngọt, Mặn, Béo",1,1,https://img-global.cpcdn.com/recipes/e6094b85cee068d6/300x426f0.5_0.539644_1.0q80/pudding-b%C6%A1-s%E1%BB%AFa-d%E1%BB%ABa-h%E1%BA%A1t-chia-recipe-main-photo.webp,"Pudding bơ sữa dừa hạt chia là món tráng miệng mềm mịn, thơm vị bơ chín và béo nhẹ từ sữa dừa. Hạt chia giúp pudding thêm kết cấu thú vị, đồng thời tăng giá trị dinh dưỡng nhờ chất xơ và omega-3. Món pudding này phù hợp cho thực đơn Eat Clean vì dùng ít đường, chất béo lành mạnh từ bơ và hoàn toàn không cần tinh bột nhiều.","Bơ chín: 120g, Sữa dừa: 120ml, Sữa tươi không đường: 80ml, Mật ong hoặc đường ăn kiêng: 15g, Hạt chia: 10g, Gelatin lá hoặc bột: 6g, Nước lọc: 20ml, Vani: 1g, Muối: 1g","Nồi hấp, Rây","Ngâm gelatin với nước rồi đun tan, Xay bơ cùng sữa dừa sữa tươi mật ong vani và muối, Trộn gelatin tan vào hỗn hợp rồi thêm hạt chia, Rót vào khuôn để lạnh 3 giờ đến khi đông mịn và thưởng thức",Keto / Low-carb,"Thuần chay (Vegan), Không sữa"
snack-rong-bien-thanh-cua,Snack rong biển thanh cua,Nam,main,lunch,26,30,medium,375,20,64,15,2,294,1,20000,50000,eatclean,"Thanh cua (Cá), Bột trứng","Ngọt, Cay, Đậm đà",0,1,https://monngonmoingay.com/wp-content/uploads/2025/08/SNACK-RONG-BIEN-THANH-CUA-1-1024x584.png,"Snack rong biển thanh cua là món ăn vặt cực kỳ dễ làm, giòn nhẹ và thơm đặc trưng. Lớp rong biển mỏng kết hợp cùng thanh cua xé sợi tạo vị ngọt tự nhiên, được nướng hoặc chiên ít dầu giúp món snack trở nên “healthy” hơn so với phiên bản chiên ngập dầu. Đây là món ăn vặt lý tưởng cho người thích đồ giòn nhưng muốn giữ dáng.","Rong biển tấm: 12g, Thanh cua xé sợi: 80g, Sốt mayonnaise hoặc sốt mè rang: 20g, Mật ong: 5g, Bột ớt paprika: 2g, Mè trắng: 5g, Dầu ôliu: 5ml","Nồi hấp, Rây","Trộn thanh cua với sốt mayo mật ong và paprika, Phết hỗn hợp lên rong biển rồi rắc mè, Nướng 150°C trong 10–12 phút hoặc áp chảo không dầu đến khi giòn, Để nguội và cắt miếng nhỏ để thưởng thức",Cân bằng,"Thuần chay (Vegan), Ăn chay (Vegetarian)"
canh-ca-khoai-la-giang,Canh cá khoai lá giang,Trung,main,lunch,10,70,easy,295,15,68,5,8,333,1,30000,50000,vegetarian,"Cá khoai, Nước mắm","Ngọt, Mặn, Cay, Thơm",0,1,https://monngonmoingay.com/wp-content/uploads/2025/09/Canh-ca%CC%81-khoai-la%CC%81-giang-1.png,"Canh cá khoai lá giang là món canh chua thanh nhẹ, đặc trưng bởi vị mềm tan của cá khoai và vị chua dịu tự nhiên từ lá giang. Món canh này vừa dễ ăn, dễ tiêu, lại giàu đạm và ít béo. Đặc biệt, cá khoai có thịt mềm, không tanh, cực hợp khi nấu canh chua kiểu miền Trung.","Cá khoai: 250g, Lá giang: 40g, Cà chua: 80g, Hành tím: 10g, Tỏi băm: 5g, Dầu ăn: 5ml, Nước lọc: 900ml, Nước mắm: 7ml, Muối: 2g, Đường: 3g, Ớt: 5g, Hành lá: 10g, Rau ngò: 10g","Nồi, Muỗng, Tô","Phi thơm hành tỏi rồi cho cà chua vào xào mềm, Thêm nước lọc và lá giang nấu sôi, Cho cá khoai vào nêm nước mắm muối đường, Nấu nhỏ lửa 2–3 phút rồi thêm hành lá ngò ớt và thưởng thức nóng",Ăn chay (Vegetarian),Thuần chay (Vegan)
canh-sung-ca-dua,Canh súng cá dứa,Nam,main,dinner,10,70,medium,509,34,10,40,4,402,6,40000,70000,keto,"Cá dứa, Nước mắm","Ngọt, Mặn, Chua, Cay, Thơm",1,1,https://monngonmoingay.com/wp-content/uploads/2025/07/Canh-bong-sung-ca-dua-Vung-tau.png,"Canh súng cá dứa là món đặc sản đậm chất biển của Vũng Tàu. Cá dứa có thịt dai mềm, thơm nhẹ và không tanh, khi nấu cùng ngó súng giòn mát tạo nên món canh thanh chua dịu, siêu bắt cơm. Vị chua tự nhiên từ me hoặc dứa giúp nước canh trong, ngọt hậu, mang đúng phong vị miền biển Nam Bộ.","Cá dứa tươi: 250g, Ngó súng: 150g, Dứa: 80g, Cà chua: 80g, Hành tím: 10g, Tỏi băm: 5g, Me chua: 15g, Nước mắm: 7ml, Muối: 2g, Đường: 3g, Nước lọc: 1000ml, Rau om: 10g, Ngò gai: 10g, Ớt: 5g","Nồi, Muỗng, Tô","Phi thơm hành tỏi rồi xào cà chua cho mềm, Thêm nước lọc và me dứa vào nấu sôi, Cho cá dứa vào nêm nước mắm muối đường, Khi cá chín cho ngó súng vào nấu thêm 1–2 phút, Rắc rau om ngò gai ớt rồi thưởng thức nóng",Keto / Low-carb,"Thuần chay (Vegan), Ăn chay (Vegetarian)"
canh-bau-mung-toi,Canh bầu mùng tơi,Nam,main,breakfast,10,48,easy,339,9,55,12,5,646,3,40000,60000,vegetarian,"Tôm khô/Cua (nếu có), Trứng (nếu nấu cua trứng)","Ngọt, Mặn, Cay, Thơm",0,1,https://monngonmoingay.com/wp-content/uploads/2024/11/Canh-bau-mong-toi.png,"Canh bầu mùng tơi nấu với trứng lộn là món canh giàu dưỡng chất, có vị ngọt thanh từ bầu, vị mát của mùng tơi và độ béo thơm đặc trưng của trứng lộn. Món ăn này vừa bổ, vừa lạ miệng, phù hợp làm món canh nóng ăn kèm cơm, đặc biệt thích hợp cho những bữa ăn cần tăng năng lượng nhưng vẫn thanh nhẹ.","Bầu: 200g, Rau mùng tơi: 80g, Trứng lộn: 200g, Hành tím: 8g, Tỏi băm: 4g, Nước lọc: 900ml, Nước mắm: 6ml, Muối: 2g, Đường: 2g, Tiêu: 1g, Rau ngò om hoặc ngò gai: 10g","Chảo chống dính, Muỗng","Phi thơm hành tỏi rồi cho bầu vào xào sơ, Thêm nước lọc vào nấu sôi rồi cho trứng lộn vào nêm muối nước mắm đường, Khi bầu mềm cho rau mùng tơi vào, Nấu 1 phút rồi tắt bếp rắc tiêu và rau thơm và thưởng thức",Ăn chay (Vegetarian),
canh-rau-diep-nau-nam,Canh rau diếp nấu nấm,Nam,main,lunch,10,48,easy,313,12,53,5,8,607,1,20000,50000,vegetarian,Nấm,"Mặn, Cay, Thơm, Đậm đà",0,1,https://img-global.cpcdn.com/recipes/485497af9ae8566e/300x426cq80/canh-rau-di%E1%BA%BFp-n%E1%BA%A5u-n%E1%BA%A5m-mon-chay-recipe-main-photo.webp,"Canh rau diếp nấu nấm là món canh chay thanh đạm, nước trong ngọt nhẹ từ nấm và vị mát tự nhiên của rau diếp. Món ăn rất dễ tiêu, phù hợp cho những ngày muốn ăn nhẹ, ăn thanh hoặc thêm vào thực đơn Eat Clean. Nấm giúp tăng vị ngọt tự nhiên mà không cần nhiều gia vị.","Rau diếp: 150g, Nấm hương tươi hoặc nấm đùi gà: 100g, Hành boa rô: 10g, Gừng lát: 2g, Muối: 2g, Nước tương chay: 4ml, Nước lọc: 900ml, Tiêu: 1g","Nồi hấp, Rây","Phi thơm boa rô rồi cho nấm vào xào nhẹ, Thêm nước lọc gừng muối và nước tương nấu sôi, Cho rau diếp vào nấu 1 phút đến khi vừa chín, Nêm lại và rắc tiêu rồi thưởng thức",Ăn chay (Vegetarian),
canh-chua-chay,Canh chua chay,Trung,main,lunch,10,40,easy,319,9,66,5,2,212,6,40000,70000,vegetarian,"Cá, Nước mắm","Ngọt, Mặn, Chua, Cay, Đậm đà",0,1,https://img-global.cpcdn.com/recipes/9b9d7abdd01f50a5/300x426f0.5_0.5_1.0q80/canh-chua-chay-recipe-main-photo.webp,"Canh chua chay là món canh thanh mát, có vị chua nhẹ tự nhiên từ thơm và cà chua, ngọt dịu từ nấm và đậu bắp. Món ăn dễ nấu, dễ ăn, phù hợp cho những ngày muốn thanh lọc cơ thể hoặc thêm vào thực đơn chay lành mạnh. Nấu đúng cách, nước canh trong, thơm và đậm hương rau củ.","Thơm (dứa): 80g, Cà chua: 100g, Đậu bắp: 60g, Bạc hà (dọc mùng): 60g, Nấm đùi gà hoặc nấm hương tươi: 100g, Me chua: 10g, Nước tương chay: 5ml, Muối: 2g, Đường: 3g, Nước lọc: 1000ml, Rau om: 10g, Ngò gai: 10g, Ớt: 5g","Nồi hấp, Rây","Xào cà chua với thơm rồi đổ nước lọc vào nấu sôi cùng me, Cho nấm đậu bắp bạc hà vào nêm muối đường nước tương, Nấu 2–3 phút rồi rắc rau om ngò gai và ớt trước khi thưởng thức",Ăn chay (Vegetarian),
canh-mang-chay,Canh măng chay,Bắc,main,breakfast,10,52,easy,306,14,51,6,4,244,2,30000,50000,vegetarian,"Gà, Nước mắm","Mặn, Cay, Thơm, Đậm đà",0,1,https://img-global.cpcdn.com/recipes/772edcf746f9cf12/300x426cq80/canh-mang-chay-recipe-main-photo.webp,"Canh măng chay là món canh nhẹ nhàng, thanh mát với vị giòn tự nhiên của măng cùng hương thơm dịu của nấm và rau củ. Đây là món chay quen thuộc trong các bữa cơm thanh tịnh, dễ ăn và dễ tiêu. Khi nấu đúng cách, nước canh trong, ngọt tự nhiên, không bị đắng hay chua từ măng.","Măng tươi hoặc măng non luộc sẵn: 150g, Nấm hương tươi hoặc nấm đùi gà: 100g, Cà rốt: 50g, Đậu hũ non: 120g, Hành boa rô: 10g, Muối: 2g, Hạt nêm chay: 4g, Nước tương chay: 4ml, Nước lọc: 1000ml, Rau mùi: 10g, Tiêu: 1g","Chảo chống dính, Muỗng","Xào thơm boa rô rồi cho măng và nấm vào đảo nhẹ, Thêm nước lọc và cà rốt vào nấu sôi, Cho đậu hũ và nêm muối hạt nêm nước tương, Nấu 2–3 phút rồi thêm rau mùi tiêu và thưởng thức",Ăn chay (Vegetarian),
canh-chua-ca-loc,Canh chua cá lóc đậu tương,Nam,main,dinner,10,70,medium,431,24,54,11,7,415,5,30000,60000,balanced,"Cá lóc, Tương hột/Mẻ","Ngọt, Mặn, Chua, Cay, Thơm",1,1,https://monngonmoingay.com/wp-content/uploads/2024/03/canh-chua-ca-loc-dau-tuong.jpg,"Canh chua cá lóc đậu tương là phiên bản biến tấu độc đáo từ món canh chua truyền thống. Nước dùng chua nhẹ hài hòa từ cà chua và me, kết hợp vị béo bùi của đậu tương và thịt cá lóc ngọt chắc tạo nên món canh thơm, giàu protein và rất đưa cơm. Đậu tương giúp nước canh trở nên đậm đà, lạ miệng nhưng vẫn thanh nhẹ, phù hợp cho bữa ăn gia đình.","Cá lóc phi lê: 250g, Đậu tương (đậu nành) nấu chín: 80g, Cà chua: 100g, Dứa: 60g, Đậu bắp: 60g, Bạc hà (dọc mùng): 50g, Me chua: 15g, Hành tím: 8g, Tỏi băm: 4g, Nước mắm: 7ml, Muối: 2g, Đường: 3g, Nước lọc: 1000ml, Rau ngò gai: 10g, Rau om: 10g, Ớt: 5g","Nồi hấp, Rây","Phi hành tỏi rồi xào cà chua cho mềm, Thêm nước lọc me dứa vào nấu sôi rồi nêm muối nước mắm đường, Cho cá lóc và đậu tương vào nấu 3–4 phút, Thêm đậu bắp bạc hà nấu thêm 1 phút, Rắc rau om ngò gai và ớt rồi thưởng thức",Cân bằng,"Thuần chay (Vegan), Ăn chay (Vegetarian)"
canh-cua-rau-day,Canh cua rau đay,Bắc,main,dinner,10,30,easy,371,23,54,11,2,658,5,30000,50000,eatclean,"Cua đồng, Mắm tôm","Mặn, Thơm",1,1,https://monngonmoingay.com/wp-content/uploads/2025/01/19.-CANH-CUA-RAU-DAY.png,"Canh cua rau đay là món canh dân dã nổi tiếng, có vị ngọt tự nhiên từ gạch cua, vị mát của rau đay kết hợp cùng mướp làm nước canh thơm dịu, dễ ăn. Món canh vừa thanh nhiệt, vừa giàu dinh dưỡng, thích hợp cho ngày nóng hoặc khi muốn ăn nhẹ mà vẫn đủ chất.","Cua đồng xay lọc lấy nước: 400ml nước cua, Rau đay: 80g, Mướp hương: 120g, Mồng tơi: 50g, Hành tím: 6g, Muối: 2g, Nước mắm: 5ml, Nước lọc thêm: 300ml","Nồi hấp, Rây","Khuấy nước cua lọc cho gạch nổi rồi đun lửa nhỏ đến khi đóng gạch, Thêm mướp rau đay vào nêm muối và nước mắm, Nấu 2 phút đến khi rau chín mềm thì tắt bếp và thưởng thức nóng",Cân bằng,"Thuần chay (Vegan), Ăn chay (Vegetarian)"
canh-bi-do-chay,Canh bí đỏ chay,Trung,main,lunch,10,50,easy,322,14,40,11,6,352,6,20000,35000,vegetarian,"Đậu hũ, Nước tương","Ngọt, Mặn, Cay, Thơm, Đậm đà",1,1,https://img-global.cpcdn.com/recipes/0548385db7dbcc65/300x426cq80/canh-bi-d%E1%BB%8F-chay-recipe-main-photo.webp,"Canh bí đỏ chay là món canh mềm ngọt tự nhiên, rất giàu vitamin A và chất xơ. Bí đỏ khi nấu chín tạo độ sánh nhẹ, hòa quyện với vị ngọt thanh của nấm giúp món canh trở nên ấm áp nhưng vẫn nhẹ bụng. Món này thích hợp cho người ăn chay và thực đơn Eat Clean, đặc biệt vào buổi tối.","Bí đỏ: 200g, Nấm hương tươi hoặc nấm kim châm: 80g, Đậu hũ non: 100g, Hành boa rô: 10g, Muối: 2g, Hạt nêm chay: 4g, Đường ăn kiêng: 2g, Nước lọc: 900ml, Tiêu: 1g, Rau mùi: 10g","Nồi hấp, Rây","Xào thơm boa rô rồi cho bí đỏ vào đảo nhẹ, Thêm nước lọc vào nấu đến khi bí mềm, Cho nấm và đậu hũ vào nêm muối hạt nêm đường, Nấu thêm 1–2 phút rồi rắc rau mùi tiêu và thưởng thức",Ăn chay (Vegetarian),
canh-cai-thao-dau-hu-non,Canh cải thảo nấu đậu hũ non,Trung,main,dinner,15,38,easy,419,15,44,13,3,275,1,20000,35000,eatclean,Đậu hũ non,"Mặn, Cay, Thơm, Đậm đà",1,1,https://img-global.cpcdn.com/recipes/e54807970b102330/300x426cq80/canh-c%E1%BA%A3i-th%E1%BA%A3o-n%E1%BA%A5u-d%E1%BA%ADu-hu-non-chay-recipe-main-photo.webp,"Canh cải thảo nấu đậu hũ non là món canh thanh đạm, dễ ăn và rất mát. Cải thảo mềm ngọt, đậu hũ non béo nhẹ tạo cảm giác dịu dàng, không ngấy. Nước canh trong, ngọt tự nhiên từ rau củ, đặc biệt phù hợp cho người ăn chay hoặc bữa tối Eat Clean nhẹ bụng.","Cải thảo: 180g, Đậu hũ non: 150g, Nấm hương tươi hoặc nấm kim châm: 80g, Hành boa rô: 10g, Gừng lát: 2g, Muối: 2g, Hạt nêm chay: 4g, Nước tương chay: 4ml, Nước lọc: 900ml, Tiêu: 1g","Chảo, Dao, Thớt","Phi boa rô cho thơm rồi cho nấm vào đảo nhẹ, Thêm nước lọc và gừng nấu sôi, Cho cải thảo và đậu hũ non vào nêm muối hạt nêm nước tương, Nấu 1–2 phút rồi rắc tiêu và thưởng thức",Cân bằng,
canh-nam-dong-co-nam-rom-gung-non,"Canh Nấm Rơm, Nấm Đông Cô Gừng Non",Trung,main,lunch,10,50,medium,585,20,8,40,5,241,4,40000,60000,keto,Nấm,"Mặn, Cay, Thơm, Đậm đà",1,1,https://img-global.cpcdn.com/recipes/2aeee4acfc4df433/300x426f0.5_0.534054_1.0q80/canh-n%E1%BA%A5m-r%C6%A1m-n%E1%BA%A5m-dong-co-g%E1%BB%ABng-non-chay-recipe-main-photo.webp,"Canh nấm rơm nấm đông cô gừng non là món canh chay thanh khiết nhưng đậm hương vị. Nấm rơm thơm ngọt, nấm đông cô dai nhẹ kết hợp với gừng non ấm nồng giúp món canh vừa mát ruột vừa tốt cho tiêu hóa. Đây là món canh lý tưởng cho những ngày thời tiết se lạnh hoặc khi cần bữa ăn nhẹ nhàng, ít dầu mỡ.","Nấm rơm: 150g, Nấm đông cô tươi hoặc khô ngâm mềm: 100g, Gừng non thái lát: 6g, Hành boa rô: 10g, Muối: 2g, Hạt nêm chay: 4g, Nước tương chay: 4ml, Nước lọc: 900ml, Rau mùi: 10g, Tiêu: 1g","Chảo chống dính, Muỗng","Xào thơm boa rô rồi cho nấm rơm và nấm đông cô vào đảo nhẹ, Thêm nước lọc và gừng non vào nấu sôi, Nêm muối hạt nêm nước tương, Nấu 3 phút rồi rắc rau mùi tiêu và thưởng thức nóng",Keto / Low-carb,
canh-muop-huong-tom-rim-tao-do,Canh Mướp Hương Nấu Tôm Rim Táo Đỏ,Nam,main,breakfast,10,70,easy,544,15,55,14,8,436,1,20000,35000,balanced,"Tôm, Nước mắm","Ngọt, Mặn, Cay, Thơm",0,1,https://img-global.cpcdn.com/recipes/09d19b8e2289d975/300x426cq80/sp1017-canh-m%C6%B0%E1%BB%9Bp-h%C6%B0%C6%A1ng-n%E1%BA%A5u-tom-rim-tao-d%E1%BB%8F-recipe-main-photo.webp,"Canh mướp hương nấu tôm rim táo đỏ là món canh độc đáo với sự kết hợp giữa vị ngọt thanh mát của mướp, tôm rim đậm đà và độ ngọt nhẹ, thơm bùi từ táo đỏ. Món canh mang lại cảm giác vừa lạ miệng vừa bổ dưỡng — tôm cho protein, mướp giúp thanh nhiệt, táo đỏ hỗ trợ an thần và tăng vị ngọt tự nhiên.","Mướp hương: 200g, Tôm tươi bóc vỏ: 120g, Táo đỏ: 20g, Hành tím: 8g, Tỏi băm: 4g, Nước mắm: 6ml, Muối: 2g, Đường: 2g, Nước lọc: 900ml, Hành lá: 10g, Tiêu: 1g, Dầu ăn: 4ml","Nồi hấp, Rây","Rim tôm với tỏi hành và chút nước mắm đường cho thấm, Đun nước lọc với táo đỏ đến khi mềm rồi cho mướp vào, Thêm tôm rim nêm muối nước mắm nhẹ, Nấu 1–2 phút rồi thêm hành lá tiêu và thưởng thức",Cân bằng,"Thuần chay (Vegan), Ăn chay (Vegetarian)"
canh-chua-dau-ca-hoi,Canh chua đầu cá hồi,Trung,main,breakfast,10,70,medium,451,20,40,15,4,360,3,20000,40000,balanced,"Đầu cá hồi, Nước mắm","Ngọt, Mặn, Chua, Cay, Thơm",0,1,https://monngonmoingay.com/wp-content/uploads/2022/07/canh-chua-dau-ca-hoi-880.jpg,"Canh chua đầu cá hồi là món canh thanh mát nhưng giàu dinh dưỡng với vị béo nhẹ đặc trưng từ cá hồi. Nước canh chua dịu từ me và thơm tự nhiên từ cà chua, dứa giúp trung hòa độ béo, tạo nên món ăn hài hòa, dễ ăn và rất đưa cơm. Đây là món canh lý tưởng cho cả ngày nóng và ngày se lạnh.","Đầu cá hồi: 350g, Cà chua: 100g, Dứa: 80g, Đậu bắp: 60g, Bạc hà (dọc mùng): 60g, Giá đỗ: 50g, Me chua: 15g, Hành tím: 8g, Tỏi băm: 5g, Nước mắm: 8ml, Muối: 2g, Đường: 3g, Nước lọc: 1000ml, Rau om: 10g, Ngò gai: 10g, Ớt: 5g","Chảo, Dao, Thớt","Phi hành tỏi rồi xào cà chua cho mềm, Thêm nước lọc và me vào nấu sôi, Cho đầu cá hồi vào nêm muối nước mắm đường, Thêm dứa đậu bắp bạc hà giá đỗ nấu 2–3 phút, Rắc rau om ngò gai và ớt rồi thưởng thức nóng",Cân bằng,"Thuần chay (Vegan), Ăn chay (Vegetarian)"
canh-ca-bong-mu,Canh cá bống mú,Nam,main,breakfast,10,70,easy,332,10,66,10,5,587,6,30000,45000,balanced,"Cá bống mú, Nước mắm","Ngọt, Mặn, Cay, Thơm",1,1,https://monngonmoingay.com/wp-content/uploads/2020/12/canh-ca-bong-mu-880.webp,"Canh cá bống mú là món canh biển thanh ngọt tự nhiên, nổi bật với thịt cá dai ngọt, không tanh và giàu dinh dưỡng. Khi nấu cùng cà chua, gừng và ít rau thơm, nước canh trong, ngọt hậu và rất “đưa cơm”. Đây là món canh thích hợp cho bữa ăn nhẹ, tốt cho sức khỏe và dễ tiêu.","Cá bống mú: 300g, Cà chua: 100g, Hành tím: 8g, Gừng lát: 4g, Dứa: 60g, Nước mắm: 6ml, Muối: 2g, Đường: 2g, Nước lọc: 1000ml, Rau ngò gai: 10g, Rau om: 10g, Tiêu: 1g, Ớt: 5g","Nồi hấp, Rây","Phi hành với gừng rồi xào cà chua cho mềm, Thêm nước lọc và dứa vào nấu sôi rồi nêm muối nước mắm đường, Cho cá bống mú vào nấu 5–7 phút, Thêm rau om ngò gai và ớt, Nêm lại và thưởng thức nóng",Cân bằng,"Thuần chay (Vegan), Ăn chay (Vegetarian)"
canh-cu-sen-rong-bien,Canh củ sen rong biển,Nam,main,lunch,10,49,medium,511,19,63,18,8,332,1,40000,55000,vegetarian,Rong biển,"Mặn, Cay, Thơm, Đậm đà",1,1,https://monngonmoingay.com/wp-content/uploads/2021/02/canh-cu-sen-rong-bien-880.webp,"Canh củ sen rong biển là món canh chay thanh mát, mang vị ngọt tự nhiên của củ sen kết hợp cùng rong biển giàu khoáng chất. Nước canh trong, dịu nhẹ, giúp thanh lọc cơ thể và hỗ trợ an thần. Đây là món ăn lý tưởng cho bữa chay nhẹ hoặc thực đơn Eat Clean nhờ ít calo nhưng vẫn giàu dinh dưỡng.","Củ sen thái lát: 150g, Rong biển khô ngâm mềm: 20g, Cà rốt: 60g, Nấm rơm hoặc nấm hương tươi: 80g, Hành boa rô: 10g, Muối: 2g, Hạt nêm chay: 4g, Gừng lát: 3g, Nước lọc: 1000ml, Tiêu: 1g, Rau mùi: 10g","Nồi, Muỗng, Tô","Xào nhẹ boa rô rồi cho củ sen cà rốt gừng vào đảo, Thêm nước lọc nấu đến khi củ sen mềm, Cho nấm và rong biển vào nêm muối hạt nêm, Nấu 2 phút rồi rắc tiêu rau mùi và thưởng thức",Ăn chay (Vegetarian),
canh-suon-bi-do-rong-bien,Canh sườn bí đỏ rong biển,Trung,main,breakfast,10,70,easy,588,33,10,30,6,534,4,30000,50000,keto,"Sườn heo, Nước mắm","Ngọt, Mặn, Cay, Thơm, Đậm đà",0,1,https://monngonmoingay.com/wp-content/uploads/2020/05/canh-suon-bi-do-rong-bien.webp,"Canh sườn bí đỏ rong biển là món canh thanh ngọt, kết hợp độ béo mềm của bí đỏ với vị ngọt xương của sườn và khoáng chất tự nhiên từ rong biển. Món canh này vừa giàu vitamin A, vừa giàu collagen tự nhiên từ xương sườn, lại tốt cho tiêu hoá và giúp thanh lọc cơ thể. Hương vị ngọt dịu, dễ ăn, phù hợp cho cả trẻ nhỏ lẫn người lớn.","Sườn non heo: 250g, Bí đỏ: 200g, Rong biển khô ngâm mềm: 15g, Cà rốt: 60g, Hành tím: 8g, Muối: 2g, Nước mắm: 5ml, Đường: 2g, Gừng lát: 3g, Nước lọc: 1000ml, Hành lá: 10g, Tiêu: 1g","Chảo chống dính, Muỗng","Chần sườn rồi hầm với gừng đến khi mềm, Thêm bí đỏ và cà rốt nấu chín, Cho rong biển nêm muối nước mắm đường, Nấu thêm 1–2 phút rồi rắc hành lá tiêu và thưởng thức nóng",Keto / Low-carb,"Thuần chay (Vegan), Ăn chay (Vegetarian)"
canh-ca-keo-bong-so-dua,Canh cá kèo bông so đũa,Nam,main,dinner,20,30,easy,568,20,12,35,6,485,4,30000,50000,keto,"Cá kèo, Nước mắm, Me","Ngọt, Mặn, Chua, Cay, Thơm",0,1,https://monngonmoingay.com/wp-content/uploads/2019/05/canh-chua-ca-keo-bong-so-dua-500.jpg,"Canh chua cá kèo bông so đũa là đặc sản miền Tây với hương vị chua thanh tự nhiên, ngọt đậm đà từ cá kèo và vị giòn bùi, thoảng hương hoa của bông so đũa. Cá kèo béo, thịt chắc, khi nấu canh chua sẽ tạo nên nước dùng trong, ngọt và dậy mùi đặc trưng của miền sông nước. Đây là món canh cực kỳ đưa cơm và rất dân dã.","Cá kèo: 300g, Bông so đũa: 80g, Cà chua: 100g, Dứa: 80g, Me chua: 15g, Đậu bắp: 60g, Bạc hà: 60g, Hành tím: 8g, Nước mắm: 8ml, Muối: 2g, Đường: 3g, Nước lọc: 1000ml, Rau om: 10g, Ngò gai: 10g, Ớt: 5g","Nồi hấp, Rây","Phi hành rồi xào cà chua cho mềm, Thêm nước lọc và me vào nấu sôi, Cho cá kèo vào nêm muối nước mắm đường, Khi cá gần chín cho dứa đậu bắp bạc hà bông so đũa vào, Nấu 1–2 phút rồi thêm rau om ngò gai ớt và thưởng thức",Keto / Low-carb,"Thuần chay (Vegan), Ăn chay (Vegetarian)"
canh-ga-mang-chua,Canh gà măng chua lá giang,Nam,main,dinner,10,66,medium,441,15,59,16,4,379,4,20000,40000,balanced,"Gà, Nước mắm","Ngọt, Mặn, Cay, Thơm, Đậm đà",0,1,https://monngonmoingay.com/wp-content/uploads/2019/01/canh-ga-mang-chua-la-giang-500.jpg,"Canh gà măng chua lá giang là món canh chua nóng hổi, kết hợp vị mềm ngọt của thịt gà, vị giòn của măng và vị chua thanh đặc trưng từ lá giang. Nước canh trong, chua nhẹ nhưng dậy hương, cực kỳ hợp trong bữa cơm gia đình. Đây là món canh dễ ăn, kích thích vị giác và đặc biệt thích hợp vào những ngày thời tiết oi nóng hoặc cần món canh thanh nhưng giàu đạm.","Thịt gà (má đùi hoặc ức cắt miếng): 250g, Măng chua: 150g, Lá giang: 40g, Cà chua: 100g, Dứa: 70g, Hành tím: 8g, Tỏi băm: 4g, Nước mắm: 7ml, Muối: 2g, Đường: 3g, Nước lọc: 1000ml, Rau om: 10g, Ngò gai: 10g, Ớt: 5g","Chảo chống dính, Muỗng","Phi hành tỏi rồi xào cà chua cho mềm, Thêm nước lọc vào cùng măng và lá giang nấu sôi, Cho gà vào nêm muối nước mắm đường, Nấu 7–10 phút đến khi gà chín rồi thêm dứa rau om ngò gai ớt và thưởng thức",Cân bằng,"Thuần chay (Vegan), Ăn chay (Vegetarian)"
canh-chua-bong-thien-ly,Canh chua bông thiên lý,Trung,main,dinner,10,30,medium,413,32,6,33,6,610,2,40000,55000,keto,,"Ngọt, Mặn, Chua, Cay, Thơm",0,1,https://monngonmoingay.com/wp-content/uploads/2018/05/canh-chua-bong-thien-ky-500-min.jpg,"Canh chua bông thiên lý là món canh thanh mát với hương thơm dịu, vị chua nhẹ và độ giòn mềm tự nhiên của bông thiên lý. Món này thường được dùng vào mùa nóng để giải nhiệt, đồng thời hỗ trợ ngủ ngon và giảm mệt mỏi nhờ đặc tính an thần của bông thiên lý. Nước canh chua ngọt hài hòa, dễ ăn và rất đưa cơm.","Bông thiên lý: 100g, Cà chua: 100g, Dứa: 80g, Đậu bắp: 60g, Me chua: 12g, Hành tím: 6g, Nước mắm: 6ml, Muối: 2g, Đường: 3g, Nước lọc: 900ml, Rau om: 10g, Ngò gai: 10g, Ớt: 5g","Chảo, Dao, Thớt","Xào cà chua cho mềm rồi đổ nước lọc và me vào nấu sôi, Cho dứa đậu bắp vào nêm muối nước mắm đường, Khi sôi lại cho bông thiên lý vào nấu 1 phút, Rắc rau om ngò gai và ớt rồi thưởng thức",Keto / Low-carb,
canh-cai-xoan,Canh cải xoăn,Nam,main,breakfast,10,30,easy,472,25,57,17,6,672,4,40000,55000,eatclean,"Đậu hũ (nếu chay), Nước tương","Mặn, Cay, Thơm, Đậm đà",1,1,https://monngonmoingay.com/wp-content/uploads/2017/11/canh-cai-xoan-500.jpg,"Canh cải xoăn (kale) là món canh rất giàu vitamin K, A, C và chất xơ, nổi tiếng trong thực đơn Eat Clean và các bữa chay thanh nhẹ. Khi kết hợp cải xoăn với nấm và cà rốt, nước canh sẽ có vị ngọt tự nhiên, thơm mát, không hăng, giúp bổ sung khoáng chất và hỗ trợ tiêu hóa. Đây là món canh lý tưởng cho bữa tối hoặc những ngày muốn ăn nhẹ mà vẫn đủ chất.","Cải xoăn: 120g, Nấm hương tươi hoặc nấm đùi gà: 100g, Cà rốt: 60g, Đậu hũ non: 120g, Hành boa rô: 10g, Muối: 2g, Hạt nêm chay: 4g, Nước tương chay: 4ml, Nước lọc: 900ml, Tiêu: 1g","Chảo, Dao, Thớt","Phi boa rô rồi cho nấm cà rốt vào xào nhẹ, Thêm nước lọc vào nấu sôi rồi cho cải xoăn và đậu hũ vào, Nêm muối hạt nêm nước tương, Nấu 2 phút đến khi cải mềm rồi rắc tiêu và thưởng thức",Cân bằng,
rau-xao-thap-cam,Rau xào thập cẩm,Trung,main,dinner,20,30,medium,450,17,43,15,6,289,1,30000,60000,balanced,,"Mặn, Cay, Thơm, Đậm đà",0,1,https://monngonmoingay.com/wp-content/uploads/2015/08/AGF-1745-rau-xao-thap-cam.png,"Rau xào thập cẩm là món ăn nhiều màu sắc, giàu vitamin và chất xơ từ nhiều loại rau. Khi xào đúng lửa, rau vẫn giữ độ giòn, ngọt tự nhiên và màu sắc đẹp mắt. Đây là món phụ lý tưởng cho bữa ăn chay, eatclean hoặc kết hợp cùng thịt cá để cân bằng dinh dưỡng.","Bông cải xanh: 100g, Cà rốt: 60g, Đậu cô ve: 80g, Bắp non: 60g, Nấm đùi gà hoặc nấm hương tươi: 80g, Hành boa rô: 10g, Dầu ôliu: 8ml, Nước tương chay: 6ml, Muối: 2g, Tiêu: 1g, Tỏi băm: 4g, Nước lọc: 20ml","Nồi, Muỗng, Tô","Xào thơm boa rô hoặc tỏi rồi cho lần lượt cà rốt bông cải đậu cô ve bắp non vào đảo, Thêm nấm và nước lọc cho rau chín giòn, Nêm muối nước tương tiêu, Xào đều 1 phút và thưởng thức",Cân bằng,
tom-muc-xao-rau-nhut,Tôm mực xào rau nhút,Trung,main,dinner,20,30,medium,343,15,68,7,3,367,5,20000,40000,eatclean,"Tôm, Mực, Nước mắm","Ngọt, Mặn, Cay, Thơm",1,1,https://monngonmoingay.com/wp-content/uploads/2019/09/tom-muc-xao-rau-nhut-500.jpg,"Tôm mực xào rau nhút là món xào thanh ngọt, kết hợp vị giòn mát đặc trưng của rau nhút với vị ngọt tự nhiên của tôm và độ dai mềm của mực. Đây là món ăn vừa dân dã vừa giàu dinh dưỡng, rất hợp cho bữa cơm gia đình nhờ độ ngọt tự nhiên, ít dầu mỡ và vô cùng dễ ăn.","Tôm tươi bóc vỏ: 120g, Mực ống cắt khoanh: 150g, Rau nhút: 150g, Hành tím: 8g, Tỏi băm: 4g, Dầu ăn: 8ml, Nước mắm: 6ml, Muối: 2g, Đường: 2g, Tiêu: 1g, Nước lọc: 20ml","Nồi hấp, Rây","Phi thơm hành tỏi rồi cho tôm mực vào xào săn, Thêm nước mắm muối đường nêm vừa, Cho rau nhút vào đảo nhanh với chút nước lọc, Xào 1 phút đến khi rau chín giòn rồi rắc tiêu và thưởng thức",Cân bằng,"Thuần chay (Vegan), Ăn chay (Vegetarian)"
dau-hu-kho-chay,Đậu hũ kho chay,Nam,main,breakfast,15,55,easy,363,24,49,8,2,398,4,40000,70000,vegetarian,"Đậu hũ, Nước tương","Ngọt, Mặn, Cay, Thơm, Đậm đà",1,1,https://img-global.cpcdn.com/recipes/a55adc047cebb4c2/300x426f0.5_0.5_1.0q80/d%E1%BA%ADu-hu-kho-chay-recipe-main-photo.webp,"Đậu hũ kho chay là món ăn đơn giản nhưng rất đưa cơm, với vị mặn ngọt hài hòa và hương thơm nhẹ từ tiêu, hành boa rô và nước tương. Đậu hũ thấm gia vị nhưng vẫn mềm mịn, đặc biệt phù hợp cho bữa chay hoặc thực đơn Eat Clean khi dùng ít dầu. Món này có thể ăn kèm cơm trắng, bún hoặc rau luộc đều ngon.","Đậu hũ trắng hoặc đậu hũ chiên: 200g, Nấm hương tươi: 60g, Hành boa rô: 10g, Nước tương chay: 15ml, Nước lọc: 50ml, Đường ăn kiêng hoặc đường thốt nốt: 6g, Muối: 1g, Dầu ăn: 8ml, Tiêu: 1g","Nồi hấp, Rây","Phi thơm boa rô rồi cho đậu hũ và nấm vào đảo nhẹ, Thêm nước tương nước lọc đường muối vào kho lửa nhỏ đến khi sệt, Nêm lại và rắc tiêu trước khi dùng",Ăn chay (Vegetarian),
dau-hu-nhoi-thit-sot-ca-chua,Đậu Hủ Nhồi Thịt Sốt Chua Ngọt,Bắc,main,breakfast,10,58,medium,599,20,10,25,7,287,4,40000,60000,keto,"Đậu hũ, Thịt heo, Nước mắm","Ngọt, Mặn, Chua, Cay, Thơm, Đậm đà",1,1,https://img-global.cpcdn.com/recipes/9a50f591371fae86/300x426f0.5_0.542289_1.0q80/d%E1%BA%ADu-h%E1%BB%A7-nh%E1%BB%93i-th%E1%BB%8Bt-s%E1%BB%91t-chua-ng%E1%BB%8Dt-recipe-main-photo.webp,"Đậu hũ nhồi thịt sốt chua ngọt là món ăn vừa đậm đà vừa hài hòa vị giác. Đậu hũ mềm mịn được nhồi nhân thịt xay thơm béo, sau đó kho trong sốt chua ngọt từ cà chua và giấm tạo nên hương vị hấp dẫn, rất đưa cơm. Món ăn này phù hợp cho bữa gia đình nhờ dễ làm, nguyên liệu đơn giản nhưng hương vị nổi bật.","Đậu hũ trắng: 250g, Thịt heo xay: 150g, Nấm hương tươi băm: 40g, Hành tím: 10g, Tỏi băm: 5g, Cà chua: 120g, Tương cà: 20g, Nước mắm: 8ml, Giấm: 10ml, Đường: 8g, Muối: 2g, Nước lọc: 80ml, Dầu ăn: 10ml, Tiêu: 1g, Hành lá: 10g","Nồi, Muỗng, Tô","Trộn thịt xay với nấm hành tiêu rồi nhồi vào đậu hũ, Chiên hơi vàng rồi xào cà chua với tỏi cho ra sốt, Thêm tương cà nước mắm giấm đường nước lọc nấu sệt, Cho đậu hũ vào kho 5 phút cho thấm rồi thêm hành lá và thưởng thức",Keto / Low-carb,"Thuần chay (Vegan), Ăn chay (Vegetarian)"
bong-bi-xao-toi,Bông Bí Xào Tỏi,Bắc,main,lunch,10,30,easy,402,14,59,7,6,357,6,40000,60000,vegetarian,"Bò, Nước mắm, Nước tương","Ngọt, Mặn, Cay, Thơm",0,1,https://img-global.cpcdn.com/recipes/189f922d58eeab14/300x426f0.486778_0.5_1.0q80/bong-bi-xao-t%E1%BB%8Fi-chay-recipe-main-photo.webp,"Bông bí xào tỏi là món xào dân dã rất quen thuộc, có vị giòn mềm tự nhiên cùng hương thơm nhẹ của bông bí. Khi xào với tỏi, món ăn trở nên dậy mùi, ăn kèm cơm cực kỳ bắt miệng. Đây là món rau dễ nấu, ít dầu mỡ, phù hợp cho bữa ăn thanh đạm hoặc thực đơn ăn kiêng.","Bông bí: 180g, Tỏi băm: 6g, Dầu ăn: 8ml, Muối: 2g, Nước mắm: 4ml, Đường: 2g, Nước lọc: 20ml, Tiêu: 1g","Chảo chống dính, Muỗng","Phi tỏi cho thơm rồi cho bông bí vào xào nhanh, Thêm muối nước mắm đường và chút nước lọc đảo đều, Xào 1–2 phút đến khi bông bí chín vừa rồi rắc tiêu và thưởng thức",Ăn chay (Vegetarian),
sup-lo-xanh-xao-thit-bam,Súp lơ xanh xào thịt băm,Trung,main,breakfast,20,30,medium,581,25,3,34,5,349,5,30000,60000,keto,,"Ngọt, Mặn, Cay, Thơm, Đậm đà",0,1,https://img-global.cpcdn.com/recipes/4c27ee9492fe0547/300x426f0.5_0.5_1.0q80/sup-l%C6%A1-xanh-xao-th%E1%BB%8Bt-bam-recipe-main-photo.webp,"Súp lơ xanh xào thịt băm là món xào nhanh gọn, giàu dinh dưỡng và rất tươi vị. Súp lơ xanh giòn ngọt kết hợp thịt băm thấm gia vị tạo nên món ăn hài hoà, ít dầu mỡ và rất phù hợp cho bữa cơm gia đình hoặc thực đơn Eat Clean. Khi xào đúng lửa, rau giữ được độ giòn và màu xanh đẹp mắt.","Súp lơ xanh: 200g, Thịt heo băm: 150g, Hành tím: 8g, Tỏi băm: 4g, Dầu ăn: 8ml, Nước mắm: 6ml, Muối: 2g, Đường: 2g, Tiêu: 1g, Nước lọc: 20ml","Chảo, Dao, Thớt","Phi hành tỏi rồi cho thịt băm vào xào săn, Thêm súp lơ và chút nước lọc đảo đều, Nêm muối nước mắm đường xào đến khi súp lơ chín giòn, Rắc tiêu và thưởng thức nóng",Keto / Low-carb,"Thuần chay (Vegan), Ăn chay (Vegetarian)"
suon-xao-rau-cu,Sườn xào rau củ,Bắc,main,lunch,10,42,easy,356,22,58,13,5,418,6,20000,35000,balanced,"Sườn heo, Nước mắm, Nước tương","Ngọt, Mặn, Cay, Thơm",1,1,https://img-global.cpcdn.com/recipes/f3ce77a0df4fcd90/300x426f0.5_0.5_1.0q80/s%C6%B0%E1%BB%9Dn-xao-rau-c%E1%BB%A7-recipe-main-photo.webp,"Sườn xào rau củ là món ăn đầy màu sắc, kết hợp vị ngọt giòn tự nhiên của rau củ với độ mềm béo của sườn non. Khi xào đúng lửa, sườn thấm gia vị, rau củ chín tới giữ độ giòn và màu tươi sáng. Đây là món ăn lý tưởng cho bữa cơm gia đình vì vừa đậm đà, vừa giàu dinh dưỡng, lại không ngấy.","Sườn non: 250g, Cà rốt: 60g, Bông cải xanh: 100g, Ớt chuông vàng/đỏ: 80g, Hành tím: 8g, Tỏi băm: 4g, Dầu ăn: 10ml, Nước mắm: 6ml, Xì dầu: 5ml, Muối: 2g, Đường: 3g, Tiêu: 1g, Nước lọc: 30ml","Nồi hấp, Rây","Luộc sườn sơ rồi xào săn với tỏi hành, Cho rau củ vào xào cùng chút nước lọc, Nêm nước mắm xì dầu muối đường, Xào đến khi rau củ chín giòn và sườn thấm vị rồi rắc tiêu và thưởng thức",Cân bằng,"Thuần chay (Vegan), Ăn chay (Vegetarian)"
nam-mo-xao-can-tay,Nấm Mỡ Xào Cần Tây ,Bắc,main,dinner,20,30,medium,427,12,48,12,5,609,4,40000,70000,vegetarian,Nấm,"Ngọt, Mặn, Cay, Thơm, Đậm đà",1,1,https://img-global.cpcdn.com/recipes/c37e208f9e4cfe34/300x426f0.515652_0.5_1.0q80/n%E1%BA%A5m-m%E1%BB%A1-xao-c%E1%BA%A7n-tay-vegan-recipe-main-photo.webp,"Nấm mỡ xào cần tây là món xào thanh đạm, có hương thơm đặc trưng của cần tây hòa cùng vị ngọt tự nhiên, mọng nước của nấm mỡ. Món này rất dễ nấu, ít dầu mỡ, phù hợp cho bữa ăn chay, eatclean hoặc khi muốn ăn nhẹ mà vẫn đủ chất. Khi xào nhanh lửa lớn, nấm giữ được độ mọng, cần tây giòn thơm và màu sắc tươi tắn.","Nấm mỡ: 150g, Cần tây: 80g, Hành boa rô hoặc tỏi băm: 6g, Dầu ăn: 8ml, Nước tương chay hoặc xì dầu: 6ml, Muối: 1g, Đường ăn kiêng: 2g, Tiêu: 1g, Nước lọc: 15ml","Nồi, Muỗng, Tô","Phi thơm boa rô hoặc tỏi rồi cho nấm mỡ vào xào đến khi ra nước, Thêm cần tây và chút nước lọc đảo đều, Nêm xì dầu muối đường, Xào nhanh 1 phút rồi rắc tiêu và thưởng thức",Ăn chay (Vegetarian),
kho-qua-xao-bo,Khổ Qua Xào Bò,Trung,main,breakfast,20,30,easy,589,34,4,27,7,230,2,30000,60000,keto,"Bò, Nước mắm, Nước tương","Ngọt, Mặn, Cay, Thơm, Đậm đà",0,1,https://img-global.cpcdn.com/recipes/bc046ec7eb028d60/300x426cq80/sp0814-kh%E1%BB%95-qua-xao-bo-chay-recipe-main-photo.webp,"Khổ qua xào bò là món xào thanh đắng nhẹ, kết hợp vị ngọt mềm của thịt bò với độ giòn đặc trưng của khổ qua. Khi xào đúng cách, khổ qua giữ màu xanh đẹp, vị đắng dịu, còn thịt bò mềm, thấm gia vị. Đây là món ăn giàu dinh dưỡng, rất phù hợp cho bữa cơm gia đình hoặc thực đơn ăn uống cân bằng.","Thịt bò thái mỏng: 180g, Khổ qua: 200g, Hành tím: 8g, Tỏi băm: 4g, Dầu ăn: 10ml, Nước mắm: 6ml, Xì dầu: 5ml, Muối: 1g, Đường: 2g, Tiêu: 1g, Nước lọc: 20ml","Nồi, Muỗng, Tô","Xào bò với tỏi hành đến khi săn, Trút ra, Cho khổ qua vào xào nhanh với nước lọc rồi nêm nước mắm xì dầu muối đường, Cho bò vào lại đảo đều 1 phút, Rắc tiêu và thưởng thức",Keto / Low-carb,"Thuần chay (Vegan), Ăn chay (Vegetarian)"
suon-xao-chua-ngot,Sườn xào chua ngọt ,Bắc,main,breakfast,20,53,easy,480,32,10,32,4,561,4,40000,60000,eatclean,"Nước mắm, Giấm/Me","Ngọt, Mặn, Chua, Cay, Thơm",0,1,https://img-global.cpcdn.com/recipes/6bd9a53e645f30e8/300x426f0.5_0.5_1.0q80/s%C6%B0%E1%BB%9Dn-xao-chua-ng%E1%BB%8Dt-b%E1%BA%B1ng-goi-s%E1%BB%91t-recipe-main-photo.webp,"Sườn xào chua ngọt là món ăn quen thuộc nhưng luôn hấp dẫn nhờ sự hòa quyện giữa vị chua nhẹ, ngọt thanh và mặn đậm vừa phải. Sườn được chiên vàng rồi áo đều lớp nước sốt sánh mịn, thơm mùi tỏi hành. Món này rất hợp ăn cùng cơm trắng và phù hợp cho cả bữa ăn gia đình lẫn tiệc nhỏ.","Sườn non: 300g, Tỏi băm: 6g, Hành tím: 8g, Giấm: 15ml, Nước mắm: 8ml, Tương cà: 20g, Đường thốt nốt hoặc đường trắng: 12g, Muối: 2g, Dầu ăn: 12ml, Nước lọc: 40ml, Ớt: 5g, Tiêu: 1g","Chảo, Dao, Thớt","Luộc sơ sườn rồi chiên vàng, Phi tỏi hành cho thơm rồi cho giấm nước mắm tương cà đường nước lọc vào nấu sệt, Cho sườn vào đảo đều đến khi áo sốt, Rắc tiêu ớt và thưởng thức",Cân bằng,"Thuần chay (Vegan), Ăn chay (Vegetarian)"
dua-cai-xao-cha,Dưa cải xào chả,Trung,main,dinner,20,30,medium,411,26,4,43,3,581,3,20000,35000,keto,Chả chay (đậu nành) hoặc Nước tương,"Ngọt, Mặn, Cay, Thơm",0,1,https://img-global.cpcdn.com/recipes/00c808fd3d3f93a4/300x426cq80/d%C6%B0a-c%E1%BA%A3i-xao-ch%E1%BA%A3-chay-recipe-main-photo.webp,"Dưa cải xào chả chay là món ăn đơn giản, đậm đà và rất bắt cơm. Dưa cải chua nhẹ được xào cùng chả chay giúp món ăn có vị mặn mà, hài hòa và không bị gắt chua. Khi xào đúng lửa, dưa cải vẫn giữ độ giòn, còn chả chay thấm gia vị và thơm ngậy vừa phải. Món này cực kỳ hợp cho bữa cơm chay hàng ngày.","Dưa cải chua: 200g, Chả chay cắt lát: 120g, Hành boa rô: 10g, Tỏi băm (optional): 4g, Dầu ăn: 8ml, Nước tương chay: 8ml, Đường: 4g, Muối: 1g, Tiêu: 1g, Nước lọc: 20ml","Nồi, Muỗng, Tô","Phi boa rô rồi cho chả chay vào xào săn, Thêm dưa cải và chút nước lọc đảo đều, Nêm nước tương đường muối, Xào 2 phút đến khi dưa thấm rồi rắc tiêu và thưởng thức",Keto / Low-carb,"Thuần chay (Vegan), Ăn chay (Vegetarian)"
bong-cai-ot-chuong-xao-thit-bo,Bông cải ớt chuông xào thịt bò,Bắc,main,dinner,20,30,easy,580,23,5,36,5,339,1,30000,45000,keto,"Bò, Nước mắm, Nước tương","Ngọt, Mặn, Cay, Thơm, Đậm đà",0,1,https://img-global.cpcdn.com/recipes/cb23f064e5ff3a67/300x426f0.461449_0.5_1.0q80/bong-c%E1%BA%A3i-%E1%BB%9Bt-chuong-xao-th%E1%BB%8Bt-bo-mon-keto-recipe-main-photo.webp,"Bông cải ớt chuông xào thịt bò là món xào đầy màu sắc, kết hợp vị ngọt giòn của rau củ với độ mềm thơm của thịt bò. Khi xào nhanh lửa lớn, rau giữ độ giòn xanh, thịt bò mềm không bị dai. Đây là món ăn giàu dưỡng chất, phù hợp cho cả bữa cơm gia đình lẫn thực đơn Eat Clean.","Thịt bò thái mỏng: 180g, Bông cải xanh: 120g, Ớt chuông đỏ/vàng: 80g, Hành tím: 8g, Tỏi băm: 4g, Dầu ăn: 10ml, Nước mắm: 6ml, Xì dầu: 6ml, Muối: 1g, Đường: 2g, Tiêu: 1g, Nước lọc: 20ml","Chảo, Dao, Thớt","Xào thịt bò với tỏi hành đến khi săn rồi trút ra, Cho bông cải và ớt chuông vào xào với nước lọc, Nêm nước mắm xì dầu muối đường, Cho thịt bò vào đảo đều 1 phút, Rắc tiêu và thưởng thức nóng",Keto / Low-carb,"Thuần chay (Vegan), Ăn chay (Vegetarian)"
so-long-xao-sa-ot,Sò lông xào sả ớt,Bắc,main,lunch,30,30,medium,521,16,52,10,7,652,1,40000,55000,balanced,"Sò lông, Nước mắm","Ngọt, Mặn, Cay, Thơm",0,1,https://img-global.cpcdn.com/recipes/8a49ac4778482c28/300x426f0.5_0.5_1.0q80/so-long-xao-s%E1%BA%A3-%E1%BB%9Bt-recipe-main-photo.webp,"Sò lông xào sả ớt là món hải sản dân dã nhưng cực kỳ hấp dẫn nhờ hương thơm nồng của sả, vị cay nhẹ của ớt và độ ngọt tự nhiên từ sò lông. Khi xào đúng cách, sò lông mở miệng vừa đủ, thấm đều gia vị nhưng vẫn giữ được độ mọng nước. Đây là món ăn rất hợp làm món nhậu hoặc ăn kèm cơm nóng.","Sò lông: 400g, Sả băm: 20g, Ớt băm: 8g, Tỏi băm: 6g, Hành tím: 8g, Dầu ăn: 12ml, Nước mắm: 8ml, Muối: 1g, Đường: 3g, Tiêu: 1g, Nước lọc: 20ml, Rau răm: 10g","Nồi, Muỗng, Tô","Phi thơm sả ớt tỏi hành rồi cho sò lông vào xào, Nêm nước mắm muối đường và chút nước lọc, Đảo đều đến khi sò mở miệng, Tắt bếp thêm rau răm tiêu rồi thưởng thức nóng",Cân bằng,"Thuần chay (Vegan), Ăn chay (Vegetarian)"
ca-loc-hap-bau,Cá lóc hấp bầu,Nam,main,dinner,20,30,medium,350,45,15,8,4,600,5,80000,120000,balanced,Cá,"Ngọt thanh, thơm mùi gừng hành",0,1,https://khosifafood.vn/uploads/images/info/cach-lam-ca-loc-hap-bau.png,"Món ăn dân dã Nam Bộ với cá lóc ngọt thịt được bao bọc trong quả bầu mềm mại, giữ trọn nước ngọt tiết ra khi hấp.","Cá lóc đồng: 800g, Bầu sao: 600g, Hành lá: 20g, Gừng: 15g, Ớt: 5g, muối: 10g, hạt nêm: 15g, tiêu xay: 5g, nước mắm: 10ml.","Nồi hấp, dao, đĩa dài lớn.","Làm sạch cá, khứa nhẹ mình cá. Ướp cá với gừng, tiêu, hạt nêm 15p. Xẻ dọc quả bầu, khoét bỏ ruột. Đặt cá vào quả bầu, đậy nắp bầu lại. Hấp cách thủy 25-30 phút.",Cân bằng,"Thuần chay (Vegan), Ăn chay (Vegetarian)"
goi-ngo-sen-tom-thit,Gỏi ngó sen tôm thịt,Nam,main,dinner,30,15,medium,280,22,18,12,6,850,15,100000,150000,balanced,"Tôm, Đậu phộng","Chua, ngọt, giòn, thơm",1,1,https://file.hstatic.net/200000700229/file/goi-ngo-sen-tom-thit-04.jpg,Món gỏi đặc trưng trong các bữa tiệc miền Tây với ngó sen trắng giòn trộn cùng tôm tươi và thịt ba chỉ.,"Ngó sen: 300g, Tôm sú: 200g, Thịt ba chỉ: 200g, Cà rốt: 100g, Rau răm: 20g, Đậu phộng: 30g, Nước mắm chua ngọt: 40ml.","Tô trộn lớn, nồi luộc.","Ngâm ngó sen với giấm đường cho trắng. Luộc chín tôm (lột vỏ) và thịt (thái sợi). Pha nước mắm trộn gỏi. Trộn tất cả nguyên liệu với nước mắm. Rắc thêm rau răm, đậu phộng và hành phi.",Cân bằng,"Thuần chay (Vegan), Ăn chay (Vegetarian)"
ca-loc-kho-to,Cá lóc kho tộ,Nam,main,lunch,20,30,medium,380,35,12,14,0,1200,10,60000,90000,balanced,"Cá, Nước mắm","Mặn ngọt đậm đà, béo ngậy, thơm tiêu",2,1,https://images2.thanhnien.vn/uploaded/thuyduong/2021_07_16/dscf0968_DAXC.jpg?width=500,"Món ăn kinh điển trong mâm cơm gia đình Nam Bộ, cá được kho trong tộ đất giúp giữ nhiệt và tạo lớp sốt sệt kẹo màu cánh gián ngon mắt.","Cá lóc cắt khúc: 500g, Mỡ gáy heo: 50g, Nước mắm: 40ml, Đường thốt nốt: 35, Nước dừa tươi: 100ml, Hành: 15g, Tỏi băm: 10g, Tiêu xay: 5g, Ớt: 10g.","Nồi đất, dao, thớt.","Ướp cá với nước mắm, đường, hành tỏi băm và tiêu trong 20 phút. Thắng mỡ gáy lấy tóp mỡ và nước mỡ. Cho cá và nước ướp vào tộ đất, thêm nước dừa tươi. Kho lửa nhỏ liu riu đến khi nước cạn sệt lại. Thêm tóp mỡ, ớt hiểm và hành lá lên trên trước khi tắt bếp.",Cân bằng,"Thuần chay (Vegan), Ăn chay (Vegetarian)"
canh-chua-ca-hu,Canh chua cá hú,Nam,main ,lunch,20,20,easy,290,24,16,11,5,950,12,70000,110000,balanced,"Cá, Nước mắm","Chua thanh, ngọt đậm, thơm rau nêm đặc trưng",1,1,https://cdn.hstatic.net/files/200000700229/article/canh-chua-ca-hu-1_ecbadfc38cc4494eb383fb22187cdf32.jpg,"Món canh giải nhiệt ngày hè Nam Bộ, kết hợp giữa vị béo của cá da trơn và vị chua ngọt từ các loại rau đồng nội.","Cá hú: 400g, Bạc hà: 100g, Đậu bắp: 80g, Giá đỗ: 60g, Thơm: 80g, Cà chua: 50g, Me chua: 40g, Đường cát: 30g, Nước mắm: 25ml, Rau ngổ: 10g, Ngò gai: 10g, Ớt: 5g, Nước lọc: 800ml.","Nồi nấu canh, rây lọc me.","Sơ chế sạch cá và các loại rau củ, bạc hà tước vỏ cắt xéo. Đun sôi nước lọc, cho me vào dầm lấy nước cốt chua rồi vớt xác me. Cho cá hú và thơm vào nấu chín tới. Thêm cà chua, đậu bắp, bạc hà và giá đỗ vào nấu sôi lại. Nêm mắm, đường cho vừa vị chua ngọt rồi rắc rau ngổ, ngò gai và ớt lát lên trên.",Cân bằng,"Thuần chay (Vegan), Ăn chay (Vegetarian)"
bot-chien-trung,Bột chiên trứng,Nam,main,dinner,15,15,easy,420,14,55,16,2,680,8,25000,40000,balanced,"Trứng, Đậu nành (nước tương)","Vỏ giòn ruột mềm, béo ngậy của trứng, nước tương ngọt nhẹ",1,1,https://cdn.tgdd.vn/Files/2020/06/30/1266676/cach-lam-bot-chien-trung-ngoai-gion-trong-mem-chuan-vi-sai-gon-202202241621202141.jpeg,"Món ăn đường phố gốc Hoa ăn sâu vào đời sống Sài Gòn, bột gạo được chiên vàng giòn quyện với trứng gà và đu đủ bào ngâm chua.","Bột gạo đổ khuôn cắt khối: 200g, Trứng gà: 2 quả, Hành lá: 30g, Đu đủ xanh bào sợi: 50g, Nước tương đen: 30ml, Đường: 15g, Nước giấm: 10ml, Dầu ăn: 20ml.","Chảo phẳng lớn (chảo gang), xẻng lật.","Cho dầu ăn vào chảo, xếp các khối bột vào chiên vàng đều hai mặt. Đập trứng gà đổ trực tiếp lên mặt bột, dàn đều. Rắc hành lá cắt nhỏ lên trên, lật mặt cho trứng chín vàng. Pha nước tương đen với đường và giấm tạo vị mặn ngọt chua nhẹ. Bày bột chiên ra đĩa, ăn kèm đu đủ bào sợi và chấm nước tương đã pha.",Cân bằng,"Thuần chay (Vegan), Ăn chay (Vegetarian)"
hu-tieu-sa-te-bo,Hủ tiếu sa tế bò,Nam,main,breakfast,30,45,medium,560,32,60,18,4,1450,9,45000,70000,balanced,"Đậu phộng, Vừng (mè)","Cay nồng béo ngậy, thơm mùi sả, đậu phộng và quế chi",3,1,https://i.ytimg.com/vi/FnjOnZzHzNY/sddefault.jpg,"Món hủ tiếu độc đáo của người Hoa Chợ Lớn với nước dùng sệt, thơm nức mùi đậu phộng rang và sa tế cay nồng đánh gục vị giác.","Bánh hủ tiếu dai: 150g, Thịt bắp bò: 150g, Sa tế tôm: 30g, Đậu phộng rang giã nhuyễn: 40g, Mè rang: 10g, Nước hầm xương heo: 500ml, Sả băm: 20g, Tỏi băm: 15g, Dưa leo thái sợi: 50g, Khế chua: 30g, Chuối chát: 30g, Gia vị hủ tiếu sa tế (đại hồi, quế chi): 15g.","Nồi nấu nước dùng, vá trụng","Phi thơm tỏi, sả băm với sa tế, đổ nước hầm xương vào đun sôi. Cho gói gia vị quế, hồi và đậu phộng rang giã nhuyễn vào nấu cùng để nước dùng sệt và béo. Trụng bánh hủ tiếu chín xếp vào tô cùng dưa leo, khế, chuối chát. Trụng thịt bò tái chín, xếp lên mặt bún. Chan nước dùng sa tế nóng hổi ngập bát, rắc mè rang lên trên.",Cân bằng,"Thuần chay (Vegan), Ăn chay (Vegetarian)"
dau-hu-chien-sa-ot,Đậu hũ chiên sả ớt,Nam,main,lunch,10,15,easy,180,12,8,10,3,520,4,15000,30000,vegetarian,Đậu nành,"Vỏ giòn thơm sả nồng, ruột đậu mềm béo, vị mặn ngọt cay nhẹ",2,1,https://cdn.hstatic.net/files/200000700229/article/dau-hu-chien-sa-ot-1_befda4ae9c4445cbb3401758327e1d4a.jpg,"Món chay dân dã, thanh đạm xuất hiện thường xuyên trong bữa cơm hằng ngày của người Nam Bộ nhờ cách làm nhanh và bắt cơm.","Đậu hũ trắng: 300g, Sả băm: 40g, Ớt băm: 10g, Bột nghệ: 5g, Nước tương: 15ml, Muối ăn: 5g, Đường: 10g, Dầu thực vật: 30ml.","Chảo chống dính, giấy thấm dầu","Đậu hũ trắng cắt khối vuông vừa ăn, thấm khô nước. Trộn sả băm, ớt băm với bột nghệ, muối và chút đường. Khía nhẹ lên miếng đậu, nhét một ít hỗn hợp sả ớt vào giữa (hoặc áo đều bên ngoài). Làm nóng dầu ăn trên chảo, cho đậu hũ vào chiên vàng giòn đều các mặt. Vớt ra thấm dầu, dọn ăn kèm nước tương tỏi ớt.",Ăn chay (Vegetarian),
com-tam-suon-nuong,Cơm tấm sườn nướng,Nam,main,dinner,30,25,medium,650,38,75,22,3,"1,100",14,"35,000","60,000",balanced,Nước mắm,"Sườn nướng thơm phức, vị mặn ngọt đậm đà, mỡ hành béo ngậy",1,1,https://encrypted-tbn0.gstatic.com/images?q=tbn:ANd9GcS-BqRhZ62zfFJTXfviBD__NdMlUVUwJB0-Ig&s,"Món ăn mang tính biểu tượng của Sài Gòn và miền Nam, hạt cơm tấm thơm, xốp ăn kèm miếng sườn cốt lết nướng mật ong vàng óng.","Gạo tấm: 150g, Sườn cốt lết heo: 200g, Mật ong: 20ml, Sả băm: 20g, Hành tím băm: 15g, Tỏi băm: 15g, Nước mắm: 30ml, Đường cát: 25g, Dầu ăn: 20ml, Hành lá: 20g, Đồ chua (củ cải, cà rốt): 30g, Nước cốt chanh: 15ml.","Nồi nấu cơm, bếp than (hoặc lò nướng), chảo nhỏ.","Vo sạch gạo tấm và đem nấu chín. Ướp sườn với mật ong, sả, hành, tỏi băm, một ít nước mắm và dầu ăn trong 1 tiếng. Nướng sườn trên than hồng đến khi chín vàng đều hai mặt. Làm mỡ hành bằng cách dội dầu ăn thật nóng vào hành lá xắt nhỏ. Pha nước mắm chua ngọt, bày cơm ra đĩa, đặt sườn lên, chan mỡ hành và dọn kèm đồ chua.",Cân bằng,
bun-thit-nuong-cha-gio,Bún thịt nướng chả giò,Nam,main,dinner,40,20,medium,580,28,65,18,5,980,12,"35,000","55,000",balanced,"Nước mắm, Đậu phộng, Hải sản (trộn trong chả giò)","Thịt nướng thơm đậm đà, chả giò giòn rụm, nước mắm chua ngọt hài hòa",1,1,https://cdn.tgdd.vn/2021/09/CookProduct/t-1200x676-3.jpg,"Món bún trộn khô đặc trưng của Nam Bộ, kết hợp giữa thịt heo nướng sả thơm lừng, chả giò chiên giòn và dồi dào rau sống.","Bún tươi: 200g, Thịt nạc vai heo: 150g, Chả giò heo tôm (làm sẵn): 2 cái, Sả băm: 15g, Mật ong: 15ml, Nước mắm: 35ml, Đường: 25g, Đậu phộng rang: 15g, Mỡ hành: 15ml, Rau sống (xà lách, giá, húng quế): 80g, Đu đủ ngâm chua: 20g, Dầu ăn: 100ml.","Bếp nướng, chảo chiên sâu lòng, tô lớn.","Thái mỏng thịt heo, ướp với sả, mật ong, hành tỏi băm và chút nước mắm trong 30 phút rồi đem nướng chín. Đun nóng dầu ăn, chiên chả giò đến khi vỏ vàng giòn rụm, vớt ra cắt đôi. Pha nước mắm chua ngọt với đường, nước cốt chanh, tỏi và ớt băm. Xếp rau sống cắt nhỏ xuống đáy tô, cho bún tươi lên trên. Đặt thịt nướng, chả giò lên mặt, rắc đậu phộng rang, chan mỡ hành và dọn kèm nước mắm.",Cân bằng,
canh-kiem,Canh kiểm,Nam,main,lunch,25,25,medium,320,8,42,12,6,450,18,"30,000","55,000",vegetarian,"Đậu nành, Đậu phộng, Nước cốt dừa","Ngọt béo đậm đà của cốt dừa, bùi bùi của khoai và hạt sen",0,1,https://danviet.ex-cdn.com/files/f1/upload/4-2013/images/2013-11-19/1434788619-canh-kiem.jpg,"Món canh chay đặc sản vào các dịp rằm ở miền Tây, kết hợp nhiều loại củ quả, đậu hũ nấu trong nước cốt dừa sánh béo.","Bí đỏ: 100g, Khoai lang: 100g, Khoai môn: 100g, Đậu hũ chiên: 100g, Hạt sen tươi: 50g, Bột báng: 20g, Nước cốt dừa: 200ml, Đường phèn: 40g, Muối ăn: 5g, Đậu phộng rang giã nhỏ: 15g, Nước lọc: 500ml.","Nồi nấu lớn, vá khuấy.","Gọt vỏ bí đỏ, khoai lang, khoai môn rồi cắt khối vuông vừa ăn; ngâm bột báng vào nước cho nở. Luộc sơ hạt sen cho chín tới. Đun sôi nước lọc, cho các loại khoai và bí đỏ vào nấu đến khi chín mềm. Cho hạt sen, đậu hũ chiên và bột báng vào nấu cùng, nêm đường phèn và muối cho có vị ngọt béo, mằn mặn nhẹ. Đổ nước cốt dừa vào khuấy đều nhẹ tay, đun sôi lăn tăn lại rồi tắt bếp, khi múc ra bát rắc đậu phộng rang lên trên.",Ăn chay (Vegetarian),
lau-tha-phan-thiet,Lẩu thả Phan Thiết,Nam,main,lunch,45,20,medium,480,35,45,12,8,1150,14,250000,400000,balanced,"Cá mai, Tôm, Đậu phộng, Nước mắm","Ngọt thanh từ nước dùng, vị béo bùi của nước chấm đậu phộng, tươi mát từ rau",1,1,https://media-cdn-v2.laodong.vn/storage/newsportal/2024/12/22/1439158/Phan-Thiet-6.jpg,"Món lẩu đặc sản vùng biển Bình Thuận, các nguyên liệu được xếp tinh tế trong bẹ bắp chuối đỏ, ăn bằng cách xếp vào tô rồi chan nước dùng nóng.","Cá mai tươi: 300g, Thịt ba chỉ: 150g, Trứng vịt: 2 quả, Bánh tráng nướng: 1 cái, Bún sợi nhỏ: 300g, Bắp chuối cắt sợi: 100g, Dưa leo cắt sợi: 80g, Xoài xanh cắt sợi: 80g, Nước xương heo: 800ml, Cà chua: 100g, Đậu phộng rang: 50g, Chuối sứ chín: 1 quả, Nước mắm: 40ml, Đường thốt nốt: 30g, Tỏi băm: 15g, Ớt băm: 10g.","Nồi lẩu, tô lớn, chảo chiên.","Cá mai làm sạch, phi lê lấy thịt, bóp nước cốt chanh cho tái nhẹ rồi trộn với tỏi ớt băm. Luộc chín thịt ba chỉ rồi xắt sợi mỏng; trứng vịt đánh đều chiên thật mỏng rồi xắt sợi. Làm nước dùng: Phi thơm hành tỏi, xào cà chua băm rồi đổ nước xương vào nấu sôi, nêm nếm vừa ăn. Làm nước chấm đặc trưng: Xay nhuyễn chuối sứ chín, đậu phộng rang, tỏi, ớt cùng nước mắm và đường thốt nốt cho sệt mịn. Xếp tất cả nguyên liệu vào từng bẹ bắp chuối dọn ra bàn. Khi ăn, gắp các loại nhân vào tô, bẻ vụn bánh tráng nướng, chan nước dùng nóng hổi hoặc chấm nước xốt đậu phộng.",Cân bằng,
kho-ca-sac-kho-top-mo,Khô cá sặc kho tóp mỡ,Nam,main,lunch,15,20,easy,340,28,8,22,1,1600,8,45000,75000,balanced,"Cá, Nước mắm","Mặn mòi vị khô biển, béo ngậy vị tóp mỡ, ngọt cay đậm đà",2,1,https://thucphamkho.vn/wp-content/uploads/2023/08/kho-ca-sac-kho-top-mo.jpg,"Món ăn đậm chất đưa cơm của người dân miền Tây sông nước vào những ngày mưa, sự kết hợp giữa vị mặn của khô sặc rằn và vị béo nồng của mỡ heo.","Khô cá sặc rằn: 200g, Mỡ gáy heo: 150g, Hành tím xắt lát: 20g, Hành lá: 20g, Ớt hiểm: 10g, Tiêu hạt giã dập: 5g, Nước mắm: 20ml, Đường cát: 30g, Nước tương: 15ml, Nước lọc: 80ml.","Nồi đất, chảo thắng mỡ.","Khô cá sặc ngâm nước ấm 15 phút cho bớt mặn, rửa sạch, cắt miếng vừa ăn hoặc để nguyên con tùy sở thích. Mỡ heo rửa sạch, thái hạt lựu lớn, cho vào chảo thắng vàng giòn để thu được tóp mỡ và nước cốt mỡ. Sử dụng nồi đất, cho 2 muỗng canh mỡ heo vào phi thơm hành tím xắt lát. Cho nước mắm, nước tương, đường và nước lọc vào đun sôi để tạo hỗn hợp nước kho sánh đặc. Thả khô cá sặc vào kho lửa nhỏ cho thấm gia vị, khi nước kho kẹo lại thì trút tóp mỡ, ớt hiểm, tiêu hạt và hành lá vào đảo đều rồi tắt bếp.",Keto / Low-carb,
goi-bon-bon-tom-thit,Gỏi bồn bồn tôm thịt,Nam,main,lunch,25,15,medium,260,20,16,10,5,820,12,90000,140000,balanced,"Tôm, Đậu phộng, Nước mắm","Chua ngọt thanh tao, bồn bồn giòn sần sật, thơm mùi rau răm",1,1,https://cdn2.fptshop.com.vn/unsafe/1920x0/filters:format(webp):quality(75)/goi_bon_bon_tom_thit_fdb72ebab5.jpg,"Cây bồn bồn (đặc sản vùng đất nhiễm phèn Cà Mau, Bạc Liêu) lấy phần lõi non trắng ngần làm gỏi trộn tôm thịt vô cùng kích thích vị giác.","Lõi bồn bồn tươi (hoặc muối chua nhẹ): 250g, Tôm sú: 150g, Thịt ba rọi heo: 150g, Cà rốt xắt sợi: 50g, Rau răm xắt nhỏ: 15g, Đậu phộng rang: 20g, Hành phi: 10g, Nước mắm: 30ml, Đường: 30g, Nước cốt chanh: 25ml, Tỏi băm: 10g, Ớt băm: 5g.","Tô trộn lớn, nồi luộc.","Bồn bồn rửa sạch, tước nhỏ dọc theo thớ, cắt khúc vừa ăn, ngâm nước đá chanh để giữ độ trắng giòn rồi vắt ráo. Luộc chín tôm sú (bóc vỏ, chẻ lưng) và thịt ba rọi (thái mỏng). Pha nước mắm trộn gỏi: Hòa tan đường, nước cốt chanh, nước mắm, thêm tỏi và ớt băm nhuyễn. Cho bồn bồn, cà rốt, tôm, thịt vào tô trộn lớn, rưới từ từ nước mắm vào bóp nhẹ tay cho thấm. Thêm rau răm, bày ra đĩa rồi rắc đậu phộng rang giã dập và hành phi lên mặt.",Cân bằng,
ech-nup-lum,Ếch núp lùm,Nam,main,dinner,20,20,medium,410,30,18,24,4,710,3,90000,150000,balanced,Thịt ếch,"Thịt ếch giòn sần sật bên ngoài, ngọt mềm bên trong, sả xé sợi giòn rụm cay nồng",2,1,https://anhoquan.com/upload/product/ssss-7923.jpg,"Món ăn độc đáo với phần thịt ếch đồng chiên vàng giòn giấu dưới lớp ""rơm"" làm từ sả xé sợi chiên tẩm gia vị mằn mặn, cay cay.","Thịt ếch đồng làm sạch: 500g, Củ sả tươi: 150g, Bột bắp (hoặc bột chiên giòn): 40g, Tỏi băm: 15g, Hành tím băm: 15g, Hạt nêm: 15g, Tiêu xay: 5g, Ớt bột: 5g, Dầu ăn: 250ml.","Chảo sâu lòng, vá vớt dầu, chày cối giã sả.","Ếch chặt miếng vừa ăn, đem ướp với hành băm, tỏi băm, hạt nêm, tiêu trong 15 phút. Sả củ cắt khúc khoảng 10cm, dùng chày giã dập rồi dùng tay xé thành những sợi thật mảnh như sợi rơm. Áo sả sợi với một chút bột bắp, cho vào chảo dầu nóng chiên vàng giòn, vớt ra để ráo dầu (đây là phần rơm). Thịt ếch lăn qua lớp bột bắp mỏng, thả vào chảo dầu chiên ngập dầu đến khi vàng ruộm và săn giòn, vớt ra. Xếp thịt ếch ra đĩa, sau đó phủ toàn bộ phần sả chiên giòn lên trên tạo hình ếch đang ""núp lùm"".",Keto / Low-carb,
canh-khoai-mo-thit-bam,Canh khoai mỡ thịt bằm,Nam,main,dinner,15,15,easy,210,12,28,6,4,580,2,20000,40000,balanced,Không có,"Ngọt dịu tự nhiên, canh sệt nhẹ bùi bùi, thơm nồng mùi ngò ôm gai",0,1,https://file.hstatic.net/200000721249/file/canh_khoai_mo_nau_tom_tuoi_cafb01ad3e3d492682cd13ca385e0f38.jpg,"Món canh màu tím mộng mơ đặc trưng trong mâm cơm hằng ngày của người Nam Bộ, vị khoai mỡ ngọt dẻo kết hợp với rau nêm ngò ôm tạo mùi thơm không lẫn vào đâu được.","Khoai mỡ tím: 400g, Thịt heo nạc băm nhuyễn: 150g, Hành tím băm: 10g, Hành lá: 15g, Rau ngò ôm (rau ngổ): 10g, Rau ngò gai: 10g, Hạt nêm: 15g, Muối ăn: 5g, Tiêu xay: 3g, Dầu ăn: 15ml, Nước lọc: 700ml.","Nồi nấu canh, muỗng nạo khoai.","Khoai mỡ gọt vỏ, rửa sạch, dùng muỗng nạo nhỏ (hoặc đập dập băm nhỏ) để tạo độ nhớt dẻo đặc trưng khi nấu. Ướp thịt băm với chút hạt nêm và tiêu trong 10 phút. Phi thơm hành tím băm với dầu ăn trong nồi, cho thịt băm vào xào săn. Đổ nước lọc vào nấu sôi, hớt bọt, sau đó cho khoai mỡ nạo vào khuấy đều. Nấu lửa vừa đến khi khoai chín mềm dẻo và canh sệt lại, nêm muối và hạt nêm vừa ăn rồi rắc hành lá, ngò ôm, ngò gai cắt nhỏ lên trên.",Cân bằng,
chao-ca-loc-rau-dang,Cháo cá lóc rau đắng,Nam,main,breakfast,25,40,medium,380,26,50,8,4,880,3,40000,70000,balanced,"Cá lóc, Nước mắm","Cháo ngọt đậm đà, thịt cá béo ngọt, ăn kèm rau đắng đất nhẫn nhẹ giải cảm",1,1,https://buulong.com.vn/wp-content/uploads/2026/03/chao-ca-loc-bau-rau-dang.jpg,"Sự kết hợp hoàn hảo giữa hạt gạo rang nở bung, thịt cá lóc đồng ngọt thanh và những cọng rau đắng đất nhỏ bé nhưng giàu dược tính.","Cá lóc đồng làm sạch: 600g, Gạo tẻ: 100g, Gạo nếp: 20g, Rau đắng đất tươi: 150g, Gừng tươi thái sợi: 15g, Hành tím phi: 15g, Hành lá: 20g, Giá đỗ: 100g, Hạt nêm: 20g, Nước mắm: 20ml, Tiêu xay: 5g, Nước lọc: 1500ml.","Nồi nấu chao lớn, chảo rang gạo.","Gạo tẻ và nếp đem rang trên chảo cho hơi vàng và thơm (giúp cháo không bị nát nhừ). Luộc chín cá lóc với nước lọc và vài lát gừng, vớt cá ra gỡ lấy phi lê thịt, ướp thịt cá với nước mắm và tiêu; giữ lại nước luộc. Cho gạo đã rang vào nồi nước luộc cá, ninh lửa nhỏ đến khi hạt gạo nở bung mềm mại thành cháo. Nêm hạt nêm vào cháo cho vừa vặn, thả phần thịt cá lóc vào đun sôi lại. Khi ăn, xếp giá đỗ và rau đắng đất dưới đáy tô, múc cháo cá nóng hổi chan lên, rắc gừng sợi, hành phi, tiêu xay và hành lá lên trên.",Eat clean,
oc-buou-nuong-tieu-xanh,Ốc bươu nướng tiêu xanh,Nam,main,lunch,30,15,easy,190,18,6,4,2,790,5,60000,110000,balanced,"Ốc bươu, Nước mắm","Thịt ốc sần sật, vị nước xốt mặn ngọt cay nồng, thơm lừng tiêu xanh",3,1,https://i.ytimg.com/vi/fjV_KL8NQ64/maxresdefault.jpg,"Món ăn dân dã nhưng cực kỳ hút khách tại các quán ăn miền Nam, ốc bươu được nướng trực tiếp trên bếp than cùng nước sốt mắm tiêu xanh kẹo lại bên trong vỏ.","Ốc bươu đen tươi sống: 1kg, Tiêu xanh nguyên chùm: 50g, Nước mắm cốt: 40ml, Đường cát: 30g, Tỏi băm: 10g, Hành tím băm: 10g, Ớt hiểm: 5g, Sả củ: 20g, Rau răm ăn kèm: 20g.","Bếp than (hoặc lò nướng), cối giã gia vị, vỉ nướng.","Ốc bươu ngâm nước vo gạo kèm vài lát ớt 2 tiếng cho nhả hết bùn, luộc sơ với sả đập dập khoảng 3 phút rồi chặt bớt phần đít nhọn của vỏ ốc. Làm nước xốt nướng: Giã nhuyễn một nửa lượng tiêu xanh, tỏi, hành tím và ớt; trộn đều với nước mắm và đường tạo hỗn hợp sệt ngọt mặn. Đặt ốc lên vỉ nướng trên bếp than hồng. Khi miệng ốc bắt đầu nóng lên và bốc hơi, múc 1 muỗng cà phê nước xốt tiêu xanh đổ vào từng con ốc, thả thêm vài hạt tiêu xanh nguyên hạt. Nướng đến khi nước xốt bên trong sôi bùng lên, tỏa mùi thơm nức và cạn bớt là ốc chín, dọn ăn nóng cùng rau răm.",Cân bằng,
ca-long-tong-kho-tieu,Cá lòng tòng kho tiêu,Nam,main ,lunch,15,20,easy,240,22,5,10,0,1100,6,30000,50000,balanced,"Cá lòng tòng, Nước mắm","Vị mặn ngọt đan xen, thịt cá săn chắc, cay ấm và thơm lừng tiêu đen",2,1,https://cdn.tgdd.vn/2021/05/CookRecipe/Avatar/ca-long-tong-kho-quet-thumbnail.jpg,"Món cá nước ngọt siêu nhỏ đặc thù của miền Tây, được kho tộ khô ráo, mặn ngọt đậm vị ăn cùng cơm trắng nóng hổi và rau tập tàng luộc.","Cá lòng tòng tươi: 300g, Nước mắm đặc: 35ml, Đường cát: 30g, Nước hàng (nước màu băm): 5ml, Dầu ăn: 20ml, Hành tím băm: 10g, Tiêu đen xay: 8g, Hành lá: 15g, Ớt hiểm: 5g.",Nồi đất nhỏ (tộ).,"Cá lòng tòng cắt bỏ đầu, ruột, rửa sạch bằng nước muối loãng, để thật ráo nước. Ướp cá trực tiếp trong nồi đất với nước mắm, đường, nước màu, hành tím băm và một nửa lượng tiêu xay trong 20 phút cho thịt cá săn lại. Đặt nồi đất lên bếp, thêm dầu ăn, vặn lửa lớn cho cá sôi bùng lên khoảng 3 phút. Hạ lửa thật nhỏ (liu riu), mở vung kho đến khi nước mắm cạn khô, thấm đượm vào từng con cá làm chúng cứng cáp và chuyển màu vàng nâu sẫm. Rắc phần tiêu xay còn lại, hành lá cắt nhỏ và ớt hiểm lên trên rồi nhấc xuống.",Cân bằng,
che-dau-ngu-nuoc-cot-dua,Chè đậu ngự nước cốt dừa,Nam,main,lunch,20,35,easy,290,6,48,8,5,150,28,15000,25000,vegetarian,Nước cốt dừa,"Đậu ngự bùi béo tan trong miệng, nước chè ngọt thanh, cốt dừa béo ngậy",0,1,https://cdn.tgdd.vn/2021/09/CookRecipe/Avatar/che-dau-ngu-hat-sen-thumbnail-2.jpg,"Món chè ngọt mát Nam Bộ sử dụng hạt đậu ngự lớn, nấu chín nhừ thanh tao kết hợp cùng nước cốt dừa dầm béo ngậy ăn nóng hoặc đá đều ngon.","Hạt đậu ngự tươi (đã bóc vỏ): 300g, Đường phèn: 120g, Nước cốt dừa đặc: 150ml, Bột năng: 10g, Lá dứa (lá nếp): 3 lá, Muối tinh: 2g, Nước lọc: 800ml.","Nồi nấu chè, nồi nhỏ thắng nước cốt dừa.","Đậu ngự tươi rửa sạch, cho vào nồi luộc với nước lọc đến khi hạt đậu chín mềm, bở bùi nhưng không bị nát. Thêm đường phèn và lá dứa vào nồi đậu, đun lửa nhỏ 10 phút cho hạt đậu ngậm đường ngọt thanh. Làm nước cốt dừa: Cho nước cốt dừa đặc vào nồi nhỏ, thêm muối, 20g đường và bột năng hòa tan với chút nước, khuấy đều trên lửa nhỏ đến khi hỗn hợp sệt lại. Múc chè đậu ngự ra ly hoặc chén. Chan một vá nước cốt dừa béo ngậy lên trên mặt, có thể thêm đá bào nếu ăn lạnh.",Ăn chay (Vegetarian),
nam-tram-xao-tom-thit,Nấm tràm xào tôm thịt,Nam,main,lunch,30,15,medium,280,22,10,14,3,650,4,80000,130000,balanced,"Tôm, Nước mắm","Vị đắng nhẹ thanh tao hậu ngọt sâu, tôm thịt béo ngọt, thơm nồng vị tiêu",1,1,https://nhahangcontoc.com/wp-content/uploads/2022/09/Nau-an-voi-Nam-tram-Nam-tram-xao-tom-thit-Chao-gio-heo-nam-tram-1-e1601235110290.jpg,"Món ăn đặc sản mùa mưa của Phú Quốc và vùng đất miền Nam, nấm tràm có vị đắng độc mộc tự nhiên nhưng khi kết hợp với tôm thịt lại tạo ra vị ngọt hậu vô cùng lôi cuốn.","Nấm tràm tươi: 250g, Tôm sú tươi: 150g, Thịt ba chỉ heo: 100g, Hành tím băm: 15g, Tỏi băm: 10g, Hành lá: 20g, Tiêu xay: 5g, Nước mắm: 20ml, Hạt nêm: 10g, Dầu ăn: 20ml.","Chảo xào, nồi luộc nấm.","Nấm tràm gọt sạch đất, ngâm nước muối 15 phút, đem luộc sơ với chút muối khoảng 3 phút để giảm bớt độ đắng bớt gắt rồi vớt ra xả nước lạnh, vắt ráo. Tôm lột vỏ bỏ chỉ đen; thịt ba chỉ thái mỏng vừa ăn. Phi thơm hành tím và tỏi băm với dầu ăn trên chảo, cho thịt ba chỉ và tôm vào xào săn chín tới, múc tạm ra đĩa. Tiếp tục dùng chảo đó, cho nấm tràm vào xào lửa lớn, nêm nước mắm và hạt nêm cho thấm vị nấm. Trút đĩa tôm thịt vào xào chung với nấm thêm 2 phút, rắc hành lá cắt khúc và thật nhiều tiêu xay lên trên rồi tắt bếp.",Cân bằng,
banh-xeo-mien-tay,Bánh xèo miền Tây,Nam,main,dinner,40,30,medium,450,18,60,15,6,820,5,50000,90000,balanced,"Tôm, Nước mắm","Vỏ bánh giòn rụm, thơm mùi cốt dừa và nghệ, nhân tôm thịt đậm đà",1,1,https://i-giadinh.vnecdn.net/2023/09/19/Buoc-10-Thanh-pham-1-1-5225-1695107554.jpg,"Loại bánh xèo khổ lớn đặc trưng của miền Tây với vành bánh mỏng giòn, ăn kèm hàng chục loại rau rừng và nước mắm chua ngọt.","Bột bánh xèo: 200g, Nước cốt dừa: 100ml, Tôm đất: 100g, Thịt ba rọi: 100g, Đậu xanh xanh cà: 50g, Giá đỗ: 100g, Hành lá: 20g, Bột nghệ: 5g, Rau sống các loại: 200g, Nước mắm: 30ml, Đường: 20g, Nước cốt chanh: 15ml.","Chảo nhôm lớn, vá múc bột.","Pha bột bánh xèo với nước cốt dừa, nước lọc, bột nghệ và hành lá. Xào sơ tôm và thịt ba rọi thái mỏng. Đổ bột vào chảo nóng, láng thật mỏng, cho nhân và giá đỗ vào giữa. Đậy nắp 2 phút rồi mở ra chiên đến khi vành bánh giòn vàng, gập đôi bánh. Pha nước mắm chua ngọt đồ chua, ăn kèm rau sống.",Cân bằng,
ca-linh-kho-lat,Cá linh kho lạt,Nam,main,dinner,15,15,easy,260,24,4,12,1,750,5,60000,100000,balanced,"Cá, Nước mắm","Vị ngọt béo của cá mùa nước nổi, thơm nồng mùi nghệ và dừa tươi",1,1,https://i-giadinh.vnecdn.net/2022/08/23/Thanh-pham-1-1-8947-1661240794.jpg,"Món ăn linh hồn của mùa nước nổi miền Tây, cá linh non xương mềm xèo, kho lạt để giữ nguyên vị ngọt tự nhiên.","Cá linh non: 400g, Nước dừa tươi: 200ml, Nghệ tươi băm: 20g, Hành tím băm: 15g, Nước mắm cốt: 30ml, Đường: 10g, Tiêu xay: 5g, Ớt: 5g.",Nồi đất hoặc chảo sâu lòng.,"Cá linh làm sạch, để nguyên con (không bỏ đầu/ruột vì cá non rất béo). Ướp cá với nghệ, hành băm và chút nước mắm. Cho nước dừa tươi vào nồi đun sôi, thả cá vào kho lửa lớn. Khi nước hơi cạn, nêm lại cho vừa vị ngọt thanh. Rắc tiêu và ớt, ăn kèm bông súng hoặc điên điển.",Eat clean,
dui-ga-chien-nuoc-mam,Đùi gà chiên nước mắm,Nam,main,dinner,20,20,easy,520,35,12,32,0,1250,15,60000,100000,balanced,"Gà, Nước mắm","Da gà giòn sần sật, xốt nước mắm kẹo lại mặn ngọt cay nồng",2,1,https://cdn.tgdd.vn/2021/03/CookProduct/1-1200x676-63.jpg,"Món ăn khoái khẩu của trẻ em và thanh niên miền Nam, đùi gà được áo lớp mắm đường đậm đà, óng ánh.","Đùi gà: 400g, Nước mắm: 40ml, Đường: 35g, Tỏi băm: 20g, Bột chiên giòn: 20g, Tiêu xay: 5g, Dầu ăn: 100ml.","Chảo chiên, giấy thấm dầu.","Gà rửa sạch, khía nhẹ, lăn qua bột chiên giòn mỏng. Chiên gà ngập dầu đến khi vàng giòn, vớt ra ráo dầu. Phi thơm tỏi, cho hỗn hợp mắm đường vào nấu đến khi nổi bong bóng. Cho gà vào đảo nhanh tay để xốt áo đều. Tắt bếp, rắc tiêu.",Cân bằng,
canh-chua-bong-dien-dien-ca-linh,Canh chua bông điên điển cá linh,Nam,main,dinner,20,15,easy,250,22,14,9,5,890,10,70000,120000,balanced,"Cá, Nước mắm","Chua thanh từ me, ngọt béo từ cá linh và vị nhẫn đặc trưng của điên điển",1,1,https://storage.googleapis.com/onelife-public/blog.onelife.vn/2021/10/cach-lam-canh-chua-ca-linh-bong-djien-djien-mien-tay-mon-chinh-736941591980.jpg,"Đặc sản mùa nước nổi, sự kết hợp tinh túy giữa sản vật sông ngòi và hoa dại miền Tây.","Cá linh non: 300g, Bông điên điển: 200g, Me chua: 50g, Ngò ôm, ngò gai: 20g, Nước mắm: 30ml, Đường: 25g, Ớt hiểm: 2 quả, Nước lọc: 1000ml.",Nồi nấu canh.,Nấu sôi nước với cốt me. Cho cá linh vào nấu chín (rất nhanh chín). Nêm gia vị mắm đường cho vừa miệng. Thả bông điên điển vào và tắt bếp ngay để rau giữ độ giòn. Rắc rau nêm và ớt.,Eat clean,
ba-roi-chien-sa-ot,Ba rọi chiên sả ớt,Nam,main,dinner,15,20,easy,480,20,5,42,2,720,3,50000,85000,keto,Nước mắm,"Thịt giòn bên ngoài, mềm béo bên trong, thơm nồng mùi sả cháy",2,1,https://cdn2.fptshop.com.vn/unsafe/1920x0/filters:format(webp):quality(75)/ba_roi_chien_sa_01_2c38dcfee2.jpg,Món cơm gia đình cực kỳ bắt vị với phần sả ớt chiên vàng bám chặt vào miếng thịt heo béo ngậy.,"Thịt ba rọi heo: 400g, Sả băm: 50g, Tỏi băm: 10g, Ớt băm: 10g, Muối: 5g, Hạt nêm: 5g, Dầu ăn: 30ml.",Chảo chiên.,"Thịt ba rọi thái miếng dài, ướp với sả, tỏi, ớt và gia vị. Để thịt thấm 15 phút. Cho dầu vào chảo, chiên thịt lửa vừa. Khi thịt vàng đều hai mặt, sả chuyển màu vàng giòn là đạt. Thái miếng vừa ăn khi thịt còn nóng.",Keto / Low-carb,
bun-mam-mien-tay,Bún mắm miền Tây,Nam,main,dinner,45,60,medium,550,32,65,18,7,1850,12,50000,80000,balanced,"Mắm cá, Tôm, Cá, Mực","Nước dùng mắm đậm đà, thơm mùi sả và ngải bún, nhân hải sản phong phú",1,1,https://www.huongnghiepaau.com/wp-content/uploads/2024/09/hoc-cach-lam-bun-mam-mien-tay.jpg,"Bản giao hưởng của mắm cá linh, cá sặc kết hợp với các loại đặc sản sông nước và rau đồng.","Mắm cá linh/sặc: 150g, Cá lóc: 100g, Tôm sú: 50g, Heo quay: 50g, Bún tươi: 200g, Sả cây: 3 nhánh, Ngải bún: 20g, Cà tím: 50g, Rau sống (bông súng, rau nhút): 100g.","Nồi nấu nước dùng, rây lọc mắm.","Nấu rã mắm cá với nước lọc, lọc lấy nước cốt. Đun sôi nước dùng với sả đập dập và ngải bún. Cho cà tím, cá, tôm vào nấu chín. Xếp bún ra tô, cho heo quay và nhân lên trên. Chan nước dùng mắm nóng hổi.",Cân bằng,
goi-cuon-tom-thit,Gỏi cuốn tôm thịt,Nam,main,dinner,30,15,easy,210,15,28,5,3,450,6,30000,60000,eatclean,"Tôm, Đậu phộng, Tương đậu nành","Tươi mát, vị ngọt tự nhiên của tôm thịt, nước xốt tương đen béo bùi",0,1,https://i-giadinh.vnecdn.net/2025/12/09/Goi-cuon-tom-thit-7-vnexpress-2800-5342-1765272698.jpg,"Món ăn nằm trong top những món ngon nhất thế giới, cực kỳ lành mạnh và đầy đủ dinh dưỡng.","Bánh tráng: 10 cái, Tôm sú: 200g, Thịt ba chỉ: 200g, Bún tươi: 200g, Hẹ: 20g, Rau thơm, xà lách: 100g, Tương đen: 50ml, Gan heo (làm xốt): 30g, Đậu phộng: 20g.","Nồi luộc, đĩa phẳng cuốn bánh.","Luộc chín tôm và thịt, tôm chẻ đôi, thịt thái lát mỏng. Nhúng ướt bánh tráng, xếp rau, bún, thịt và tôm (mặt đỏ hướng xuống). Đặt cọng hẹ thò ra ngoài rồi cuốn chặt tay. Làm nước chấm tương đen xào với gan xay và tỏi phi. Rắc đậu phộng rang lên xốt.",Eat clean,
dau-hu-kho-nam-rom,Đậu hũ kho nấm rơm,Nam,main,dinner,15,20,easy,180,14,10,9,3,550,5,20000,40000,vegetarian,Đậu nành,"Đậu hũ mềm béo thấm xốt mặn ngọt, nấm rơm giòn ngọt",1,1,https://cdn.tgdd.vn/2020/09/CookRecipe/GalleryStep/nam-rom-kho-dau-hu-10.jpg,"Món chay giản dị nhưng luôn có mặt trong bữa cơm của người miền Nam, cực kỳ đưa cơm.","Đậu hũ chiên: 300g, Nấm rơm: 150g, Nước tương: 30ml, Đường: 15g, Hành boa-rô: 10g, Tiêu xay: 5g, Nước lọc: 50ml.",Nồi đất hoặc chảo.,"Nấm rơm ngâm muối, rửa sạch. Phi thơm hành boa-rô, cho nấm vào xào sơ. Cho đậu hũ và hỗn hợp nước tương, đường vào nồi. Kho lửa nhỏ đến khi nước xốt sệt lại và thấm vào đậu. Rắc tiêu xay.",Ăn chay (Vegetarian),
suon-non-kho-khom,Sườn non kho khóm,Nam,main,dinner,20,30,medium,420,28,15,25,2,880,18,70000,120000,balanced,Nước mắm,"Sườn mềm, vị chua ngọt từ khóm kích thích vị giác",1,1,https://pasgo.vn/Upload/anh-blog/cach-lam-suon-kho-thom--kho-dua--ngon-mem--chua-ngot-an-het-sach-noi-com-400-173636784854.webp,"Khóm (dứa) giúp thịt sườn nhanh mềm và tạo ra nước kho vàng óng, chua ngọt tự nhiên.","Sườn non heo: 500g, Khóm (dứa): 200g, Hành tím băm: 20g, Nước mắm: 30ml, Đường: 20g, Nước màu: 5ml, Hành lá: 20g.",Nồi kho.,"Sườn chặt nhỏ, chần sơ, ướp gia vị hành băm. Xào sườn cho săn rồi cho nước màu vào. Cho khóm thái miếng vào kho chung. Thêm chút nước lọc, kho lửa nhỏ đến khi sườn mềm và nước kẹo lại. Rắc hành lá.",Cân bằng,
kho-qua-nhoi-ca-thac-lac,Khổ qua nhồi cá thác lác,Nam,main,dinner,30,25,medium,290,26,12,14,5,680,4,80000,130000,eatclean,"Cá, Nước mắm","Vị đắng thanh của khổ qua, nhân cá thác lác dai giòn sần sật",1,1,https://i.ytimg.com/vi/-lO9LrKqypk/maxresdefault.jpg,Món canh giải nhiệt và cũng là món ăn truyền thống trong ngày Tết miền Nam (với ý nghĩa khổ qua đi).,"Khổ qua (mướp đắng): 400g, Cá thác lác nạo sẵn: 250g, Hành tím: 20g, Hành lá: 20g, Muối: 15g, tiêu: 15g, hạt nêm: 15g, Nước dùng xương: 1000ml.","Nồi nấu canh, muỗng quết cá.","Quết cá thác lác với hành băm, tiêu thật kỹ để tạo độ dai. Khổ qua bỏ ruột, cắt khúc hoặc để nguyên. Nhồi cá vào trong khổ qua. Đun sôi nước dùng, cho khổ qua vào hầm lửa vừa đến khi chín mềm. Nêm gia vị vừa ăn, rắc hành ngò.",Eat clean,
ca-hu-kho-to,Cá hú kho tộ,Nam,main,dinner,20,25,medium,380,28,6,22,0,950,12,60000,110000,balanced,"Cá, Nước mắm","Thịt cá béo ngậy, xốt mắm đường sánh kẹo, cay nồng tiêu và ớt",2,1,https://thangbomquan.com/data/product/c%C3%A1%20%20h%C3%BA%20kho.jpeg,"Món kho đặc trưng Nam Bộ với cá da trơn béo mượt, luôn được thực khách yêu thích.","Cá hú cắt khúc: 500g, Mỡ gáy heo: 50g, Nước mắm: 40ml, Đường: 35g, Nước màu: 5ml, Hành tím:20g, tỏi băm: 20g, Tiêu xay: 5g, Ớt: 10g.",Nồi đất.,"Ướp cá với mắm, đường, nước màu và hành tỏi trong 20 phút. Thắng mỡ lấy tóp mỡ, phi thơm hành tỏi. Cho cá vào nồi đất kho lửa lớn cho săn. Hạ lửa nhỏ, kho đến khi nước sệt lại vàng óng. Cho tóp mỡ, tiêu và ớt lên mặt.",Cân bằng,
che-bap-nuoc-cot-dua,Chè bắp nước cốt dừa,Nam,main,lunch,15,25,easy,250,4,45,7,3,100,25,10000,20000,vegetarian,Nước cốt dừa,"Ngọt thanh mùi bắp nếp, dẻo nhẹ của bột năng và béo ngậy của cốt dừa",0,1,https://storage.googleapis.com/onelife-public/blog.onelife.vn/2021/10/cach-lam-che-bap-nuoc-cot-dua-beo-thom-mon-trang-mieng-479785504697.jpg,"Món tráng miệng dẻo thơm, kết hợp giữa bắp nếp và nước cốt dừa béo ngậy.","Bắp nếp tươi: 3 trái, Nước cốt dừa: 200ml, Đường cát: 100g, Bột năng: 20g, Lá dứa: 2 lá, Muối: 2g.",Nồi nấu chè.," Luộc bắp nếp rồi bào mỏng hạt. Nấu nước với lá dứa, cho bắp vào nấu chín. Thêm đường và bột năng pha loãng để tạo độ dẻo. Thắng nước cốt dừa với muối và đường. Chan cốt dừa lên chè bắp.",Ăn chay (Vegetarian),
rau-muong-xao-chao,Rau muống xào chao,Nam,main,lunch,10,5,easy,120,4,8,8,3,520,4,15000,30000,vegetarian,Đậu nành (chao),"Rau giòn xanh, vị béo nồng đặc trưng của chao trắng",1,1,https://cdn.tgdd.vn/2021/06/CookRecipe/GalleryStep/thanh-pham.jpg,Món xào dân dã nhưng cực kỳ đưa cơm với vị chao béo ngậy.,"Rau muống: 400g, Chao trắng: 3 viên, Tỏi băm: 15g, Đường: 10g, Dầu ăn: 20ml.",Chảo xào.,"Rau muống nhặt sạch, chần sơ nước sôi. Tán nhuyễn chao với chút đường. Phi thơm tỏi, cho rau muống vào xào lửa lớn. Đổ chao vào đảo nhanh tay. Tắt bếp bày ra đĩa.",Ăn chay (Vegetarian),
bi-cuon-mien-tay,Bì cuốn miền Tây,Nam,main,lunch,40,20,medium,240,18,30,6,4,600,10,30000,50000,balanced,"Nước mắm, Thính gạo","Thơm mùi thính, vị bùi bùi của da heo và thịt khìa",1,1,https://cdnv2.tgdd.vn/mwg-static/common/Common/20052025%20%286%29.jpg,"Sự kết hợp giữa bì giòn, thịt khìa thơm và rau sống, cuốn trong bánh tráng dẻo.","Bánh tráng: 10 cái, Da heo thái sợi: 100g, Thịt đùi khìa: 200g, Thính gạo: 30g, Rau sống: 100g, Bún: 100g.",Đĩa cuốn.,"Trộn da heo, thịt khìa thái sợi với thính gạo. Làm ướt bánh tráng. Xếp rau sống, bún và hỗn hợp bì lên bánh. Cuốn chặt tay. Ăn kèm nước mắm chua ngọt.",Cân bằng,
ca-dieu-hong-chien-xu,Cá diêu hồng chiên xù,Nam,main,lunch,15,15,easy,380,30,5,24,0,550,2,80000,150000,balanced,Cá,"Lớp vảy giòn tan, thịt cá trắng ngọt, ăn kèm mắm me",1,1,https://cdnv2.tgdd.vn/bhx-static/bhx/News/Images/2019/11/08/1216702/bhx-760_202410151623390079.jpg,"Cá được chiên nguyên vảy để tạo độ giòn xù độc đáo, giữ thịt bên trong ẩm ngọt.","Cá diêu hồng: 800g, Dầu ăn: 500ml, Rau sống: 200g, Mắm me: 50ml.",Chảo lớn.,"Làm sạch cá, để nguyên vảy, lau khô. Đun dầu thật nóng. Thả cá vào chiên ngập dầu đến khi vảy dựng lên và vàng giòn. Vớt ra ráo dầu. Chấm mắm me, cuốn rau sống.",Cân bằng,
suon-ram-man-ngot,Sườn ram mặn ngọt,Nam,main,lunch,15,25,easy,450,26,10,35,0,920,15,60000,100000,balanced,Nước mắm,"Màu vàng cánh gián, vị mặn ngọt đậm đà phủ đều miếng sườn",1,1,https://i.ytimg.com/vi/IdJ5MnryeOc/maxresdefault.jpg,Món mặn kinh điển trong mâm cơm Nam Bộ với nước xốt sệt óng ánh.,"Sườn non: 500g, Nước mắm: 30ml, Đường: 30g, Tỏi băm: 15g, Tiêu xay: 5g.",Chảo.,"Sườn chần sơ, ướp với tỏi và mắm. Chiên sườn cho vàng mặt. Cho hỗn hợp mắm đường vào. Ram lửa nhỏ đến khi nước xốt sệt lại bám vào sườn. Rắc tiêu.",Cân bằng,
lau-ca-linh-bong-sung,Lẩu cá linh bông súng,Nam,main,lunch,30,20,medium,420,30,40,15,8,1200,15,150000,250000,balanced,"Cá, Nước mắm","Nước dùng chua ngọt đậm đà, cá linh béo mượt hòa quyện bông súng giòn",1,1,https://cdn.tgdd.vn/2020/06/CookProductThumb/thum620-620x620-6.jpg,Món lẩu đặc sản miền Tây vào mùa nước nổi với vị chua thanh từ me.,"Cá linh: 300g, Bông súng: 200g, Kèo nèo: 100g, Me: 50g, Nước dùng: 1.5L.",Nồi lẩu.,Nấu nước dùng với cốt me chua ngọt. Sơ chế rau và cá linh. Khi ăn thả cá vào trước. Thả rau vào nhúng chín tái. Ăn kèm bún và nước mắm mặn.,Cân bằng,
bong-bi-nhoi-thit-chien-gion,Bông bí nhồi thịt chiên giòn,Nam,main,lunch,30,15,medium,350,18,25,20,3,650,3,40000,80000,balanced,"Trứng, Bột mì","Bông bí giòn tan, nhân thịt băm mộc nhĩ ngọt bùi",1,1,https://cdn.tgdd.vn/2021/05/CookRecipe/Avatar/bong-bi-nhoi-thit-chien-gion-thumbnail.jpg,"Sự sáng tạo từ bông bí vàng tươi, nhồi nhân thịt đậm đà chiên trong lớp bột giòn.","Bông bí tươi: 15 bông, Thịt heo băm: 200g, Mộc nhĩ: 20g, Bột chiên giòn: 100g.",Chảo chiên.,"Bông bí bỏ nhụy, rửa nhẹ tay. Trộn thịt băm với mộc nhĩ, gia vị. Nhồi nhân vào bông bí. Nhúng qua bột chiên giòn. Chiên vàng trong dầu nóng.",Cân bằng,
goi-cu-thu-dua-tom-thit,Gỏi củ hũ dừa tôm thịt,Nam,main,lunch,30,15,medium,290,20,15,12,6,720,12,120000,180000,eatclean,"Tôm, Đậu phộng, Nước mắm","Củ hũ dừa trắng nõn, giòn ngọt, vị chua thanh tinh tế",1,1,https://i.ytimg.com/vi/mDhh37fuDxI/hq720.jpg?sqp=-oaymwEhCK4FEIIDSFryq4qpAxMIARUAAAAAGAElAADIQj0AgKJD&rs=AOn4CLAjr0WgwTuQYe3hz92a7EOR00UZZQ,"Đặc sản xứ dừa với phần nõn dừa non nhất, kết hợp cùng tôm thịt tươi ngon.","Củ hũ dừa: 300g, Tôm sú: 150g, Thịt ba chỉ: 150g, Đậu phộng: 20g, Nước mắm chua ngọt: 50ml.",Tô trộn.,"Củ hũ dừa thái lát, ngâm nước chanh cho trắng. Luộc chín tôm thịt, thái mỏng. Pha nước mắm trộn gỏi. Trộn tất cả nguyên liệu với nước xốt. Rắc đậu phộng, hành phi.",Eat clean,
bun-quay-phu-quoc,Bún Quậy Phú Quốc,Nam,main,breakfast,30,15,medium,350,28,45,6,2,980,10,45000,75000,eatclean,"Tôm, Cá, Mực","Ngọt thanh từ nước dùng luộc bún, đậm đà vị hải sản tươi, cay nồng tiêu và tắc",2,1,https://biolomix.vn/wp-content/uploads/2025/04/140413.jpg,"Đặc sản trứ danh của đảo ngọc Phú Quốc, điểm độc đáo là chả tôm mực được quết tươi vào tô rồi chan nước dùng nóng hổi, ăn kèm nước chấm tự pha ""quậy"" đều.","Chả tôm tươi: 80g, Chả mực tươi: 80g, Cá trích phi lê: 40g, Bún tươi: 150g, Hành lá: 20g, Tiêu Phú Quốc: 5g, Nước mắm: 15ml, Đường: 15g, Nước cốt tắc: 10ml, Ớt xay: 5g, Nước luộc bún: 400ml.","Tô lớn, muỗng (để quết), nồi nấu nước dùng.","Chuẩn bị hỗn hợp tôm mực tươi đã được quết nhuyễn với chút tiêu và hành tím. Dùng muỗng quết một lớp mỏng hỗn hợp tôm và mực vào quanh thành tô lớn. Cho hành lá xắt nhỏ và một ít tiêu vào tô. Nấu nước luộc bún cho thật sôi, chan trực tiếp vào tô để làm chín lớp chả tôm mực. Cho bún tươi vào tô, quậy đều để phần chả tróc ra. Tự pha nước chấm gồm: muối, đường, hạt tiêu, ớt và tắc, quậy đến khi sền sệt rồi múc một ít cho vào tô bún, phần còn lại để chấm hải sản.",Eat clean,
lau-cua-dong-hai-san,Lẩu cua đồng hải sản,Nam,main,lunch,40,30,medium,480,35,28,16,5,1350,8,180000,280000,balanced,"Cua đồng, Tôm, Nước mắm","Nước lẩu ngọt đậm đà từ riêu cua tự nhiên, vị thanh mát, thơm nồng hành phi",1,1,https://bizweb.dktcdn.net/thumb/1024x1024/100/400/734/products/lau-cua-dong-3.jpg?v=1617607810220,"Món lẩu tụ họp gia đình quen thuộc tại Nam Bộ, kết hợp giữa vị ngọt đồng nội của cua giã nhuyễn và các loại hải sản tươi sống sông nước.","Cua đồng xay sẵn: 400g, Tôm sú: 150g, Mực ống: 150g, Đậu hũ chiên: 2 miếng, Cà chua: 2 quả, Hành tím: 20g, Bún tươi: 400g, Rau mồng tơi:200g, mướp hương: 200g, Hạt nêm: 20g, Nước mắm: 25ml.","Nồi lẩu, rây lọc cua, chảo xào cà chua.","Hòa cua đồng xay với nước lọc, bóp nhẹ rồi lọc qua rây 2-3 lần để lấy nước cốt, bỏ bã. Đun nước cua trên lửa nhỏ, khuấy nhẹ tay theo một chiều đến khi riêu cua kết tụ thành mảng thì vớt ra để riêng. Phi thơm hành tím, xào cà chua tạo màu rồi trút vào nồi nước dùng cua. Nêm nếm hạt nêm, nước mắm cho vừa vị ngọt thanh. Khi ăn, bày đậu hũ, tôm, mực và các loại rau xung quanh nồi lẩu sôi sùng sục, dùng kèm bún tươi.",Cân bằng,
ga-hap-cu-nen,Gà Hấp Củ Nén,Nam,main,lunch,20,40,easy,390,32,8,18,1,690,2,150000,220000,eatclean,"Thịt gà, Nước mắm","Thịt gà ngọt dai tự nhiên, quyện chặt mùi thơm hăng nồng rất đặc trưng của củ nén giã dập",1,1,https://cdn.tgdd.vn/2022/08/CookDish/cach-lam-ga-kho-cu-nen-dam-da-thom-ngon-kho-cuong-cho-bua-com-avt-1200x676.jpg,"Món ăn bài thuốc dân dã của người miền trong, củ nén (hành tăm) không chỉ khử tanh cực tốt mà còn giúp món gà hấp có hương vị thơm ngon khó cưỡng.","Gà ta: 1.2kg, Củ nén: 100g, Lá chanh non: 5 lá, Nước mắm cốt: 30ml, Hạt nêm: 15g, Tiêu hạt giã dập: 5g, Dầu hành: 10ml.","Nồi hấp cách thủy lớn, cối giã củ nén.","Củ nén rửa sạch, cho vào cối giã dập (không giã quá nát). Trộn củ nén với nước mắm, hạt nêm, tiêu hạt và dầu hành để làm hỗn hợp ướp. Thoa đều hỗn hợp lên khắp mình gà và nhét một ít vào bên trong bụng gà, để thấm 30 phút. Lót một ít củ nén và lá chanh dưới xửng hấp, đặt gà lên trên. Hấp cách thủy lửa vừa trong 35-40 phút đến khi gà chín tới, da vàng bóng thơm nức.",Eat clean,
ca-chot-kho-sa-ot,Cá chốt kho sả ớt,Nam,main,lunch,20,20,easy,230,21,6,9,2,980,7,40000,70000,balanced,"Cá chốt, Nước mắm","Thịt cá săn chắc, béo ngậy, phủ đầy lớp sả ớt cay nồng, mặn ngọt đậm đà",3,1,https://cdn.tgdd.vn/2021/05/CookProduct/thumbcmscn-1200x676-7.jpg,"Loại cá sông đặc sản sông nước miền Tây, đặc biệt vào mùa trứng cá béo bùi, đem kho tộ với sả ớt băm thì hao cơm vô cùng.","Cá chốt tươi: 350g, Sả băm nhuyễn: 40g, Ớt băm: 10g, Tỏi băm: 10g, Nước mắm: 35ml, Đường cát: 25g, Nước màu dừa: 5ml, Dầu ăn: 15ml.",Nồi đất (tộ) để kho cá.,"Cá chốt cắt bỏ ngạnh, làm sạch ruột, chà muối cho bớt nhớt rồi rửa sạch, để ráo. Cho sả băm, ớt băm, tỏi băm vào nồi đất phi thơm với dầu ăn, múc bớt một nửa ra đĩa. Xếp cá vào nồi, cho nước mắm, đường, nước màu dừa và phần sả ớt còn lại vào ướp 15 phút. Đặt nồi lên bếp kho lửa lớn cho cá săn lại và thấm màu vàng nâu. Hạ lửa liu riu, thêm xíu nước ấm, kho đến khi nước sệt kẹo lại bám đều vào thân cá thì rắc phần sả ớt phi ban đầu lên trên rồi tắt bếp.",Cân bằng,
kho-ca-sac-ran-tron-goi-xoai,Khô cá sặc rằn trộn gỏi xoài,Nam,main,lunch,15,15,easy,210,16,18,6,3,890,12,50000,90000,balanced,"Khô cá sặc, Nước mắm",Vị mặn đặc trưng và béo từ khô cá sặc trung hòa hoàn hảo với vị chua giòn của xoài xanh và nước mắm đường ngọt dịu,2,1,https://bepcotam.vn/uploads/images/anh-do-kho/goi-xoai-kho-ca-sac.jpg,"Món nhắm hoặc món khai vị quen thuộc của người dân miền Tây, ngon nhờ sự kết hợp tương phản giữa khô mặn và trái cây chua.","Khô cá sặc rằn: 200g, Xoài xanh: 300g, Rau răm: 20g, Nước mắm cốt: 15ml, Đường cát: 30g, Ớt băm: 5g, Tỏi băm: 5g.","Bếp nướng (hoặc chảo chiên), đồ bào sợi xoài, tô trộn gỏi.","Khô cá sặc đem nướng trên bếp than hoặc áp chảo cho chín vàng đều hai mặt, tỏa mùi thơm. Để cá hơi nguội, loại bỏ xương, xé thịt cá thành các miếng nhỏ vừa ăn. Xoài xanh gọt vỏ, dùng đồ bào sợi mỏng, ngâm nước đá 5 phút cho giòn rồi vớt ra vắt thật ráo. Pha nước mắm trộn: Hòa tan đường với nước mắm, tỏi băm và ớt băm tạo thành nước xốt sánh ngọt. Cho xoài sợi, khô sặc xé nhỏ và rau răm cắt khúc vào tô, rưới nước xốt vào trộn đều nhẹ tay, dọn ra đĩa.",Cân bằng,
banh-tam-bi-nuoc-cot-dua,Bánh tằm bì nước cốt dừa,Nam,main,breakfast,45,25,medium,490,14,72,16,3,710,14,35000,60000,balanced,"Da heo, Thính, Nước mắm, Nước cốt dừa","Sợi bánh dẻo mịn, bì giòn thơm thính, xốt cốt dừa béo mặn ngọt đan xen rất độc đáo",1,1,https://i.ytimg.com/vi/KNpsIY2D17g/maxresdefault.jpg,"Sự kết hợp độc nhất vô nhị của ẩm thực Nam Bộ khi trộn lẫn món mặn (bì, thịt khìa), món bún bánh và nước cốt dừa béo ngậy kèm nước mắm chua ngọt.","Sợi bánh tằm khoai mì/gạo: 400g, Bì heo làm sẵn: 100g, Thịt nạc heo khìa thái sợi: 100g, Nước cốt dừa đặc: 150ml, Bột năng: 5g, Dưa leo:100g, rau thơm: 100g, Nước mắm chua ngọt pha sẵn: 50ml, Hành lá làm mỡ hành: 20g.","Nồi nhỏ thắng cốt dừa, xửng hấp bánh tằm.","Bánh tằm đem hấp lại cho nóng và mềm dẻo. Làm nước cốt dừa: Cho cốt dừa vào nồi, thêm xíu muối, đường và bột năng hòa tan, khuấy đều trên lửa nhỏ cho đến khi xốt sệt nhẹ lại. Làm mỡ hành bằng cách dội dầu sôi vào hành lá cắt nhỏ. Xếp dưa leo băm sợi và rau thơm dưới đĩa, đặt bánh tằm lên trên, cho bì và thịt khìa vào một góc. Chan mỡ hành, rưới nước cốt dừa đặc lên bánh và rưới nước mắm chua ngọt xung quanh khi ăn.",Cân bằng,
canh-khoai-tay-suon-non,Canh khoai tây sườn non,Nam,main,lunch,15,25,easy,320,22,28,14,4,610,5,60000,95000,balanced,"Sườn heo, Nước mắm","Nước canh ngọt thanh từ sườn heo, khoai tây và cà rốt ninh mềm bùi, vị ngọt đậm hơn kiểu Bắc",0,1,https://bepphuongdong.com/images/2018/2024/canh-khoai-tay-nau-suon-non-2.jpg,"Món canh củ quả nấu sườn thanh nhẹ bổ dưỡng, người miền Nam thường nêm thêm một chút xíu đường để nước canh có vị ngọt thanh dịu.","Sườn non heo: 350g, Khoai tây: 200g, Cà rốt: 100g, Hành tây: 50g, Hành lá:20g, ngò rí: 20g, Hạt nêm: 15g, Nước mắm: 15ml, Đường cát: 5g, Nước lọc: 1200ml.",Nồi nấu canh lớn.,"Sườn non chặt khúc vừa ăn, chần qua nước sôi 2 phút để khử mùi, rửa sạch lại. Khoai tây, cà rốt gọt vỏ, cắt miếng khối vừa ăn. Cho sườn vào nồi cùng nước lọc, đun sôi rồi hạ lửa nhỏ ninh sườn trong 15 phút, hớt bọt liên tục cho nước trong. Cho khoai tây và cà rốt vào hầm chung đến khi các loại củ chín mềm bở. Nêm hạt nêm, nước mắm, đường cho vừa khẩu vị, thả hành tây cắt múi cau và hành ngò vào rồi tắt bếp.",Cân bằng,
nuoc-dau-den-hat-sen,Nước đậu đen hạt sen,Nam,main,breakfast,15,40,easy,160,5,32,1,6,40,15,15000,25000,vegetarian,Không có,"Vị ngọt thanh tao của đường phèn, hạt sen bùi bở, nước đậu đen thơm mát giải nhiệt",0,1,https://cdn2.fptshop.com.vn/unsafe/che_hat_sen_dau_den_6_74a6aab6b4.png,"Thức uống giải nhiệt thanh lọc cơ thể rất được ưa chuộng tại miền Nam vào những ngày nắng nóng, giúp ngủ ngon và đẹp da.","Đậu đen xanh lòng: 100g, Hạt sen tươi: 100g, Đường phèn: 60g, Lá dứa: 2 lá, Nước lọc: 1200ml.","Nồi ninh, muỗng khuấy.","Đậu đen rửa sạch, nhặt bỏ hạt lép, đem rang sơ trên chảo cho thơm (giúp nước đậu không bị chát). Cho đậu đen và nước lọc vào nồi ninh lửa nhỏ khoảng 20 phút. Cho hạt sen tươi và lá dứa vào nồi đun chung đến khi cả đậu và sen đều chín mềm mềm bùi. Cho đường phèn vào khuấy tan, đun thêm 5 phút trên lửa riu riu để hạt sen ngấm đường. Vớt lá dứa ra, để nguội, dùng uống nóng hoặc thêm đá viên tùy thích.",Ăn chay (Vegetarian),
hu-tieu-nam-vang-kho,Hủ tiếu Nam Vang khô,Nam,main,breakfast,30,45,medium,530,28,75,14,4,1420,10,45000,75000,balanced,"Tôm, Trứng cút, Nước tương, Hắc xì dầu","Sợi hủ tiếu dai thấm xốt hắc xì dầu chua mặn ngọt, thơm lừng tỏi phi vàng và tóp mỡ",1,1,https://lh4.googleusercontent.com/proxy/Ed62MP6tKDb_vr0mdGMO_DWgsKcDWJkXTxbM6EpFtn1h9ILNPpaYTE91xKIiId9_fzqvxv22XVE_OCAQXrzJbfKl3LPgT0njRBpzWtzr6BxxPiX0X5Uz0gCq1U7k8foSfRzwye02E2_UqhDh1MD29ckBONj3Kg1telnP2l7C,"Phiên bản hủ tiếu khô trộn xốt đậm đà, dọn kèm một chén nước dùng sườn ống thanh ngọt bên cạnh, là món ăn sáng/tối kinh điển tại Sài Gòn.","Sợi hủ tiếu khô: 100g, Thịt bằm: 50g, Tôm sú luộc: 20g, Gan heo luộc: 30g, Trứng cút: 2 quả, Tỏi phi vàng: 15g, Hắc xì dầu: 15ml, Nước tương: 10ml, Đường: 10g, Giá hẹ:50g, tần ô ăn kèm: 50g, Nước sườn ống ninh: 300ml.","Nồi trụng hủ tiếu, nồi nhỏ làm nước xốt trộn.","Làm nước xốt trộn: Phi thơm tỏi, cho hắc xì dầu, nước tương, đường và xíu nước sườn vào đun sôi kẹo lại. Trụng chín sợi hủ tiếu qua nước sôi, vớt ra xóc đều với một chút dầu tỏi phi để không bị dính. Xào chín thịt bằm với xíu hạt nêm. Cho hủ tiếu vào tô, rưới nước xốt trộn đều, xếp tôm lột vỏ, gan heo thái lát, trứng cút bóc vỏ và thịt bằm lên trên, rắc nhiều tỏi phi. Bày giá hẹ xung quanh, dọn kèm chén nước dùng sườn ống nóng hổi rắc hành ngò.",Cân bằng,
canh-bi-dao-nau-tom-tuoi,Canh bí đao nấu tôm tươi,Nam,main,dinner,15,12,easy,140,15,10,3,3,540,4,30000,50000,eatclean,"Tôm, Nước mắm","Nước canh trong, ngọt thanh tự nhiên từ bí đao tươi và thịt tôm giã dập, vị nhẹ nhàng",0,1,https://i.ex-cdn.com/nongnghiepmoitruong.vn/files/dungct/2021/06/24/mon-ngon-moi-ngay-canh-bi-dao-xanh-tom-tuoi-123712_20210624_153.jpg,"Món canh quốc dân trong mùa hè, bí đao tính mát kết hợp tôm tươi giã dập tiết ra vị ngọt lành, rất phù hợp cho thực đơn giảm cân giữ dáng.","Bí đao xanh: 400g, Tôm sú tươi: 100g, Hành tím: 10g, Hành lá: 15g, ngò rí: 15g, Hạt nêm: 10g, Nước mắm: 15ml, Tiêu xay: 2g, Nước lọc: 900ml.",Nồi nấu canh.,"Bí đao gọt vỏ, bỏ ruột, rửa sạch rồi cắt lát mỏng hoặc thái sợi dày. Tôm lột vỏ, bỏ chỉ đen, đem giã dập sơ (không giã nhuyễn để nước canh ngọt và thịt tôm vẫn có độ giòn), ướp chút hành tím băm và hạt nêm. Cho xíu dầu ăn vào nồi, phi thơm hành tím, cho tôm vào đảo nhanh tay cho chuyển màu hồng. Đổ nước lọc vào đun sôi, hớt sạch bọt để nước canh được trong veo. Thả bí đao vào nấu chín tới (khoảng 3 phút), nêm nước mắm cho vừa vặn, rắc hành ngò cắt nhỏ và tiêu xay rồi tắt bếp ngay.",Eat clean,
ca-loc-nuong-trui-mien-tay,Cá lóc nướng trui miền Tây,Nam,main,dinner,15,20,easy,340,35,12,14,4,680,6,90000,150000,eatclean,"Cá lóc, Đậu phộng, Nước mắm","Thịt cá lóc nướng rơm thơm lừng mộc mạc, ngọt đậm, quyện mỡ hành béo ngậy và nước chấm me chua cay",1,1,https://cdn.tgdd.vn/Files/2021/08/04/1372928/cach-lam-mon-ca-loc-nuong-trui-dan-da-dac-san-mien-tay-202206041532565016.jpg,"Trải nghiệm ẩm thực hoang dã trứ danh Nam Bộ, cá lóc không cần cạo vảy hay mổ ruột, xiên vào thanh tre rồi vùi hoàn toàn vào đống rơm khô đốt cháy.","Cá lóc đồng: 700g, Rơm khô: 20g, Hành lá làm mỡ hành: 30g, Đậu phộng rang giã dập: 20g, Bánh tráng cuốn: 200g, bún tươi: 200g, rau sống: 200g, Mắm me chấm kèm: 60ml.","Thanh tre/đũa cả xiên cá, vỉ nướng hoặc khoảng sân trống để đốt rơm.","Cá lóc rửa sạch nhớt bằng chanh muối, để nguyên vảy, nguyên con không mổ bụng. Dùng thanh tre xiên từ miệng cá dọc xuống đuôi. Cắm thanh tre xuống đất, phủ kín rơm khô xung quanh cá và châm lửa đốt trui khoảng 15-20 phút đến khi rơm cháy rụi hoàn toàn. Vớt cá ra, dùng dao cạo bỏ toàn bộ lớp vảy bị cháy đen bên ngoài, lộ ra phần da cá vàng óng, thịt bốc khói thơm phức. Tách đôi lưng cá, bỏ ruột (hoặc giữ lại mật nếu ăn được vị đắng bùi), rưới mỡ hành và đậu phộng rang lên thớ thịt trắng phau. Cuốn thịt cá với bánh tráng, bún, rau rừng và chấm mắm me chua ngọt.",Eat clean,
vit-om-sau,Vịt om sấu,Bắc,main,lunch,20,40,easy,450,25,10,35,3,850,2,150000,250000,balanced,Thịt vịt,"Vị chua thanh của sấu quyện với thịt vịt béo ngậy và mùi thơm của gừng, sả.",1,1,https://file.hstatic.net/200000721249/file/_tiet_lam_mon_vit_om_sau_truyen_thong_8fd46444edda4d65abab0dbdababf5cd.png,Món ăn giải nhiệt mùa hè đặc trưng của Hà Nội.,"Vịt cỏ: 1.2kg, Sấu tươi: 10 quả, Khoai môn: 200g, Gừng: 40g, sả: 40g, hành tím: 30g, rau ngổ: 10g, mùi tàu: 15g.",Nồi lớn.,"Vịt xát muối gừng rửa sạch, chặt miếng vừa ăn. Ướp vịt với hành, sả, gừng băm và gia vị. Xào săn thịt vịt. Đổ nước ngập thịt, cho sấu và khoai môn vào ninh mềm. Dầm sấu lấy vị chua, nêm lại gia vị, rắc rau ngổ mùi tàu.",Cân bằng,
cha-ruoi-tu-ky,Chả rươi Tứ Kỳ,Bắc,main,lunch,30,15,medium,320,20,5,25,1,600,1,200000,400000,balanced,"Rươi, Trứng","Vị ngậy của rươi, thơm nồng của vỏ quýt và lá lốt.",1,1,https://cdn.tgdd.vn/Files/2021/07/31/1372109/cach-lam-cha-ruoi-thom-ngon-bo-duong-dac-san-tu-ky-202201051452109536.jpg,Đặc sản Hải Dương nức tiếng vào mùa rươi.,"Rươi tươi: 300g, Thịt nạc vai băm: 150g, Trứng gà: 2 quả, Vỏ quýt: 5g, lá lốt: 20g, hành hoa: 15g, thì là: 15g.",Chảo chiên.,"Làm sạch rươi bằng nước ấm (làm lông). Đánh nhẹ rươi rồi trộn cùng thịt băm, trứng, vỏ quýt thái chỉ và các loại rau thơm. Nêm nước mắm, tiêu. Chiên nhỏ lửa thành từng miếng tròn vàng đều hai mặt.",Cân bằng,
ca-diec-om-tuong,Cá diếc om tương,Bắc,main,lunch,15,60,easy,210,22,4,12,1,900,2,40000,80000,balanced,"Cá, Đậu nành (tương)","Vị ngọt của cá đồng, mùi thơm đặc trưng của tương bần và riềng gừng.",1,1,https://i-giadinh.vnecdn.net/2024/04/05/Thnhphm1-1712301387-3964-1712301472.jpg,"Món ăn dân dã, đậm đà hương vị đồng quê Bắc Bộ.","Cá diếc: 500g, Tương bần: 100ml, Riềng: 50g, gừng: 20g, khế chua: 100g, sả: 30.",Niêu đất hoặc nồi dày.,"Cá làm sạch. Riềng gừng thái lát. Lót riềng gừng, khế dưới đáy nồi, xếp cá lên trên. Đổ tương bần vào, thêm chút nước nếu cần. Kho nhỏ lửa cho đến khi cá chín nhừ, xương mềm và nước cạn sánh.",Cân bằng,
nom-rau-muong-tom-thit,Nộm rau muống tôm thịt,Bắc,main,lunch,25,5,easy,180,12,15,8,4,550,10,40000,70000,balanced,"Tôm, Đậu phộng","Giòn mát, chua ngọt thanh nhẹ, thơm mùi kinh giới.",1,1,https://cdn.tgdd.vn/2021/05/CookRecipe/Avatar/nom-rau-muong-tom-kho-thumbnail.jpg,Món nộm phổ biến trong bữa cơm gia đình miền Bắc.,"Rau muống chẻ: 300g, Tôm tươi: 100g, Thịt ba chỉ: 100g, Đậu phộng: 40g, chanh: 2 quả, tỏi: 15g, ớt: 2 quả, rau kinh giới: 20g.",Tô trộn.," Rau muống luộc sơ, ngâm nước đá cho giòn. Tôm thịt luộc chín, thái mỏng. Pha nước mắm chua ngọt. Trộn rau, tôm, thịt với nước mắm, rắc đậu phộng và rau thơm.",Cân bằng,
canh-hoa-thien-ly-thit-bam,Canh hoa thiên lý thịt băm,Bắc,main,lunch,10,10,easy,150,10,5,9,2,450,1,30000,50000,balanced,Thịt heo,"Ngọt thanh tự nhiên, hoa thiên lý giòn nhẹ, mùi thơm dịu.",0,1,https://cdn.mediamart.vn/images/news/doi-vi-voi-mon-canh-hoa-thien-ly-nau-thit-bam-ngon-hap-dan-thanh-mat-de-lam-0o4ciD.jpg,"Món canh giải nhiệt, an thần.","Hoa thiên lý: 200g, Thịt nạc vai băm: 100g, Hành khô: 10g, nước mắm: 5ml, hạt nêm: 6g, tiêu xay: 1g.",Nồi nấu canh.," Hoa thiên lý rửa sạch.  Phi thơm hành, xào thịt băm. Đổ nước vào đun sôi, nêm gia vị. Cho hoa vào đun sôi bùng lại rồi tắt bếp ngay để giữ độ xanh giòn.",Cân bằng,
be-chao-moc-chau,Bê chao Mộc Châu,Bắc,main,lunch,20,5,easy,380,28,2,28,1,580,1,120000,200000,balanced,Thịt bò/bê,"Thịt bê mềm, bì giòn, thơm mùi sả và vừng.",1,1,https://botoquanmoc.com/images/products/2025/09/08/original/be-chao-moc-chau_1757305534.jpg,"Món ăn đặc sản của vùng cao Mộc Châu, Sơn La.","Thịt bê non: 300g, Sả: 40g,Gừng: 15g, Vừng rang (Mè trắng): 10g, Nước mắm: 5ml, Hạt nêm: 3g, Đường: 2g, Dầu hào: 5ml, Tiêu xay: 0.5g.",Chảo sâu lòng.,"Thịt bê thái miếng vừa ăn, ướp gừng sả gia vị. Đun dầu thật nóng. Cho thịt vào chao nhanh tay (khoảng 1-2 phút) rồi vớt ra ngay. Rắc vừng rang lên trên, chấm tương gừng.",Cân bằng,
xoi-chim-mang,Xôi chim măng,Bắc,main,breakfast,30,45,medium,550,18,85,15,4,650,2,80000,150000,balanced,Thịt chim,"Xôi dẻo, thịt chim băm nhỏ béo ngậy, hành phi thơm lừng.",1,1,https://beptruong.edu.vn/wp-content/uploads/2016/10/xoi-bo-cau.jpg,Món xôi sang trọng thường dùng trong các dịp lễ tết hoặc đãi khách.,"Gạo nếp cái hoa vàng: 400g, Chim bồ câu (hoặc chim ngói): 1 con, Hành tím phi: 100g, Hành khô: 20g, Muối: 4g, Nước mắm: 10ml, Hạt nêm: 3g, Tiêu xay: 1g, Dầu hành: 20ml.",Xửng hấp.,"Đồ xôi nếp chín dẻo. Chim làm sạch, băm nhỏ cả xương (nếu chim non) hoặc lọc thịt băm. Xào thịt chim với hành khô cho thật săn và thơm. Trộn thịt chim vào xôi, đồ lại thêm 5 phút cho quyện vị. Rắc hành phi lên trên.",Cân bằng,
thit-lon-man-nuong-la-mac-mat,Thịt lợn mán nướng lá mắc mật,Bắc,main,dinner,30,20,easy,420,26,2,35,1,620,1,150000,250000,keto,Thịt heo,"Thịt thơm mùi lá mắc mật đặc trưng, vị ngọt, bì giòn.",1,1,https://www.halongbaycruise.vn/duthuyen/userfiles/image/amthuc/lon-rung-nuong-hn.jpg,Hương vị núi rừng Tây Bắc.,"Thịt lợn mán (hoặc lợn bản): 500g, Lá mắc mật tươi: 30g, Mật ong: 15ml,Hành khô: 20g, Tỏi: 15g, Nước mắm: 10ml, Hạt nêm: 5g, Dầu hào: 10ml, Tiêu xay: 1g, Dầu ăn: 10ml.",Vỉ nướng than hoặc lò nướng.,"Thịt thái miếng vừa ăn, ướp với gia vị và lá mắc mật vò nát. Xiên thịt xen kẽ với lá mắc mật. Nướng trên than hoa cho đến khi vàng đều, tỏa mùi thơm.",Keto / Low-carb,
canh-khoai-so-mong-gio,Canh khoai sọ móng giò,Bắc,main,dinner,20,45,easy,380,22,30,20,5,680,2,60000,100000,balanced,Thịt heo,"Khoai sọ bùi, dẻo, nước dùng ngọt đậm mùi móng giò và lá mùi tàu.",0,1,https://i.ytimg.com/vi/8Qv6ynwZtqo/maxresdefault.jpg,Món canh ấm áp cho những ngày mưa hoặc trời lạnh.,"Móng giò heo: 500g, Khoai sọ: 400g,Hành khô: 20g, Rau muống: 100g, mùi tàu: 10g, Nước mắm: 10ml, Muối: 6g, Hạt nêm: 5g, Tiêu xay: 0.5g.",Nồi áp suất hoặc nồi hầm.,"Móng giò chần sạch, ninh mềm. Khoai sọ gọt vỏ, bổ miếng, xào qua với hành và gia vị. Cho khoai vào nồi móng giò hầm đến khi khoai mềm nhừ. Nêm gia vị, rắc rau thơm.",Cân bằng,
com-xao,Cốm xào,Bắc,main,dinner,10,15,medium,350,4,75,5,2,50,25,50000,100000,vegetarian,Cốm,"Dẻo dính, ngọt dịu, thơm nức mùi cốm mới và nước dừa.",0,1,https://cdnv2.tgdd.vn/mwg-static/common/Common/H%C3%ACnh%20thumb%20m%C3%B3n%20an%20t10%20%2853%29.jpg,Tinh túy ẩm thực mùa thu Hà Nội.,"Cốm tươi: 200g, Đường kính: 40g, nước dừa tươi: 100ml, dừa sợi: 30g.",Chảo chống dính.,"Nấu nước đường với nước dừa cho tan. Cho cốm vào đảo đều trên lửa nhỏ. Xào đến khi cốm dẻo quánh, không dính chảo. Bày ra đĩa, rắc dừa sợi lên trên.",Ăn chay (Vegetarian),
ga-troi-xao-sa-ot,Gà chọi xào sả ớt,Bắc,main,dinner,20,15,easy,310,32,4,18,2,750,2,150000,250000,balanced,Thịt gà,"Thịt gà chọi chắc, da giòn, vị cay nồng của sả ớt.",3,1,https://pasgo.vn/Upload/anh-blog/cach-lam-ga-choi-xao-lan-dam-da-dung-dieu-400-43965833000.webp,Món nhậu khoái khẩu của nam giới miền Bắc.,"Thịt gà chọi: 500g, Sả: 60g, ớt: 10g, tỏi: 20g, gừng: 15g, lá chanh: 5g.",Chảo gang.,"Gà chọi thái miếng mỏng. Ướp gà với gừng, sả và gia vị. Phi thơm tỏi sả, cho gà vào xào lửa lớn cho săn và giòn da. Cho ớt và lá chanh vào đảo đều rồi tắt bếp.",Cân bằng,
canh-hen-nau-bau,Canh hến nấu bầu,Bắc,main,dinner,25,10,easy,140,15,10,4,2,520,3,30000,50000,balanced,Hến,"Ngọt thanh, mát, đậm đà vị hến.",0,1,https://i-giadinh.vnecdn.net/2021/10/13/canhbau-1634096619-1238-1634096793.jpg,Món canh dân dã giải nhiệt ngày hè.,"Hến tươi: 1kg, Bầu: 1 quả nhỏ, Hành tím: 20g, thì là: 15g, hành lá: 15g, Nước mắm: 10ml, Bột canh: 5g, Hạt nêm: 5g, Tiêu xay: 0.5g, Gừng: 5g.",Nồi nấu canh.,"Luộc hến lấy nước, đãi lấy ruột. Bầu gọt vỏ, băm hoặc thái sợi. Xào ruột hến với hành khô cho thơm. Đổ nước luộc hến vào đun sôi, cho bầu vào nấu chín tới. Rắc hành lá, thì là.",Cân bằng,
trung-duc-thit-moc-nhi,Trứng đúc thịt mộc nhĩ,Bắc,main,breakfast,10,10,easy,280,18,3,22,1,480,1,20000,40000,balanced,Trứng,"Thịt ngọt, trứng béo, mộc nhĩ giòn sần sật.",0,1,https://beptruong.edu.vn/wp-content/uploads/2021/01/gia-tri-dinh-duong-co-trong-mon-trung-duc-thit-hap.jpg,Món ăn cơm thường ngày rất đưa miệng.,"Trứng gà: 3 quả, Thịt nạc vai băm: 100g, Mộc nhĩ: 10g, hành khô: 10g, Nước mắm: 5ml, Hạt nêm: 3g, Tiêu xay: 1g.",Chảo chiên.,"Mộc nhĩ ngâm nở, băm nhỏ. Đánh tan trứng với thịt băm, mộc nhĩ và gia vị. Đun nóng dầu, đổ hỗn hợp vào chiên vàng hai mặt hoặc hấp cách thủy.",Cân bằng,
ca-chep-om-dua,Cá chép om dưa,Bắc,main,lunch,25,30,medium,350,28,12,20,3,1100,4,150000,300000,balanced,Cá,"Vị chua của dưa, ngọt của cá, béo của tóp mỡ và thơm mùi thì là.",1,1,https://banhtrangphucuong.vn/wp-content/uploads/2022/10/Ca-chep-om-dua.jpg,Món ăn phổ biến trong các nhà hàng miền Bắc.,"Cá chép: 1kg, Dưa cải muối chua: 300g, tóp mỡ: 50g, cà chua: 200g, hành khô: 20g, thì là: 20g, hành lá: 20g, Nước mắm: 15ml, Hạt nêm: 10g, Nghệ tươi: 1 củ, ớt: 1 quả.",Nồi lẩu hoặc nồi lớn.,"Cá rán sơ. Xào cà chua, dưa chua và tóp mỡ. Đổ nước vào đun sôi dưa. Cho cá vào om khoảng 15-20 phút. Rắc hành, thì là, ăn nóng cùng bún.",Cân bằng,
gia-do-xao-long-ga,Giá đỗ xào lòng gà,Bắc,main,lunch,15,10,easy,220,18,10,12,3,550,2,30000,60000,balanced,Lòng gà,"Giá giòn, lòng gà béo ngậy, thơm mùi hành hoa.",0,1,https://i-giadinh.vnecdn.net/2024/05/14/Thnhphm1-1715673130-6464-1715673138.jpg,"Món xào nhanh gọn, phổ biến.","Lòng gà: 2 bộ, Giá đỗ: 300g, Hành lá: 15g, hành khô: 15g, Nước mắm: 5ml, Hạt nêm: 5g, Muối: 2g, Tiêu xay: 1g, Gừng: 5g.",Chảo xào.,"Lòng gà làm sạch, thái miếng ướp gia vị. Phi thơm hành, xào chín lòng gà. Cho giá đỗ vào xào lửa lớn nhanh tay. Nêm gia vị, hành lá rồi tắt bếp.",Cân bằng,
thit-trau-la-lom,Thịt trâu lá lồm,Bắc,main,lunch,20,40,medium,290,30,5,15,2,620,1,180000,300000,balanced,Thịt trâu,"Vị chua thanh đặc trưng của lá lồm quyện với thịt trâu mềm, đậm đà.",1,1,https://cdn.tgdd.vn/2021/02/CookProduct/trau1-1200x676.jpg,"Đặc sản của người Mường, Hòa Bình.","Thịt trâu tươi: 500g, Lá lồm (lá chua): 150g, tỏi: 30g, mắc khén: 3g, Nước mắm: 10ml, Bột canh: 5g, ớt: 1 quả.",Nồi đất hoặc nồi hầm.,"Thịt trâu thái miếng, ướp tỏi gia vị. Lá lồm vò nát. Xào sơ thịt trâu rồi đổ nước ninh cùng lá lồm cho đến khi thịt mềm, nước hơi sánh.",Cân bằng,
nom-sua-thai-binh,Nộm sứa Thái Bình,Bắc,main,lunch,30,0,easy,160,8,12,10,3,850,8,50000,90000,balanced,"Sứa, Đậu phộng, Mè","Sứa giòn sần sật, thanh mát, vị chua cay mặn ngọt hài hòa.",2,1,https://scov.gov.vn/upload/2005660/20210923/1eafabb4fb77d69931c9d4f203b0466c152027_3.jpg,Đặc sản vùng biển Thái Bình.,"Sứa đã sơ chế: 300g, Xoài xanh: 200g, cà rốt: 50g, đậu phộng: 40g, vừng: 10g, rau thơm: 10g, chanh: 1 quả, tỏi: 10g, ớt: 1 quả.",Tô trộn.,"Sứa rửa sạch, chần qua nước ấm, để ráo. Xoài, cà rốt bào sợi. Pha nước trộn nộm. Trộn tất cả các nguyên liệu, rắc đậu phộng mè rang.",Cân bằng,
canh-la-dang-thanh-hoa,Canh lá đắng Thanh Hóa,Bắc,main,lunch,15,20,medium,250,20,5,18,4,720,1,80000,150000,balanced,Lòng heo/Thịt heo,"Vị đắng nhẹ lúc đầu, sau ngọt hậu, thơm mùi mẻ mắm tôm.",2,1,https://statics.vinpearl.com/canh-la-dang-3_1633602424.jpg,Món ăn đặc sản của vùng núi Thanh Hóa.,"Lá đắng rừng: 50g, lòng heo hoặc thịt băm: 400g, mẻ: 30g, mắm tôm: 10g, hành tỏi: 15g, sả: 30g, ớt: 2 quả, Hạt nêm: 5g, Bột canh: 3g.",Nồi nấu canh.,"Lá đắng thái nhỏ. Phi thơm hành tỏi sả, xào lòng heo/thịt. Cho mẻ mắm tôm vào đảo cùng. Đổ nước đun sôi rồi cho lá đắng vào nấu chín.",Cân bằng,
dau-phu-mo,Đậu phụ Mơ rán,Bắc,main,dinner,5,10,easy,180,14,4,12,2,100,1,10000,25000,vegetarian,Đậu nành,"Bùi, béo ngậy đặc trưng của đậu phụ làng Mơ cổ truyền.",0,1,https://media.phunutoday.vn/files/content/2024/07/18/chien-ran-1323.jpg,Đặc sản nức tiếng của Hà Nội cổ.,"Đậu phụ Mơ: 5 bìa, mắm tôm: 30ml, chanh: 2 quả, ớt: 1 quả, Đường kính: 10g, Rượu trắng: 2ml.",Chảo chiên.,"Đậu phụ rửa sơ, để ráo. Rán vàng hoặc luộc nóng. Chấm mắm tôm đánh bông với chanh ớt.",Ăn chay (Vegetarian),
canh-ca-nau-am,Canh cá nấu ám,Bắc,main,dinner,20,25,medium,280,24,10,15,3,780,2,100000,180000,balanced,Cá,"Vị chua thanh mát, thơm mùi rau ngổ, thì là, thường nấu từ cá chuối và rau cần.",1,1,https://i-giadinh.vnecdn.net/2021/10/08/canauam-1633671940-8477-1633671964.jpg,Một kiểu nấu canh cá cổ của người Hà Nội.,"Cá quả (cá chuối): 700g, rau cần: 200g, quả dọc: 3 quả, cà chua: 150g, hành hoa: 20g, thì là: 20g, Nước mắm: 15ml, Bột canh: 8g, Nghệ tươi: 10g, Gừng: 5g.",Nồi nấu canh.,"Cá rán sơ. Đun nước với quả dọc/tai chua lấy vị chua. Cho cá và cà chua vào nấu chín. Cho rau cần vào đun sôi bùng, rắc hành thì là.",Cân bằng,
banh-chung-bo-dau,Bánh chưng Bờ Đậu,Bắc,main,"breakfast, lunch, dinner",360,600,hard,550,18,75,20,4,600,2,50000,100000,balanced,Không,"Béo, Thơm, Đậm đà",0,4,https://media.vietnamplus.vn/images/c14f6479e83e315b4cf3a2906cc6a51e875525f3bbe20f9343607ad07a01c92feb045cbfbc923a42d14146648d3696ed78eb90a097bb674b9f55d03f9e1c46f4/banhchung.jpg.webp,"Đặc sản bánh chưng nổi tiếng của làng nghề Bờ Đậu - Thái Nguyên, làm từ nếp cái hoa vàng Định Hóa và thịt heo sạch.","Gạo nếp nương: 1kg, Đậu xanh không vỏ: 400g, Thịt ba chỉ heo: 500g, Lá dong: 20 lá, Lạt tre: 10 sợi, Muối: 2 muỗng cà phê, Tiêu xay: 1 muỗng cà phê","Nồi lớn, Lạt tre, Khuôn gói, Thau, Rổ","Ngâm gạo nếp và đậu xanh qua đêm cho nở mềm, Đậu xanh hấp chín rồi giã nhuyễn nắm thành viên, Thịt ba chỉ cắt miếng dài ướp muối và nhiều tiêu, Xếp lá dong vào khuôn hoặc gói vo tay, Cho một lớp nếp rồi đến đậu xanh thịt heo rồi thêm lớp nếp lên trên, Gói chặt tay và buộc bằng lạt tre, Xếp bánh vào nồi lớn luộc liên tục trong 8 đến 10 tiếng, Vớt bánh ra rửa sạch nước hàng rồi ép bớt nước dồn chặt","Mọi lứa tuổi, Người cần nhiều năng lượng","Người giảm cân, Người tiểu đường"
bun-oc-nguoi-ha-noi,Bún ốc nguội Hà Nội,Bắc,main,lunch,120,45,medium,380,15,50,8,2,800,3,40000,60000,light,"Ốc, Hải sản","Chua thanh, Đậm đà, Thơm nhẹ",1,1,https://i-giadinh.vnecdn.net/2021/03/31/bun1-1617181296-7786-1617181829.jpg,"Món ăn mộc mạc tinh tế của Hà Nội, nước dùng trong vắt vị chua thanh dịu từ dấm bỗng kết hợp ốc mít giòn sần sật.","Ốc mít: 1kg, Bún lá nhỏ: 500g, Dấm bỗng nếp: 200ml, Ớt chưng: 2 muỗng canh, Hành tím: 3 củ, Gừng: 1 nhánh, Sả: 2 cây, Muối: 1 muỗng cà phê, Nước mắm: 2 muỗng canh","Nồi, Khêu ốc, Rây lọc, Tô, Chén","Ngâm ốc với nước vo gạo và ớt để sạch bùn đất, Luộc ốc với sả gừng vừa chín tới rồi khêu lấy thịt ốc bỏ phần ruột bẩn, Lọc lấy phần nước luộc ốc trong suốt để riêng, Đun sôi nước luộc ốc nêm nếm nước mắm muối và dấm bỗng nếp cho vị chua dịu ngọt thanh, Để nước dùng thật nguội, Khi ăn xếp bún lá ra đĩa, Múc ốc ra bát nước dùng nguội thêm chút ớt chưng cay nồng","Người thích thanh mát, Ăn nhẹ ngày hè","Người bụng yếu, Người dị ứng hải sản"
khau-nhuc-lang-son,Khâu nhục Lạng Sơn,Bắc,main,dinner,60,240,hard,650,25,15,55,2,950,6,150000,250000,balanced,Không,"Đậm đà, Béo ngậy, Thơm thảo mộc",1,4,https://i-giadinh.vnecdn.net/2024/01/19/Bc9Thnhphm19-1705650163-7592-1705650639.jpg,"Món ăn truyền thống của người Tày Ngạn ở Lạng Sơn, thịt ba chỉ chế biến công phu, béo ngậy mềm rục tan trong miệng.","Thịt ba chỉ heo: 1kg, Địa liền: 20g, Thảo quả: 1 quả, Tai vị: 2 bông, Chao đỏ: 3 viên, Mật ong: 2 muỗng canh, Tỏi băm: 1 củ, Hành tím băm: 2 củ, Khoai môn: 300g, Dầu ăn: 500ml","Nồi hấp, Chảo chiên, Dao, Tô lớn, Kim châm thịt","Luộc sơ thịt ba chỉ rồi dùng kim châm thật kỹ lên lớp da heo, Thoa đều mật ong lên phần da rồi đem chiên ngập dầu cho da phồng rộp vàng giòn, Ngâm miếng thịt vừa chiên vào nước lạnh cho phần da mềm ra rồi thái miếng dày, Khoai môn gọt vỏ cắt miếng dày rồi chiên vàng đều, Trộn hỗn hợp gia vị gồm chao đỏ tỏi hành băm địa liền thảo quả tai vị xay nhuyễn, Ướp thịt với hỗn hợp gia vị trong 30 phút, Xếp khoai môn xuống đáy tô rồi xếp thịt lên trên tưới nước ướp vào, Cho vào nồi hấp cách thủy liên tục từ 3 đến 4 tiếng cho thịt mềm nhừ nhuyễn","Tiệc cưới hỏi, Bữa ăn gia đình ngày đông","Người mỡ máu, Người giảm cân"
bun-tom-chau-truc,Bún tôm Châu Trúc,Trung,main,breakfast,30,20,medium,350,18,55,5,1,750,2,25000,40000,light,"Tôm, Hải sản","Ngọt đậm, Thơm nồng, Cay nhẹ",1,1,https://static.ecosite.vn/3359/picture/2018/05/26/bun-tom-chau-truc-01-1527330039.jpg,"Món bún độc đáo Bình Định, dùng tôm đất đầm Châu Trúc tươi sống giã nhuyễn quết hành tiêu và chan nước bún ép tại chỗ.","Tôm đất tươi sống: 200g, Gạo làm bún: 300g, Hành lá: 20g, Tiêu xay: 1 muỗng cà phê, Ớt tươi: 1 quả, Củ nén: 10 củ, Gia vị thông dụng: 1 ít","Khuôn ép bún, Cối giã, Nồi nấu, Tô, Muỗng","Tôm đất rửa sạch bỏ đầu đuôi rồi cho vào cối giã cùng củ nén và tiêu muối, Gạo ngâm xay mịn thành bột rồi ép khuôn trực tiếp vào nồi nước sôi để làm sợi bún tươi, Múc một muỗng tôm giã cho vào tô thêm chút bột ngọt và hành lá, Ép bún chín tới vớt ngay cho vào tô tôm, Chan nước luộc bún đang sôi sùng sục vào tô để làm chín tôm, Quấy đều cho tôm bông lên rắc thêm tiêu và thưởng thức nồng nàn","Người thích ăn thanh ngọt tự nhiên, Ăn sáng",Người dị ứng tôm
thang-co-lao-cai,Thắng cố Lào Cai,Bắc,main,"lunch, dinner",45,120,hard,480,28,5,35,1,850,1,100000,300000,Keto / Low-carb,Không,"Đắng nhẹ, Đậm đà, Thơm nồng thảo mộc",2,4,https://timtour.vn/files/images/AnGiNgon/dac-san-thang-co(1).jpg,"Món ăn đặc trưng tinh túy của người H'Mông vùng cao Lào Cai, nấu từ thịt, nội tạng ngựa kết hợp 12 loại thảo mộc núi rừng.","Thịt ngựa và nội tạng ngựa: 1.5kg, Lá thắng cố: 50g, Thảo quả: 2 quả, Địa liền: 1 củ, Quế chi: 10g, Sả: 4 cây, Gừng: 1 củ, Gia vị thông dụng: 1 ít, Rượu ngô: 50ml","Chảo lớn, Dao chặt, Bếp củi, Vá","Làm sạch nội tạng ngựa thật kỹ bằng muối và rượu ngô để khử mùi hôi, Chặt thịt và nội tạng thành các miếng vừa ăn, Rang thơm các loại gia vị thảo mộc gồm thảo quả quế sả địa liền gừng, Cho thịt và nội tạng vào chảo lớn xào săn với gia vị thảo mộc, Đổ nước ngập thịt đun sôi sùng sục rồi hạ lửa ninh liu riu trong vài tiếng, Thường xuyên hớt bọt để nước dùng trong ngọt đậm đà, Ăn kèm lá thắng cố và chấm muối ớt đặc trưng vùng cao","Họp mặt bè bạn, Ngày đông lạnh giá","Người có hệ tiêu hóa yếu, Người kén ăn nội tạng"
bun-chia-buon-ma-thuot,Bún chìa Buôn Ma Thuột,Trung,main,"breakfast, dinner",30,120,medium,550,32,55,18,2,900,4,50000,80000,balanced,Không,"Đậm đà, Ngọt thanh, Thơm béo",1,1,https://cdn.tgdd.vn/Files/2023/11/01/1553694/kham-pha-bun-chia-dac-san-tru-danh-buon-ma-thuot-202311011357277498.jpg,Món bún độc đáo xứ ban mê Đắk Lắk với khúc giò chìa heo lớn hầm mềm nhừ dai dẻo dồi dào dinh dưỡng.,"Giò chìa heo: 1kg, Xương ống bò: 500g, Bún sợi lớn: 500g, Sả cây: 5 nhánh, Hành tây: 1 củ, Mắm ruốc Huế: 1 muỗng canh, Dầu điều: 2 muỗng canh, Hành lá: 20g, Giá đỗ: 100g, Gia vị: 1 ít","Nồi hầm lớn, Vá hớt bọt, Tô, Dao","Trần sơ xương ống bò và giò chìa heo trong nước sôi rồi rửa sạch, Ninh xương ống bò với hành tây để lấy nước dùng ngọt trong, Cho giò chìa vào nồi ninh cùng sả cây đập dập đến khi thịt chín mềm dẻo, Hòa mắm ruốc với nước lọc lấy nước trong đổ vào nồi nước dùng, Phi thơm hành tím với dầu màu điều rồi trút vào nồi nước dùng để tạo màu sắc bắt mắt, Nếm gia vị muối đường cho vừa ăn, Trụng bún xếp vào tô đặt một khúc giò chìa lớn lên trên chan nước dùng ngập bún rắc hành lá hành tây xắt mỏng","Người cần nhiều năng lượng, Người thích ăn thịt bắp","Người béo phì, Người cần kiêng chất béo động vật"
pa-pinh-top-ca-suoi-nuong-tay-bac,Pa pỉnh tộp (Cá suối nướng Tây Bắc),Bắc,main,"lunch, dinner",30,30,medium,320,22,2,14,1,500,0,80000,150000,Keto / Low-carb,Cá,"Cay nồng, Tê nhẹ, Thơm thảo mộc, Đậm đà",2,2,https://cdn.tgdd.vn/2021/03/CookProduct/thum-1-1200x676-3.jpg,"Món cá nướng gập đặc sản đỉnh cao của đồng bào Thái Tây Bắc, dậy mùi mắc khén, hạt dổi hoang dã.","Cá chép suối: 1 con, Hạt mắc khén: 2 muỗng cà phê, Hạt dổi: 2 hạt, Gừng: 1 củ, Sả: 3 cây, Ớt tươi: 2 quả, Rau thơm các loại: 50g, Hành tăm: 10 củ, Muối: 1 muỗng cà phê","Vỉ nướng tre, Bếp than hồng, Dao, Tô","Mổ cá dọc sống lưng từ đầu xuống đuôi để gập cá dễ dàng rửa sạch bỏ mật không cạo vảy, Khía các đường nhẹ ngoài da cá để thấm gia vị, Giã nhuyễn mắc khén hạt dổi gừng sả ớt hành tăm và các loại rau thơm, Nhồi hỗn hợp gia vị dồi dào vào bên trong bụng cá, Gập ngang thân cá lại sao cho đầu và đuôi chạm nhau, Kẹp cá vào vỉ tre hoặc vỉ nướng chuyên dụng, Nướng cá liu riu trên bếp than hồng xoay lật đều tay cho thịt chín đều vàng ươm bên ngoài và không bị khô","Bữa tiệc dã ngoại, Thực đơn Keto dinh dưỡng",Người không ăn được cá có xương dăm
bun-nuoc-binh-dinh,Bún nước Bình Định,Trung,main,"breakfast, dinner",20,15,easy,390,18,55,6,1,700,2,25000,40000,light,"Tôm, Thịt bò","Ngọt thanh, Cay nồng nàn, Thơm hành",2,1,https://encrypted-tbn0.gstatic.com/images?q=tbn:ANd9GcR5JBXTlAGNV4FNyKrCmFbDZIYVbsd1gvbSXA&s,"Món ăn bình dị Quy Nhơn, bún tươi làm cơ quy trình khép kín chan nước sôi trực tiếp lên lòng tôm thịt bò băm tươi rói.","Thịt bò mềm: 50g, Tôm tươi bóc vỏ: 50g, Bún gạo tươi: 150g, Hành lá: 30g, Tiêu đen: 1 muỗng cà phê, Ớt tươi giã: 1 quả, Muối, Bột ngọt: 1 ít","Nồi ép bún, Tô, Muỗng, Dao băm","Băm nhỏ tôm tươi và thịt bò rồi quết đều với chút muối tiêu và bột ngọt, Cho hành lá xắt thật nhiều vào đáy tô cùng ớt giã và tiêu, Múc hỗn hợp tôm thịt bò quết vào tô hành, Ép bún tươi trực tiếp vào nồi nước sôi kế bên luộc chín vớt ra cho ngay vào tô hành, Múc nước luộc bún đang sôi sùng sục chan thẳng vào tô quấy nhanh tay để làm chín tôm thịt bò bông lên, Ăn kèm bánh tráng nướng giòn rụm","Thích ăn cay nóng, Ă sáng ấm bụng","Người không ăn được hành lá, Người dị ứng tôm"
don-quang-ngai,Don Quảng Ngãi,Trung,main,"lunch, dinner",30,30,easy,280,12,35,3,1,650,1,20000,35000,light,"Don, Thủy sản","Ngọt thanh nhạt, Cay nồng hương tiêu",2,1,https://media-cdn-v2.laodong.vn/Storage/NewsPortal/2023/5/11/1191108/Mon-An-Dac-San-Quang.jpg,"Đặc sản độc nhất vô nhị từ sông Trà sông Vệ, nước don luộc ngọt dịu tự nhiên ăn kèm bánh tráng nướng bẻ nhỏ.","Con don tươi: 1kg, Bánh tráng: 2 cái, Hành tây: 20g, Hành lá: 15g, Ớt xiêm xanh: 3 quả, Tiêu xay: 1 muỗng cà phê, Nước mắm: 1 muỗng canh, Gia vị: 1 ít","Nồi luộc, Rổ đãi don, Tô, Muỗng","Ngâm don nhiều lần trong nước sạch để nhả hết cát bẩn, Cho don vào nồi luộc với nước sâm sấp đến khi don há miệng, Đổ don ra rổ đãi lấy phần ruột nhỏ xíu và gạn lấy phần nước luộc trong vắt ngọt lịm, Đun sôi lại nước luộc don nêm chút nước mắm muối bột ngọt cho vừa miệng, Cho ruột don vào tô thêm thật nhiều hành lá và hành tây cắt mỏng cùng ớt xiêm bẻ đôi, Chan nước dùng nóng hổi lên trên rắc tiêu xay, Bẻ bánh tráng nướng thả vào tô cho ngấm nước rồi thưởng thức","Ăn nhẹ thanh mát, Người sành ăn đặc sản",Người dị ứng thủy sản vỏ cứng
hu-tieu-muc-sai-gon,Hủ tiếu mực Sài Gòn,Nam,main,"breakfast, dinner",25,60,medium,420,20,58,9,2,850,4,45000,70000,balanced,"Mực, Hải sản","Ngọt đậm đà, Thơm mực tươi, Thơm hành phi",1,1,https://statics.vinpearl.com/hu-tieu-muc-sai-gon--_1628835036_1679997807.jpg,"Món ăn đường phố Sài Gòn hiện đại, mực ống tươi giòn kết hợp nước dùng súp thanh ngọt ninh từ mực khô và sườn heo.","Mực ống tươi: 300g, Thịt heo băm: 150g, Xương ống heo: 500g, Mực khô nhỏ: 2 con, Hủ tiếu khô: 400g, Cần tây: 30g, Hành lá: 20g, Hành tím phi: 2 muỗng canh, Củ cải trắng: 1 củ, Gia vị: 1 ít","Nồi ninh nước dùng, Vá, Tô, Chảo phi hành, Dao","Ninh xương ống heo với củ cải trắng và mực khô đã nướng thơm để tạo nước dùng ngọt đậm đà, Làm sạch mực ống khía hoa rồi cắt khoanh vừa ăn, Trộn thịt băm với hành tím gia vị tiêu rồi vo viên nhỏ thả vào nồi nước dùng nấu chín, Chần chín mực ống trong nồi nước sôi riêng để giữ mực giòn không bị dai, Trụng sợi hủ tiếu mềm vừa tới cho vào tô thêm mỡ hành hành phi, Xếp mực ống chín giòn thịt băm viên lên tô hủ tiếu, Chan nước dùng nóng hổi ngập mặt rắc cần tây hành lá và chút tiêu","Mọi đối tượng, Thích ăn hải sản thanh ngọt",Người dị ứng mực
bun-nuoc-leo-soc-trang,Bún nước lèo Sóc Trăng,Nam,main,"breakfast, lunch, dinner",30,60,medium,420,22,55,10,2,850,5,35000,55000,balanced,"Mắm bò hóc, Cá, Tôm","Ngọt thanh, Đậm đà mắm, Thơm ngải bún",1,1,https://www.lorca.vn/wp-content/uploads/2025/04/2-18-scaled.jpg,Đặc sản kết hợp tinh tế tinh hoa ẩm thực Kinh - Khmer - Hoa với nước dùng mắm bò hóc thanh ngọt tự nhiên kết hợp ngải bún thơm nồng.,"Bún sợi nhỏ: 200g, Mắm bò hóc: 100g, Cá lóc: 300g, Tôm tươi: 100g, Thịt heo quay: 100g, Ngải bún: 50g, Sả: 3 cây, Hành tím: 5 củ, Rau ăn kèm: 100g","Nồi nấu, Rây lọc mắm, Tô, Dao","Nấu rã mắm bò hóc với nước sôi rồi lọc lấy nước cốt trong bỏ cặn bã, Đập dập ngải bún sả và hành tím rồi thả vào nồi nước dùng nấu cho dậy mùi thơm, Luộc chín cá lóc và tôm tươi trong nồi nước dùng rồi vớt ra gỡ lấy thịt cá lóc sạch xương lột vỏ tôm, Nêm nếm lại nồi nước dùng với chút muối và đường phèn cho vừa vị ngọt thanh dịu đặc trưng, Trụng bún sợi nhỏ cho vào tô xếp thịt cá lóc tôm và thịt heo quay cắt miếng lên trên mặt, Chan nước dùng nóng hổi ngập mặt bún rồi rắc hẹ xắt nhỏ ăn kèm các loại rau sống miền Tây","Người thích hương vị mắm đồng béo bùi, Khách du lịch thích trải nghiệm ẩm thực vùng miền","Người không ăn được mắm bò hóc, Người dị ứng hải sản nặng"
banh-mi-pha-lau-sai-gon,Bánh mì phá lấu Sài Gòn,Nam,main,"lunch, dinner, snack",45,90,medium,480,25,45,22,1,780,6,25000,40000,high-fat,Nội tạng,"Béo ngậy, Ngọt mặn, Thơm ngũ vị hương",1,1,https://soulbenthanh.com/upload/news/08049407.jpg,Món ăn đường phố kinh điển của Sài Gòn với nội tạng heo hoặc bò hầm mềm béo ngậy trong súp nước cốt dừa thơm nức vị ngũ vị hương.,"Bánh mì: 1 cái, Lòng bò hoặc lòng heo: 500g, Nước cốt dừa: 200ml, Ngũ vị hương: 1 gói, Đại hồi: 2 bông, Tỏi băm: 1 muỗng canh, Hành băm: 1 muỗng canh, Nước tắc: 2 muỗng canh","Nồi hầm, Chảo, Dao, Chén nước chấm","Sơ chế và bóp lòng bò thật kỹ với muối gừng và giấm để khử sạch mùi hôi đặc trưng, Ướp lòng với gói ngũ vị hương tỏi hành băm nước tương đường tiêu trong khoảng 30 phút cho ngấm, Phi thơm tỏi hành băm trên chảo rồi cho lòng bò vào xào săn lại, Đổ nước dừa dão và đại hồi vào nồi hầm lòng bò liu riu trên lửa nhỏ cho đến khi thịt mềm, Thêm nước cốt dừa đặc vào nồi nấu sôi trở lại nêm nếm gia vị vừa miệng béo ngọt mặn hài hòa, Dùng kéo cắt nhỏ phá lấu cho vào chén chan nước sốt nóng hổi lên rồi ăn kèm bánh mì giòn chấm mắm tắc chua ngọt","Giới trẻ thích ăn vặt đường phố, Người thích các món béo ngậy","Người cao huyết áp, Người bị bệnh mỡ máu cao"
bun-suong-tra-vinh,Bún suông Trà Vinh,Nam,main,"breakfast, lunch, dinner",40,60,medium,410,20,56,12,2,820,5,40000,60000,balanced,"Tôm, Hải sản","Chua ngọt nhẹ, Đậm đà, Thơm tương hạt",1,1,https://i-giadinh.vnecdn.net/2023/03/31/Buoc-9-Thanh-pham-1-9-5686-1680247592.jpg,Món bún độc đáo của Trà Vinh với sợi chả tôm được quết dai khéo léo tạo hình giống con suông thả vào súp tương hột đậm đà.,"Tôm đất tươi: 300g, Bún sợi nhỏ: 200g, Xương ống heo: 500g, Tương hột giã nhuyễn: 2 muỗng canh, Nước cốt me: 2 muỗng canh, Dầu điều: 1 muỗng canh, Tỏi băm: 1 muỗng canh, Rau sống ăn kèm: 100g","Nồi ninh, Cối quết tôm, Túi bắt kem, Dao","Ninh xương ống heo với nước sạch để làm phần nước súp ngọt trong, Lột vỏ tôm đất rút chỉ đen rồi giã nhuyễn quết với đầu hành tiêu muối băm nhỏ đến khi hỗn hợp chả đạt độ dai dẻo, Cho phần chả tôm đã quết dai vào túi bắt kem cắt một đầu nhỏ vừa phải, Phi tỏi băm thơm với dầu màu điều rồi cho tương hột giã nhuyễn vào xào trút toàn bộ vào nồi nước dùng hầm xương, Thêm nước cốt me vào nồi nêm nếm gia vị cho ra vị nước dùng chua mặn ngọt thanh dịu, Bóp túi bắt kem nặn chả tôm thành các sợi dài tròn thẳng vào nồi nước dùng đang sôi sùng sục đến khi nổi lên là chín, Trụng bún cho vào tô xếp các sợi suông tôm lên trên rồi chan nước dùng nóng hổi ăn kèm rau sống","Người thích ăn hải sản thanh nhẹ, Người thích trải nghiệm ẩm thực miền Tây",Người dị ứng tôm và các loại hải sản vỏ cứng
banh-mi-xiu-mai-da-lat,Bánh mì xíu mại Đà Lạt,Trung,main,"breakfast, dinner",20,30,easy,390,18,42,16,1,700,4,20000,35000,balanced,Không,"Ngọt thanh, Béo nhẹ, Cay ấm",1,1,https://bizweb.dktcdn.net/100/489/006/files/xiu-mai-da-lat-1-1bb1f625-eaf7-4f87-8472-a8a992b8b96f.jpg?v=1700015360868,Món ăn sáng ấm áp giữa tiết trời se lạnh Đà Lạt gồm viên xíu mại mềm thịt ngọt chan súp thanh thanh ăn cùng bánh mì giòn.,"Thịt heo xay có mỡ: 300g, Củ sắn (đậu): 50g, Bánh mì: 2 cái, Xương heo nạc: 300g, Hành lá: 30g, Hành tím băm: 2 muỗng canh, Gia vị: muối đường hạt nêm nước mắm","Nồi nấu súp, Tô trộn thịt, Dao","Củ sắn gọt vỏ băm nhỏ vắt thật kiệt nước rồi đem trộn đều với thịt heo xay hành tím băm muối tiêu đường, Vo thịt chặt tay thành các viên xíu mại nhỏ vừa ăn, Ninh xương heo nạc với nước để lấy nước dùng ngọt thanh tự nhiên, Thả nhẹ nhàng các viên xíu mại vào nồi nước dùng xương heo đun liu riu trên lửa nhỏ cho chín mềm dẻo, Nêm nếm nước súp vừa vị thanh nhạt không quá mặn, Múc xíu mại kèm nước súp nóng hổi ra chén nhỏ rắc thật nhiều hành lá xắt nhỏ và thêm muỗng sa tế cay, Chấm bánh mì giòn rụm vào ăn nóng ngay khi còn bốc khói","Ăn sáng ngày lạnh se se, Trẻ em và người lớn tuổi thích ăn mềm",Người đang thực hiện chế độ ăn kiêng chất béo động vật
bun-do-buon-ma-thuot,Bún đỏ Buôn Ma Thuột,Trung,main,"lunch, dinner",30,50,medium,450,22,58,14,2,890,3,30000,50000,balanced,"Cua đồng, Trứng","Đậm đà, Ngọt cua, Thơm béo",1,1,https://lalago.vn/wp-content/uploads/2025/06/Bun-do-Buon-Ma-Thuot-5.jpg,Món ăn bình dân đặc sắc của thủ phủ cà phê với sợi bún lớn nhuộm màu đỏ gạch từ dầu điều nấu cùng riêu cua đồng và trứng cút.,"Bún sợi lớn: 200g, Cua đồng xay: 300g, Trứng cút: 5 quả, Thịt heo băm: 100g, Trứng gà: 1 quả, Hạt điều màu: 2 muỗng canh, Rau cải ngọt: 50g, Giá đỗ: 50g","Nồi nấu súp, Rây lọc, Tô, Chảo","Giã lọc cua đồng xay với nước sạch rồi đun sôi liu riu cho mảng riêu cua kết tủa nổi lên vớt ra để riêng, Trộn mảng riêu cua với thịt băm trứng gà và gia vị đem hấp chín thành bánh chả riêu cua, Thắng hạt điều màu lấy phần dầu điều đỏ trút vào nồi nước dùng cua để nhuộm màu sợi bún đỏ rực, Cho trứng cút luộc chín bóc vỏ vào nồi nước dùng đun cùng, Thả bún sợi lớn vào nồi nước dùng điều nấu liu riu cho thấm màu đỏ và sợi bún chín mềm dẻo, Trụng rau cải ngọt giá đỗ đặt đáy tô xếp bún sợi lớn lên chan nước dùng nóng cùng trứng cút và chả riêu cắt miếng","Người thích khám phá ẩm thực Tây Nguyên mới lạ, Bữa tối bình dân ấm cúng","Người bị bệnh Gút (Gout), Người dị ứng cua đồng hải sản"
banh-tom-ho-tay,Bánh tôm Hồ Tây,Bắc,main,"lunch, dinner, snack",25,20,medium,360,14,48,12,2,520,4,50000,100000,balanced,"Tôm, Bột mì","Giòn rụm, Ngọt béo, Chua ngọt cay dịu",1,2,https://cdn.xanhsm.com/2024/12/dfdc574a-banh-tom-ho-tay-18.jpg,Món quà bánh lâu đời tinh tế của Hà Nội với tôm tươi ngọt lịm nguyên con nằm trên lớp vỏ bột chiên khoai lang sợi giòn tan.,"Tôm tươi nguyên con: 200g, Khoai lang ngọt: 200g, Bột mì: 100g, Bột năng: 20g, Bột nghệ: 1 muỗng cà phê, Nước mắm: 2 muỗng canh, Đu đủ xanh: 50g, Rau sống: 100g","Chảo sâu lòng, Vá múc bánh chuyên dụng, Dao nạo sợi, Tô","Khoai lang gọt vỏ nạo sợi nhỏ ngâm ngay vào nước muối loãng cho bớt nhựa rồi vớt ra ráo nước, Hòa bột mì bột năng bột nghệ nước lọc thành hỗn hợp sệt mịn vừa phải rồi trộn khoai lang sợi vào đều, Tôm rửa sạch cắt bớt râu chân dài đem ướp chút muối tiêu cho đậm vị, Múc một vá hỗn hợp bột kèm khoai lang sợi nạo rồi đặt nhẹ nhàng 1 đến 2 con tôm lên trên mặt bánh, Thả nhẹ vá bánh vào chảo dầu nóng già chiên ngập dầu trên lửa vừa cho bánh chín vàng ruộm đều, Vớt bánh ra khay thấm ráo dầu cắt miếng vừa ăn kèm rau sống và nước mắm đu đủ chua ngọt","Ăn chơi xế chiều Hà Nội, Người thích món chiên giòn rụm bắt miệng","Người đang giảm cân nghiêm ngặt, Người dị ứng hải sản tôm"
bun-ken-phu-quoc,Bún kèn Phú Quốc,Nam,main,"breakfast, lunch",30,40,medium,460,24,52,18,3,810,5,35000,55000,balanced,"Cá biển, Nước cốt dừa","Béo ngậy, Thơm nồng cà ri, Chua ngọt giòn",1,1,https://static.vinwonders.com/2022/05/bun-ken-phu-quoc-1.png,Đặc sản biển Đảo Ngọc lạ miệng với thịt cá biển luộc giã nhuyễn bông xào thơm nức vị bột cà ri và nước cốt dừa béo ngậy.,"Cá ngân hoặc cá nhàu tươi: 400g, Bún tươi: 200g, Nước cốt dừa: 250ml, Bột cà ri: 1 muỗng canh, Đu đủ xanh bào sợi: 50g, Giá đỗ: 50g, Hành tỏi băm: 2 muỗng canh, Rau thơm: 30g","Nồi nấu súp, Chảo xào, Tô, Máy xay hoặc cối giã","Luộc chín cá biển tươi gỡ bỏ sạch xương lấy phần thịt cá đem đi giã hoặc xay nhuyễn cho bông mịn lên, Phi thơm hành tỏi băm cùng bột cà ri trên chảo rồi cho thịt cá xay vào đảo đều xào săn thơm phức, Đổ nước luộc cá lọc trong và nước cốt dừa vào nấu sôi liu riu nêm nếm gia vị đậm đà tạo độ sệt nhẹ, Xếp giá đỗ đu đủ xanh bào sợi và bún tươi sợi nhỏ vào đáy tô, Rưới phần nước sốt cà ri cá sệt béo ngậy nóng hổi lên trên mặt bún, Trộn đều tô bún cùng rau thơm xắt nhỏ và chút nước mắm chua ngọt đậm đà vùng biển Phú Quốc","Người đam mê ẩm thực biển, Thích vị béo thơm ngậy của cốt dừa",Người có hệ tiêu hóa nhạy cảm với nước cốt dừa hoặc đồ béo
banh-mi-nuong-muoi-ot,Bánh mì nướng muối ớt,Nam,main,snack,15,10,easy,320,10,38,14,1,650,3,15000,25000,balanced,"Tép khô, Trứng","Cay nồng, Mặn ngọt, Giòn rụm, Thơm bơ",2,1,https://www.huongnghiepaau.com/wp-content/uploads/2024/04/banh-mi-nuong-muoi-ot.jpg,Món ăn vặt đường phố hot trend của giới trẻ Nam Bộ với bánh mì ép dẹp phết nước sốt muối ớt bơ rồi đem nướng giòn rụm thơm phức.,"Bánh mì cũ: 2 cái, Bơ lạt: 2 muỗng canh, Sa tế ớt: 1 muỗng canh, Muối tôm hoặc muối ớt: 1 muỗng cà phê, Chà bông heo: 20g, Tép mỡ hành: 2 muỗng canh, Sốt mayonnaise: 1 muỗng canh, Tương ớt: 1 muỗng canh","Bếp nướng than hoặc máy kẹp bánh mì, Cọ phết gia vị, Dao","Dùng cây cán bột hoặc tay ép dẹp ổ bánh mì cho dẹt mỏng lại, Pha hỗn hợp nước sốt gồm bơ lạt đun chảy sa tế ớt muối tôm muối ớt và một chút đường quấy tan, Dùng cọ phết đều hỗn hợp nước sốt muối ớt bơ lên khắp hai mặt của ổ bánh mì dẹp, Cho ổ bánh mì lên bếp than hồng nướng hoặc bỏ vào máy kẹp nướng đến khi vỏ bánh vàng giòn rụm dậy mùi thơm, Dùng kéo cắt bánh mì thành các miếng nhỏ vừa ăn xếp ngay ngắn ra đĩa, Rắc mỡ hành chà bông heo tép khô rang lên trên mặt đĩa bánh mì rồi rưới tương ớt sốt mayonnaise","Họp mặt ăn vặt xế chiều, Học sinh sinh viên thích món đậm vị cay","Người kiêng ăn cay nóng, Người có tiền sử đau dạ dày"
pho-kho-gia-lai,Phở khô Gia Lai,Trung,main,"breakfast, lunch, dinner",25,60,medium,490,28,62,15,2,920,4,40000,65000,balanced,Đậu nành,"Đậm đà, Thơm tương đen, Ngọt nước súp, Bùi bùi",1,1,https://cdn.tgdd.vn/2021/02/CookProduct/thumb1-1200x676-13.jpg,Đặc sản phở hai tô danh tiếng của phố núi Gia Lai gồm một tô phở khô trộn tương hột lên men đậm đà và một tô súp bò thanh ngọt.,"Bánh phở khô Gia Lai: 150g, Thịt bò phi lê: 50g, Bò viên: 5 viên, Thịt heo băm: 50g, Xương ống bò: 500g, Tương hột xay pha đường: 2 muỗng canh, Hành phi: 1 muỗng canh, Giá trụng: 50g","Nồi hầm lớn, Vá trụng phở, Hai tô riêng biệt, Dao","Ninh xương ống bò trong nhiều giờ cùng gừng hành tím nướng thơm và hớt bọt liên tục để có nước súp phở trong veo ngọt lịm, Xào chín thịt heo băm với chút gia vị tiêu hành làm topping khô, Trụng bánh phở khô đặc biệt của Gia Lai vừa chín tới đạt độ dai ngon cho vào một tô riêng thêm giá trụng thịt băm hành phi mỡ tỏi, Cho phần tương hột xay pha chế đặc trưng (tương đen) vào tô phở khô để riêng, Sắp thịt bò phi lê xắt mỏng tái chần sơ và bò viên vào tô thứ hai rồi chan nước súp bò nóng hổi rắc ngò tiêu, Khi ăn thực khách tự trộn đều tương đen ở tô khô và dùng kèm tô nước súp ngọt lịm bên cạnh","Người thích ăn phở trộn đậm vị mới lạ, Người sành ăn khám phá Tây Nguyên",Người bị dị ứng với các sản phẩm làm từ đậu nành
banh-trang-tron-sai-gon,Bánh tráng trộn Sài Gòn,Nam,main,snack,15,5,easy,310,12,45,11,2,690,5,15000,30000,balanced,"Trứng cút, Tép khô, Đậu phộng","Chua cay mặn ngọt, Thơm rau răm, Bùi bùi",2,1,https://encrypted-tbn0.gstatic.com/images?q=tbn:ANd9GcTMarJNGet-IWpRQCCW83Qymyag5Y4UEIixUA&s,"Món ăn vặt quốc dân huyền thoại đường phố Sài Gòn với bánh tráng cắt sợi trộn đều cùng muối tôm, nước sốt bò, trứng cút và xoài xanh sợi.","Bánh tráng vụn cắt sợi: 100g, Xoài xanh bào sợi: 30g, Trứng cút luộc: 3 quả, Khô bò xé: 15g, Khô mực xé: 15g, Tép khô rang: 1 muỗng canh, Nước sốt bò sệt: 1 muỗng canh, Nước cốt tắc: 1 muỗng canh, Rau răm: 20g, Đậu phộng rang: 1 muỗng canh","Tô trộn lớn, Đũa trộn, Dao bào xoài, Kéo","Dùng kéo cắt bánh tráng thành các sợi vừa ăn bỏ vào một chiếc tô trộn lớn sạch sẽ khô ráo, Cho xoài xanh bào sợi khô bò khô mực tép khô và một chút muối tôm vào chung tô bánh tráng, Rưới nước sốt bò sệt đậm đà hành phi mỡ hành và nước cốt tắc tươi vào tô bánh tráng, Dùng đũa trộn đều nhẹ tay liên tục cho bánh tráng thấm đẫm đều các gia vị và vừa mềm mại tới, Cắt rau răm thả vào tô trộn thêm trứng cút luộc cắt đôi và đậu phộng rang giã dập lên trên mặt, Trộn sơ một lần nữa rồi bày ra đĩa ăn ngay tránh để lâu bánh tráng bị dính cục chảy nước","Ăn vặt xế chiều tụ họp tán gẫu bè bạn, Giới trẻ học sinh sinh viên","Người bị đau dạ dày nhạy cảm, Người kiêng ăn chua cay mặn"
hu-tieu-sa-dec,Hủ tiếu Sa Đéc,Nam,main,"breakfast, lunch, dinner",30,60,medium,450,22,65,12,2,850,4,35000,60000,balanced,"Tôm, Hải sản","Ngọt đậm đà, Thơm hành phi, Chua mặn hài hòa",1,1,https://media.thuonghieucongluan.vn/uploads/2025/07/22/2025-07-19-hu-tieu-sa-dec-1753143372.jpg,"Đặc sản Đồng Tháp nổi tiếng với sợi hủ tiếu dai giòn sần sật, nước sốt trộn đậm đà đặc quánh và nước súp sườn heo ngọt lịm.","Hủ tiếu Sa Đéc khô: 150g, Sườn non heo: 100g, Gan heo: 50g, Tôm tươi: 2 con, Thịt băm: 50g, Tỏi phi: 1 muỗng canh, Nước tương: 2 muỗng canh, Hắc xì dầu: 1 muỗng cà phê, Súp ngọt xương: 300ml, Giá hẹ: 50g","Nồi nấu súp, Vá trụng, Tô, Chảo nhỏ làm sốt, Dao","Ninh xương ống heo lấy nước súp trong vắt nêm nếm gia vị vừa ăn, Luộc chín sườn non heo gan heo và tôm tươi rồi cắt miếng vừa ăn lòng heo làm sạch, Phi thơm tỏi băm rồi làm nước sốt trộn hủ tiếu gồm nước tương hắc xì dầu đường tiêu dầu hào nấu sánh sệt, Trụng sợi hủ tiếu Sa Đéc đặc trưng qua nước sôi sao cho vừa dai mềm rồi vớt ra xóc với mỡ tỏi, Xếp hủ tiếu vào tô thêm thịt băm gan heo tôm sườn non lên trên mặt, Rưới nước sốt sệt vào tô hủ tiếu khô, Múc nước súp nóng hổi ra tô riêng kèm hành hẹ xắt nhỏ","Mọi lứa tuổi, Người sành ăn miền Tây","Người kiêng chất béo, Người dị ứng tôm"
banh-trang-cuon-sot-bo,Bánh tráng cuốn sốt bơ,Nam,main,snack,15,5,easy,340,10,42,15,1,620,5,15000,25000,balanced,"Trứng, Tép khô, Đậu phộng","Béo ngậy, Chua cay mặn ngọt, Bùi bùi",1,1,https://encrypted-tbn0.gstatic.com/images?q=tbn:ANd9GcRF5iNiUm7cHXn7bBPKbAtlusp3puOyjaovng&s,"Món ăn vặt đường phố Nam Bộ hấp dẫn với bánh tráng đỏ cuốn chặt tay nhân trứng cút, bò khô, rau răm rồi chấm nước sốt bơ béo ngậy.","Bánh tráng tôm dẻo: 5 cái, Trứng cút luộc: 5 quả, Khô bò xé sợi: 20g, Tép khô rang: 1 muỗng canh, Bơ vàng làm bánh: 2 muỗng canh, Sốt mayonnaise: 1 muỗng canh, Xoài xanh bào sợi: 20g, Rau răm: 10g, Đậu phộng rang: 1 muỗng canh","Đĩa phẳng lớn cuốn bánh, Chén pha sốt, Dao nạo, Kéo","Luộc chín trứng cút bóc vỏ rồi cắt đôi hoặc xắt lát mỏng, Nạo xoài xanh thành sợi mỏng nhỏ và nhặt sạch rau răm cắt nhỏ, Trải phẳng miếng bánh tráng tôm dẻo lên đĩa sạch, Xếp lần lượt rau răm xoài sợi khô bò tép khô và trứng cút vào mép bánh tráng, Cuộn tròn bánh tráng thật chặt tay và đều đặn thành cuộn dài, Dùng kéo cắt bánh tráng cuộn thành các khúc ngắn vừa ăn xếp ra đĩa, Pha nước sốt chấm gồm bơ vàng sốt mayonnaise một chút tương ớt và nước bò xé quấy đều, Rưới sốt bơ béo ngậy lên đĩa bánh tráng rắc thêm đậu phộng rang giã dập","Học sinh sinh viên, Tụ tập ăn vặt xế chiều","Người thừa cân béo phì, Người kiêng đồ béo"
hu-tieu-my-tho,Hủ tiếu Mỹ Tho,Nam,main,"breakfast, lunch, dinner",30,75,medium,430,24,60,11,2,880,4,35000,65000,balanced,"Tôm, Mực khô, Hải sản","Ngọt thanh đậm, Thơm nức lòng, Giòn dai tôm thịt",0,1,https://cdn.tgdd.vn/Files/2017/05/09/980903/cach-nau-hu-tieu-my-tho-dam-chat-mien-tay-5_760x509.jpg,Niềm tự hào ẩm thực Tiền Giang với sợi hủ tiếu làm từ gạo Gò Cát dẻo dai đặc trưng nức tiếng nấu cùng nước dùng tôm khô mực nướng đậm đà.,"Hủ tiếu Mỹ Tho khô: 150g, Xương ống heo: 400g, Tôm tươi: 3 con, Thịt xá xíu: 50g, Lòng heo: 50g, Tôm khô: 20g, Mực khô nhỏ: 1 con, Củ cải trắng: 1 củ, Tỏi băm phi vàng: 2 muỗng canh, Giá hẹ, rau cần: 50g","Nồi hầm lớn, Vá trụng, Tô, Chảo nhỏ phi tỏi, Dao","Ninh xương ống heo cùng củ cải trắng và tôm khô mực khô nướng thơm để lấy nước dùng ngọt đậm đà, Luộc chín lòng heo tôm tươi thịt heo làm xá xíu rồi thái lát mỏng vừa ăn, Trụng sợi hủ tiếu Mỹ Tho khô qua nước sôi nhanh tay cho chín tới mà vẫn giữ độ dai giòn ráo nước, Cho hủ tiếu vào tô trộn đều với tỏi phi thơm bám đều sợi bánh, Xếp tôm lột vỏ thịt xá xíu lòng heo xắt miếng lên trên tô hủ tiếu, Nêm nếm lại nồi nước dùng với muối đường phèn hạt nêm cho vừa vị ngọt thanh, Chan nước dùng nóng hổi vào tô hủ tiếu rắc thêm hẹ rau cần xắt nhỏ hành phi và chút tiêu","Bữa ăn gia đình dinh dưỡng, Khách du lịch miền Tây","Người kiêng nội tạng heo, Người dị ứng hải sản"
banh-muot-nghe-an,Bánh mướt Nghệ An,Trung,main,breakfast,40,20,medium,290,6,58,4,1,450,2,15000,30000,light,Không,"Thanh nhẹ, Bùi thơm hành phi, Chua ngọt nhẹ",0,2,https://lalago.vn/wp-content/uploads/2025/12/banh-muot-nghe-an-1.jpg,"Món ăn sáng bình dị của xứ Nghệ, tấm bánh tráng mỏng mịn, trắng trong, dai mềm cuộn tròn thơm nức mùi hành tăm phi vàng.","Gạo tẻ ngon: 400g, Hành tăm (củ nén): 50g, Dầu ăn: 4 muỗng canh, Nước mắm ngon: 2 muỗng canh, Nước cốt chanh: 1 muỗng canh, Đường: 1 muỗng cà phê, Ớt tươi: 1 quả","Nồi tráng bánh chuyên dụng (vải căng), Gáo múc bột, Thanh tre cuộn bánh, Đĩa lớn","Ngâm gạo tẻ qua đêm rồi xay nhuyễn với nước lọc thành hỗn hợp bột loãng mịn để lắng gạn bớt nước chua, Đun sôi nước trong nồi tráng bánh căng tấm vải mỏng lên trên miệng nồi, Múc một gáo bột nhỏ láng thật mỏng đều khắp mặt vải đậy vung hấp chín bằng hơi nước trong 1 phút, Dùng thanh tre khéo léo nhấc tấm bánh mướt ra đĩa phết một lớp dầu hành tăm phi thơm, Cuộn tròn tấm bánh mướt lại rồi cắt thành các khúc dài khoảng 5 đến 7cm, Phi vàng thật nhiều hành tăm với dầu ăn cho dậy mùi thơm nồng nức mũi, Xếp bánh mướt ra đĩa rắc hành tăm phi giòn lên trên, Pha nước mắm chanh tỏi ớt chua ngọt thanh nhẹ để chấm kèm hoặc ăn cùng súp lươn","Ăn sáng thanh đạm, Mọi lứa tuổi đặc biệt người thích bánh truyền thống",Người kiêng ăn tinh bột tinh chế
bun-ca-chau-doc,Bún cá Châu Đốc,Nam,main,"breakfast, lunch, dinner",30,45,medium,380,20,52,8,2,820,3,30000,50000,balanced,"Cá, Mắm linh, Mắm sặc","Đậm đà vị mắm, Ngọt thanh, Thơm nghệ và ngải bún",1,1,https://bizweb.dktcdn.net/100/489/006/files/bun-ca-chau-doc-10.jpg?v=1698382636032,"Đặc sản vùng biên thùy An Giang màu vàng rực rỡ của nghệ, nước dùng thơm lừng ngải bún và mắm linh, mắm sặc ăn cùng cá lóc đồng ngọt thịt.","Cá lóc đồng: 1 con, Bún tươi: 200g, Nghệ tươi giã nhuyễn: 50g, Ngải bún: 30g, Sả băm: 2 muỗng canh, Mắm cá linh: 50g, Mắm cá sặc: 50g, Thịt heo quay: 100g, Bông điên điển, rau nhút: 100g","Nồi nấu súp, Rây lọc mắm, Tô, Dao, Chảo xào","Luộc chín cá lóc đồng với chút gừng sả rồi vớt ra gỡ sạch xương lấy phi lê thịt cá nguyên vẹn, Nấu rã mắm cá linh và mắm cá sặc với nước sôi rồi lọc qua rây lấy nước cốt đổ vào nồi nước luộc cá, Giã nhuyễn nghệ tươi ngải bún sả đập dập rồi cho vào nồi nước dùng nấu liu riu cho dậy hương và màu vàng đẹp, Phi thơm sả băm hành tím rồi cho thịt cá lóc vào xào sơ với chút bột nghệ cho thấm vị thơm giòn bùi, Nêm nếm lại nước dùng bún với đường phèn muối cho điều hòa vị mắm đậm đà, Trụng bún và rau nhút bông điên điển vào tô xếp cá lóc heo quay cắt miếng lên, Chan nước dùng mắm cá vàng rực nóng hổi ngập bát bún","Người thích hương vị mắm đậm đà, Khám phá ẩm thực Tây Nam Bộ","Người kiêng ăn mặn, Người dị ứng với mắm cá"
banh-da-xuc-hen-mien-trung,Bánh đa xúc hến miền Trung,Trung,main,"lunch, dinner, snack",25,15,easy,310,14,38,9,2,580,1,25000,45000,light,"Hến, Thủy sản","Ngọt bùi, Cay nồng, Thơm rau răm củ nén",2,2,https://beptruong.edu.vn/wp-content/uploads/2021/01/hen-xuc-banh-da.jpg,"Món ăn dân dã đậm tình miền Trung với hến sông xào săn thơm lừng củ nén, hành tây, rau răm xộc vị cay ăn cùng bánh đa mè nướng giòn rụm.","Thịt hến tươi luộc: 300g, Bánh đa mè (bánh tráng nướng): 2 cái, Củ nén (hành tăm): 20g, Rau răm: 30g, Hành tây: 1/2 củ, Ớt tươi: 2 quả, Đậu phộng rang: 2 muỗng canh, Sả băm: 1 muỗng canh, Gia vị thông dụng: 1 ít","Chảo xào, Dao, Tô băm, Đĩa lớn","Hến rửa sạch lại nhiều lần để loại bỏ hoàn toàn cát bẩn rồi để ráo nước, Củ nén đập dập hành tây cắt hạt lựu nhỏ rau răm và ớt tươi xắt nhỏ, Đun nóng dầu ăn trên chảo phi thơm củ nén sả băm cho vàng ruộm dậy mùi, Trút thịt hến vào chảo xào nhanh tay trên lửa lớn cho hến săn lại không bị ra nước, Thêm hành tây vào đảo cùng nêm nước mắm hạt nêm bột ngọt và ớt xắt cho vị đậm đà cay nồng, Cho tiếp rau răm xắt nhỏ vào đảo đều trong 1 phút rồi tắt bếp, Múc hến xào ra đĩa rắc đậu phộng rang giã dập và hành phi lên trên mặt, Bẻ nhỏ bánh đa mè nướng dùng để xúc hến xào ăn trực tiếp","Món nhắm bạn bè, Ăn vặt chiều miền Trung nhâm nhi","Người bụng yếu, Người dị ứng với các loại thủy sản sông"
bun-sua-nha-trang,Bún sứa Nha Trang,Trung,main,"breakfast, lunch, dinner",25,45,medium,360,19,50,7,1,810,2,35000,55000,light,"Sứa, Cá biển, Hải sản","Ngọt thanh khiết, Giòn sần sật, Chua nhẹ",1,1,https://static.vinwonders.com/2022/10/bun-sua-nha-trang-4.jpg,"Đặc sản thành phố biển Nha Trang, nước dùng trong vắt thanh ngọt ninh từ cá liệt, ăn cùng những miếng sứa trắng phau giòn sần sật.","Sứa biển tươi sạch: 200g, Chả cá Nha Trang: 100g, Bún tươi: 200g, Cá liệt hoặc xương cá cờ: 500g, Cà chua: 2 quả, Thơm (dứa): 1/4 quả, Hành lá, ngò rí: 20g, Màu dầu điều: 1 muỗng canh, Giá đỗ, rau sống: 50g","Nồi ninh súp, Vá lọc, Tô, Dao cắt","Ninh xương cá biển cá liệt cùng hành tím nướng để có nước dùng thanh ngọt tự nhiên lọc lấy nước trong bỏ xương, Cà chua cắt múi cau thơm cắt miếng xéo mỏng rồi cho vào nồi nước dùng nấu chín, Thêm chút màu dầu điều để nồi nước dùng có màu sắc óng ánh bắt mắt nêm nếm gia vị vừa miệng, Sứa biển rửa sạch nhiều lần ngâm nước đá cho thật giòn rồi cắt miếng vừa ăn để ráo, Chả cá chiên hoặc hấp cắt lát mỏng vừa ăn, Trụng bún tươi và giá đỗ cho vào tô xếp chả cá lên trên, Chan nước dùng nóng hổi thơm cà chua vào tô rồi xếp sứa giòn lên trên cùng, Thưởng thức nóng kèm rau sống xắt nhỏ và mắm tôm hoặc mắm ruốc","Người thích ăn hải sản thanh mát, Người ăn chế độ ít béo nhẹ nhàng","Phụ nữ mang thai, Người có cơ địa dễ dị ứng hải sản và sứa"
banh-gio-bac-kan,Bánh gio Bắc Kạn,Bắc,main,snack,1440,360,hard,180,2,42,0,1,120,15,5000,10000,low-fat,Không,"Thanh mát, Ngọt đậm mật mía, Thoảng mùi vôi gio",0,4,https://mia.vn/media/uploads/blog-du-lich/banh-gio-mat-mia-2-1737300133.jpg,"Món bánh truyền thống độc đáo làm từ gạo nếp ngâm nước tro loại cây rừng tinh khiết, bánh chín trong suốt như hổ phách, dẻo thơm chấm mật mía.","Gạo nếp nương sạch: 1kg, Tro cây rừng tinh khiết: 200g, Nước vôi trong: 2 muỗng canh, Lá chít hoặc lá dong non: 30 lá, Mật mía nguyên chất: 200ml, Lạt tre gói bánh: 15 sợi","Nồi luộc lớn, Thau ngâm nếp, Rây lọc tro, Lạt tre, Khay ép bánh","Hòa tro cây rừng vào nước lọc để qua đêm rồi lọc lấy phần nước tro trong suốt, Ngâm gạo nếp vào nước tro hòa thêm chút nước vôi trong từ 15 đến 24 tiếng cho nếp ngấm đổi màu rồi xả nhẹ nước ráo, Luộc sơ lá chít hoặc lá dong non cho mềm dẻo để dễ gói bánh không bị rách, Khéo léo xếp lá tạo hình phễu đổ gạo nếp ngâm tro vào rồi quấn chặt tay thành hình chiếc bánh thuôn dài, Buộc chặt bánh bằng lạt tre tránh để gạo nếp bị lọt ra ngoài khi luộc, Xếp bánh vào nồi đổ ngập nước luộc liên tục từ 5 đến 6 tiếng cho bánh chín nhừ trong suốt, Vớt bánh ra ngâm nước lạnh rồi treo lên chỗ thoáng mát cho ráo, Bóc vỏ bánh dùng lạt cắt miếng vừa ăn chấm ngập mật mía ngọt lịm bùi mát","Người thích ăn quà quê thanh mát, Ăn nhẹ giải nhiệt ngày hè",Người bị bệnh tiểu đường tăng đường huyết
chao-luon-nghe-an,Cháo lươn Nghệ An,Trung,main,"breakfast, dinner",30,60,medium,340,16,45,10,1,720,1,30000,50000,balanced,"Lươn, Thủy sản","Đậm đà, Cay nồng, Thơm nức nghệ và củ nén",2,1,https://static.vinwonders.com/production/dac-san-chao-luon-nghe-an.jpg,"Niềm tự hào xứ Nghệ với hạt cháo ninh nguyên hạt nở mềm trong súp ngọt lịm từ xương lươn, thịt lươn xào nghệ cay nồng xé lưỡi.","Lươn đồng tươi: 400g, Gạo tẻ ngon: 100g, Gạo nếp: 20g, Củ nén (hành tăm): 30g, Nghệ tươi giã lấy nước: 2 muỗng canh, Ớt bột cay: 1 muỗng cà phê, Hành lá, rau răm: 30g, Dầu điều màu: 1 muỗng canh, Gia vị: nước mắm muối tiêu","Nồi ninh cháo, Chảo xào lươn, Dao, Tô, Rây lọc xương","Lươn bóp muối giấm cho sạch nhớt luộc chín cùng chút gừng rồi gỡ lấy thịt lươn nguyên sợi bỏ xương, Cho phần xương lươn vào giã nhỏ lọc lấy nước ngọt nấu cháo cùng gạo tẻ và gạo nếp ninh liu riu cho cháo nở mềm nguyên hạt, Phi thơm thật nhiều củ nén băm nhỏ với dầu màu điều trên chảo, Cho thịt lươn vào xào săn nhẹ tay nêm nước cốt nghệ tươi ớt bột nước mắm gia vị tiêu cho thấm đậm vị cay nồng, Khi cháo trong nồi đã chín nhừ sánh mượt múc cháo trắng ra tô, Múc một vá lớn lươn xào nghệ cay thơm cùng nước sốt dầu điều vàng óng rưới lên mặt tô cháo, Rắc thật nhiều rau răm hành lá xắt nhỏ và tiêu đen xay rồi thưởng thức lúc nóng hổi","Người cần bồi bổ sức khỏe, Thích ăn cay nồng ngày lạnh","Trẻ em quá nhỏ khó ăn cay, Người dị ứng thịt lươn"
banh-tai-phu-tho,Bánh tai Phú Thọ,Bắc,main,"breakfast, snack",45,30,medium,240,8,38,6,1,420,1,5000,15000,balanced,Không,"Bùi dẻo, Thơm thịt heo hành tím, Đậm đà dịu nhẹ",0,2,https://www.vietnamairlines.com/content/dam/legacy-site-assets/SEO-images/2025%20SEO/Thay%20Anh%20Traffic%20Tieng%20Viet/dac%20san%20phu%20tho/banh-tai.jpeg,"Món bánh dân dã vùng đất tổ Phú Thọ có hình dáng cong cong như chiếc tai heo, làm bằng bột gạo tẻ dẻo bùi ôm lấy nhân thịt heo băm đậm đà.","Gạo tẻ ngon hạt tròn: 500g, Thịt ba chỉ hoặc nạc vai heo: 200g, Hành tím: 50g, Muối: 1 muỗng cà phê, Tiêu đen xay: 1 muỗng cà phê, Hạt nêm: 1 muỗng cà phê","Cối giã hoặc máy xay bột, Nồi hấp cách thủy, Thau nhào bột, Dao","Gạo tẻ ngâm nước vài tiếng đem xay mịn với nước rồi ép ráo để thu được khối bột tinh khiết mềm dẻo, Thịt heo băm nhỏ trộn đều với hành tím băm nhuyễn muối tiêu hạt nêm xào sơ cho chín tái làm nhân bánh, Lấy từng phần bột gạo tẻ nhào thật kỹ rồi nặn thành khối tròn ấn dẹt, Cho một muỗng nhân thịt heo hành tím vào giữa miếng bột dẹt, Khéo léo gập đôi miếng bột lại miết nhẹ mép bánh tạo hình dáng cong cong dẹt hai đầu giống hình chiếc tai, Xếp lần lượt bánh tai vào xửng hấp cách thủy trên lửa lớn, Hấp liên tục trong khoảng 30 phút đến khi lớp vỏ bột chín chuyển màu trắng trong bóng mịn bùi dẻo, Lấy bánh ra ăn nóng trực tiếp hoặc chấm nước mắm tỏi ớt nhẹ","Ăn sáng bình dân, Quà quê mộc mạc mọi lứa tuổi",Người kiêng ăn tinh bột và thịt heo
sup-luon-nghe-an,Súp lươn Nghệ An,Trung,main,"breakfast, dinner",30,45,medium,310,18,12,15,1,780,2,35000,55000,balanced,"Lươn, Thủy sản","Đậm đà, Cay nồng, Thơm nghệ",2,1,https://static.vinwonders.com/production/sup-luon-nghe-an-banner.jpg,Đặc sản xứ Nghệ ngon trứ danh với thịt lươn đồng xào săn đậm đà vị nghệ và ớt cay nồng ăn kèm bánh mì hoặc bánh mướt.,"Lươn đồng tươi: 300g, Nghệ tươi giã nhỏ: 2 muỗng canh, Củ nén: 20g, Ớt bột: 1 muỗng cà phê, Hành lá, rau răm: 20g, Gia vị thông dụng: 1 ít","Chảo xào, Nồi nấu súp, Dao, Tô","Làm sạch lươn bằng muối và giấm rồi luộc chín, Gỡ lấy thịt lươn dọc theo xương để riêng, Phi thơm củ nén đập dập trên chảo dầu, Cho thịt lươn vào xào săn cùng nước cốt nghệ và ớt bột, Chế nước luộc lươn đã lọc trong vào đun sôi, Nêm nếm gia vị vừa ăn rồi rắc hành lá rau răm xắt nhỏ","Người cần bồi bổ, Thích ăn cay nóng","Trẻ em nhỏ, Người kiêng ăn cay"
banh-ngai-nguoi-tay,Bánh ngải người Tày,Bắc,main,snack,60,30,medium,220,4,45,3,2,150,8,5000,15000,vegetarian,Không,"Ngọt bùi, Thơm hăng nhẹ lá ngải, Dẻo mịn",0,2,https://encrypted-tbn0.gstatic.com/images?q=tbn:ANd9GcSKcTlsXLoB6tV-Q3WisdEEf-Hm5aw8vLdwoQ&s,Món bánh truyền thống của người Tày làm từ gạo nếp nương đồ xôi giã nhuyễn với lá ngải cứu tạo màu xanh sẫm ôm trọn nhân vừng đường ngọt bùi.,"Gạo nếp nương: 500g, Lá ngải cứu non: 200g, Vừng đen: 100g, Đường phèn hoặc đường thẻ: 100g, Nước vôi trong: 1 muỗng canh","Nồi hấp, Chày cối giã bánh, Tô, Mâm sạch","Nhặt lá ngải cứu non rửa sạch rồi đem đun với nước vôi trong cho mềm rục, Vắt kiệt nước lá ngải rồi giã nhuyễn, Gạo nếp ngâm qua đêm đem đồ thành xôi dẻo quánh, Cho xôi nóng và lá ngải giã nhuyễn vào cối giã liên tục đến khi hỗn hợp mịn dẻo màu xanh sẫm, Giã vừng đen rang chín trộn với đường làm nhân, Chia bột bánh thành các viên nhỏ ấn dẹt cho nhân vừng đường vào giữa rồi vo tròn ấn bẹt","Người thích bánh truyền thống, Ăn chay","Người tiểu đường, Người thừa cân"
banh-hoi-long-heo-binh-dinh,Bánh hỏi lòng heo Bình Định,Trung,main,"breakfast, lunch",30,45,medium,480,26,50,18,1,820,3,35000,60000,balanced,Nội tạng heo,"Đậm đà, Béo bùi, Thơm mỡ hẹ",0,1,https://cdn.tgdd.vn/2021/01/CookRecipe/Avatar/banhhoichaolong.jpg,Đặc sản trứ danh đất võ Bình Định gồm đĩa bánh hỏi mướt mỡ hẹ ăn kèm lòng heo luộc giòn ngọt và chén cháo huyết nóng hổi.,"Bánh hỏi tươi: 200g, Lòng heo tổng hợp: 300g, Hẹ tươi: 50g, Hành tím: 3 củ, Gừng: 1 nhánh, Gia vị thông dụng: 1 ít","Nồi luộc, Chảo phi mỡ hẹ, Dao xắt, Đĩa lớn","Làm sạch lòng heo bằng muối chanh và gừng đập dập, Luộc lòng heo trong nồi nước sôi cùng hành tím đến khi chín tới vớt ra ngâm nước đá cho giòn, Xắt nhỏ lá hẹ tươi rồi cho vào chảo dầu nóng phi thơm thành mỡ hẹ, Thoa đều mỡ hẹ lên từng lá bánh hỏi xếp chồng lên nhau, Thái lát mỏng lòng heo luộc xếp ra đĩa bên cạnh bánh hỏi, Pha nước mắm tỏi ớt chua ngọt đậm vị để chấm kèm","Người thích ăn nội tạng, Khám phá ẩm thực miền Trung","Người bị gout, Người mỡ máu cao"
banh-te-cho-bac-ninh,Bánh tẻ Chờ Bắc Ninh,Bắc,main,"breakfast, snack",45,30,medium,260,8,40,7,1,450,1,7000,15000,balanced,Không,"Giòn dẻo, Đậm đà, Thơm lá dong",0,2,https://img.iguide.ai/media/banh-te-lang-cho-bac-ninh-mot-lan-an-gay-thuong-nho_B%C3%A1nh%20t%E1%BA%BB%20L%C3%A0ng%20Ch%E1%BB%9D%20-%20B%E1%BA%AFc%20Ninh%203.webp,Món bánh mộc mạc làng Chờ - Bắc Ninh làm bằng bột gạo tẻ quấy trong nhân thịt heo mộc nhĩ hành khô giòn sần sật.,"Gạo tẻ ngon: 400g, Thịt nạc vai heo: 150g, Mộc nhĩ: 30g, Hành khô: 50g, Lá dong non: 15 lá, Lạt tre: 10 sợi","Nồi quấy bột, Chảo xào nhân, Nồi hấp, Đũa cả lớn","Ngâm gạo tẻ xay mịn thành bột loãng rồi cho vào nồi đun nhỏ lửa quấy đều tay đến khi bột đặc sệt nửa chín nửa sống, Mộc nhĩ ngâm nở băm nhỏ thịt heo băm nhỏ hành khô băm nhỏ xào săn cùng muối tiêu làm nhân, Trải lá dong sạch ra mâm múc một vá bột gạo dàn mỏng dọc theo lá, Cho nhân thịt mộc nhĩ vào giữa rồi túm hai mép lá dong cuộn tròn lại, Buộc chặt bánh bằng lạt tre rồi đem xếp vào xửng hấp cách thủy trong 30 phút cho bánh chín hoàn toàn","Ăn sáng, Quà quê truyền thống",Người kiêng tinh bột
ram-tom-dat-binh-dinh,Ram tôm đất Bình Định,Trung,main,"lunch, dinner, snack",25,15,easy,340,16,28,14,1,560,1,50000,100000,balanced,"Tôm, Hải sản","Giòn rụm, Ngọt bùi tôm đất, Thơm béo thịt ba chỉ",0,2,https://dacsanmienque.net/wp-content/uploads/2021/01/Bua-an-voi-cha-ram-tom-dat-Nhat-Vi.jpg,Món ram nhỏ xinh giòn tan rôm rốp của Bình Định với nhân tôm đất đầm ngọt thịt và một miếng mỡ gáy béo ngậy.,"Tôm đất tươi: 200g, Thịt ba chỉ heo: 100g, Bánh tráng phơi sương Bình Định: 1 xấp, Hành tím: 5 củ, Gia vị thông dụng: 1 ít","Chảo chiên ngập dầu, Đĩa lớn, Giấy thấm dầu","Tôm đất cắt bỏ râu rửa sạch giữ nguyên vỏ ướp chút muối tiêu, Thịt ba chỉ cắt miếng nhỏ dài bằng con tôm, Hành tím thái lát mỏng xào sơ cho thơm, Đặt miếng bánh tráng nhỏ lên mâm xếp một con tôm đất một miếng thịt ba chỉ và vài lát hành tím vào mép, Khéo léo cuộn chặt tay miếng ram thành hình trụ nhỏ xinh bằng ngón tay, Cho dầu vào chảo đun nóng già rồi thả ram vào chiên ngập dầu trên lửa nhỏ để vỏ bánh giòn lâu, Vớt ram ra đĩa lót giấy thấm dầu ăn kèm rau sống và nước mắm chua ngọt","Các bữa tiệc họp mặt, Món khai vị giòn rụm","Người thừa cân, Người dị ứng tôm"
banh-khuc-ha-noi,Bánh khúc Hà Nội,Bắc,main,"breakfast, dinner, snack",45,45,medium,380,10,58,11,2,540,1,15000,25000,balanced,Không,"Dẻo bùi, Béo ngậy nhân thịt đậu xanh, Thơm lá khúc",0,1,https://static.vinwonders.com/production/xoi-khuc-ha-noi-1.jpg,Món xôi quà bánh kinh điển của đêm đông Hà Nội với vỏ nếp dẻo thơm ôm trọn lớp bột lá khúc bùi bùi và nhân đậu xanh thịt ba chỉ tiêu sọ cay nồng.,"Gạo nếp cái hoa vàng: 400g, Lá khúc tươi: 200g, Đậu xanh tách vỏ: 200g, Thịt ba chỉ heo: 150g, Hành tím băm: 30g, Gia vị: muối, tiêu sọ xay","Nồi hấp cách thủy, Cối giã, Tô trộn","Đậu xanh ngâm nở hấp chín giã nhuyễn, Gạo nếp ngâm qua đêm vớt ra để ráo, Lá khúc rửa sạch đem giã nhuyễn vắt lấy nước trộn đều cùng bột gạo tẻ làm vỏ bánh, Thịt ba chỉ cắt nhỏ xào săn với hành tím băm và thật nhiều tiêu sọ, Bọc nhân thịt heo vào giữa phần đậu xanh giã nhuyễn vo thành viên tròn, Lấy bột lá khúc bọc xung quanh viên đậu xanh thịt heo, Lăn viên bánh khúc qua lớp gạo nếp để gạo bám đều bên ngoài, Xếp vào chõ hấp cách thủy hông trong 45 phút cho nếp chín dẻo mềm óng ánh","Ăn ấm bụng ngày lạnh, Mọi lứa tuổi",Người kiêng đồ nếp dẻo
nem-lui-hue,Nem lụi Huế,Trung,main,"lunch, dinner, snack",30,20,medium,360,22,15,24,1,690,4,40000,70000,balanced,"Đậu phộng, Mè","Đậm đà mặn ngọt, Thơm sả nướng, Béo bùi sốt đậu",1,2,https://static.vinwonders.com/production/nem-lui-hue-banner.jpg,Món ăn tinh tế cố đô Huế với thịt heo quết nhuyễn bọc quanh cây sả tươi nướng than hồng dậy mùi thơm ăn cùng nước lèo đậu phộng gan heo đặc sánh.,"Thịt nạc heo giò sống: 400g, Mỡ heo hạt lựu: 100g, Sả cây: 15 cây, Gan heo làm sốt: 50g, Tương hột giã: 2 muỗng canh, Đậu phộng rang: 50g, Gia vị: ngũ vị hương, hành tỏi băm","Bếp than hoa, Chảo nhỏ làm sốt, Tô quết thịt, Dao","Quết thật kỹ thịt nạc heo giò sống và mỡ hạt lựu với hành tỏi băm nước mắm tiêu đường đến khi dẻo dai, Bọc một lượng thịt vừa đủ quanh phần gốc của từng cây sả tươi dập nhẹ đầu, Xếp các xiên nem lụi lên bếp than hoa nướng xoay đều tay đến khi vàng ươm xém cạnh dậy mùi thơm phức, Làm nước sốt lèo bằng cách xay gan heo tương hột đậu phộng nấu sôi sánh sệt béo bùi, Dọn nem lụi ra ăn kèm bánh tráng rau sống khế chua chuối chát và chấm nước lèo","Họp mặt bè bạn, Thích món nướng cuốn bánh tráng",Người kiêng chất béo động vật
banh-dum-thai-binh,Bánh đùm Thái Bình,Bắc,main,"breakfast, snack",40,30,medium,280,9,42,8,1,490,2,10000,20000,balanced,Không,"Bùi dẻo, Đậm vị nhân thịt mộc nhĩ hành khô",0,2,https://cdn.tgdd.vn/2020/07/CookProduct/40-1200x676-1.jpg,"Đặc sản mộc mạc quê lúa Thái Bình hình dáng như một chiếc túi đùm túm gọn, làm bằng bột gạo tẻ ôm nhân thịt heo hành mộc nhĩ đậm đà.","Bột gạo tẻ ngon: 300g, Thịt heo nạc dăm: 150g, Mộc nhĩ: 20g, Hành khô: 40g, Lá chuối sạch: 10 miếng, Gia vị thông dụng: muối, tiêu, mì chính","Nồi quấy bột, Nồi hấp cách thủy, Chảo xào nhân","Hòa bột gạo tẻ với nước lọc rồi đun nhỏ lửa quấy liên tục cho bột chín tái đặc quánh lại, Băm nhỏ thịt nạc dăm mộc nhĩ hành khô rồi đem xào chín nêm nếm gia vị đậm đà nhiều tiêu, Lấy một phần bột gạo dàn mỏng lên lòng bàn tay cho nhân thịt mộc nhĩ vào giữa, Khéo léo túm các mép bột lại đùm kín nhân vo thành khối tròn trụ dẹt底部, Gói bánh bằng lá chuối sạch túm phần đầu buộc lạt tre cố định, Xếp bánh vào xửng hấp cách thủy trên lửa lớn trong 30 phút cho chín dẻo","Quà quê xế chiều, Thích vị bánh tẻ truyền thống",Người giảm cân hạn chế tinh bột
nem-chua-thanh-hoa,Nem chua Thanh Hóa,Bắc,main,snack,45,0,hard,160,18,2,9,0,620,2,30000,60000,Keto / Low-carb,Không,"Chua thanh, Chát nhẹ lá đinh lăng, Cay nồng tỏi ớt",1,4,https://static.vinwonders.com/production/gia-nem-chua-o-thanh-hoa.jpg,"Đặc sản nức tiếng xứ Thanh từ thịt heo nạc quết nhuyễn trộn bì heo xắt sợi mỏng, lên men tự nhiên bằng lá chuối dậy vị chua thanh cay nồng.","Thịt đùi sau heo tươi rói: 500g, Bì heo làm sạch sợi mỏng: 200g, Thính gạo: 2 muỗng canh, Tỏi lát, ớt lát: 20g, Lá đinh lăng: 50g, Lá chuối tươi, dây thun","Máy xay thịt, Tô trộn lớn, Màng bọc thực phẩm","Thịt heo lọc sạch mỡ xắt nhỏ cho vào máy xay nhuyễn mịn dẻo khi thịt còn ráo ấm, Trộn thịt xay với bì heo xắt sợi thính gạo muối tiêu đường tỏi băm thật đều tay, Định hình hỗn hợp thịt thành các thanh trụ nhỏ vừa ăn, Đặt một lát tỏi một lát ớt và lá đinh lăng lên thanh thịt nem, Quấn chặt nem bằng màng bọc thực phẩm rồi bọc nhiều lớp lá chuối dày bên ngoài cột thun, Để nem ở nhiệt độ phòng nơi thoáng mát từ 2 đến 3 ngày cho nem lên men chua thanh chín tự nhiên","Món nhắm khai vị, Quà biếu đặc sản","Người bụng yếu, Phụ nữ mang thai ăn đồ sống"
banh-hoi-thit-nuong-mien-tay,Bánh hỏi thịt nướng miền Tây,Nam,main,"lunch, dinner",30,25,medium,460,24,52,16,2,790,5,40000,65000,balanced,"Mè, Đậu phộng","Ngọt mặn hài hòa, Thơm thịt nướng, Béo mỡ hành",1,1,https://cdn.eva.vn/upload/3-2020/images/2020-08-20/1597888257-976-thumbnail-width640height480_schema_article.jpg,Món ăn Nam Bộ phổ biến với từng xấp bánh hỏi trắng mịn đượm mỡ hành béo ngậy ăn cùng thịt nạc vai nướng sả mè vàng ươm mặn ngọt.,"Bánh hỏi tươi xấp nhỏ: 200g, Thịt nạc vai heo: 300g, Sả băm nhuyễn: 2 muỗng canh, Mật ong: 1 muỗng canh, Hành lá: 50g, Đậu phộng rang: 20g, Gia vị: nước mắm, ngũ vị hương","Bếp nướng than hoa hoặc lò nướng, Chảo phi mỡ hành, Tô","Thịt nạc vai heo thái lát mỏng vừa phải đem ướp sả băm mật ong ngũ vị hương nước mắm trong 30 phút, Xếp thịt heo lên vỉ nướng trên bếp than hoa chín vàng đều hai mặt dậy mùi thơm, Cắt nhỏ hành lá rồi dội dầu ăn đun sôi lên tạo hỗn hợp mỡ hành xanh mướt, Phết mỡ hành lên khắp các lá bánh hỏi tươi cuốn tròn nhẹ, Xếp bánh hỏi mỡ hành ra đĩa cùng thịt nướng cắt miếng vừa ăn rắc đậu phộng rang giã dập, Ăn kèm rau sống xà lách và chén nước mắm tỏi ớt chua ngọt pha loãng vị miền Tây","Bữa ăn gia đình họp mặt, Thích đồ nướng cuốn rau",Người kiêng mỡ động vật
nem-nuong-ninh-hoa,Nem nướng Ninh Hòa,Trung,main,"lunch, dinner",40,20,medium,390,23,24,18,2,810,4,50000,80000,balanced,"Đậu phộng, Trứng","Đậm đà, Thơm ngọt thịt nướng, Giòn rụm ram bánh",1,2,https://mms.img.susercontent.com/vn-11134513-7r98o-lsvbu43k121l27@resize_ss1242x600!@crop_w1242_h600_cT,Đặc sản Khánh Hòa lừng danh với những xiên nem thịt heo quết dai nướng vàng ruộm ăn kèm bánh tráng cuốn rau sống và sốt nếp béo bùi vàng óng.,"Thịt đùi heo giò sống: 400g, Mỡ heo cắt hạt lựu: 100g, Bánh tráng cuốn ram giòn: 10 cái, Nếp thơm làm sốt: 50g, Gan heo làm sốt: 50g, Gia vị nêm nếm, Rau sống các loại","Que tre nướng, Bếp than hồng, Máy xay, Chảo làm sốt","Quết kỹ thịt đùi heo giò sống mỡ hạt lựu hành tỏi băm đường tiêu đến khi dẻo quánh, Bọc thịt quanh que tre thành các thanh dài đem nướng trên bếp than hoa chín vàng đều, Cuộn bánh tráng thành ống nhỏ rồi đem chiên ngập dầu thật giòn làm bánh ram, Nấu chín nếp thơm rồi đem xay nhuyễn cùng gan heo xào tương hột dầu điều để nấu thành nước sốt chấm sệt béo bùi, Bày nem nướng cắt đôi bánh ram chiên giòn xà lách rau thơm khế chua chuối chát ra mẹt lớn và thưởng thức","Tụ tập bè bạn ăn đồ cuốn, Khách du lịch Nha Trang",Người hạn chế đồ chiên rán nhiều dầu mỡ
lau-bo-nhung-giam,Lẩu bò nhúng giấm,Nam,main,"lunch, dinner",20,30,easy,450,32,18,22,3,890,6,150000,250000,balanced,"Thịt bò, Cá (mắm nêm)","Chua thanh dịu, Ngọt từ dừa tươi, Đậm đà mắm nêm",1,4,https://encrypted-tbn0.gstatic.com/images?q=tbn:ANd9GcSgveuI77bWgzjDB_tLLgH8nqFVKuEufCGyCw&s,Món lẩu khoái khẩu với thịt bò phi lê mềm mại nhúng vào nước dùng giấm nuôi hòa nước dừa tươi chua thanh ngọt dịu cuốn bánh tráng mắm nêm.,"Thịt bò phi lê mềm: 500g, Giấm gạo nuôi: 150ml, Nước dừa xiêm tươi: 1 lít, Sả cây: 3 nhánh, Hành tây: 1 củ, Thơm (dứa): 1/2 quả, Mắm nêm ngon: 4 muỗng canh, Bánh tráng, rau sống, bún","Nồi lẩu, Bếp ga mini, Dao xắt mỏng, Chén pha sốt","Thịt bò phi lê đem xắt lát thật mỏng bày ra đĩa tròn, Nấu nước dùng lẩu gồm nước dừa tươi giấm gạo sả cây đập dập hành tây cắt múi cau và chút gia vị đun sôi, Giã nhuyễn thơm tỏi ớt rồi pha trộn đều với mắm nêm đường nước cốt tắc thành nước chấm đậm đà, Đặt nồi nước lẩu giấm lên bếp đun sôi sùng sục tại bàn ăn, Nhúng từng lát thịt bò mỏng vào nồi nước lẩu cho chín tái mềm ngọt, Cuốn thịt bò tái với bánh tráng bún tươi rau sống chấm ngập chén mắm nêm chua cay ngọt bùi","Họp mặt gia đình bạn bè ngày cuối tuần, Người thích đồ cuốn",Người đau dạ dày nặng nhạy cảm với giấm chua
banh-khoai-hue,Bánh khoái Huế,Trung,main,"lunch, dinner, snack",30,20,medium,380,16,42,15,2,710,3,30000,50000,balanced,"Tôm, Hải sản, Đậu phộng","Giòn rụm đậm đà, Thơm nồng sốt tương gan béo bùi",1,1,https://statics.vinpearl.com/banh-khoai-hue-thumb_1702311698.jpg,"Món bánh chiên đặc sản Huế có lớp vỏ bột vàng ươm dày giòn rụm ôm lấy nhân tôm, thịt heo, chả và giá đỗ chấm súp tương gan béo ngậy cầu kỳ.","Bột gạo tẻ ngon: 200g, Bột nghệ: 1 muỗng cà phê, Tôm tươi: 100g, Thịt ba chỉ heo: 100g, Giá đỗ: 50g, Gan heo làm sốt: 50g, Tương bột Huế: 2 muỗng canh, Đậu phộng rang: 20g","Chảo đổ bánh khoái lòng sâu, Nồi nhỏ làm sốt, Vá múc","Hòa bột gạo tẻ bột nghệ trứng gà với nước lọc thành hỗn hợp sệt loãng vừa phải để nghỉ 15 phút, Làm sạch gan heo băm nhỏ xay cùng tương bột đậu phộng nấu sôi thành nước lèo chấm đặc sánh béo bùi, Cho ít dầu vào chảo lòng sâu đun nóng già múc bột láng đều chảo, Xếp tôm luộc thịt heo xắt mỏng và giá đỗ vào một nửa mặt bánh, Chiên trên lửa vừa đến khi lớp vỏ bánh vàng giòn rụm ráo dầu, Gập đôi miếng bánh lại thành hình bán nguyệt úp ngược ra đĩa ăn kèm vả trộn rau sống chấm sốt gan","Người thích ăn đồ chiên giòn, Khám phá ẩm thực Huế","Người béo phì, Người cần hạn chế chất béo"
lau-de-com-chay-ninh-binh,Lẩu dê cơm cháy Ninh Bình,Bắc,main,"lunch, dinner",30,60,medium,520,35,40,25,3,920,4,200000,400000,balanced,Thịt dê,"Đậm đà vị thuốc bắc, Thơm nồng, Ngọt đậm từ xương dê",1,4,https://mia.vn/media/uploads/blog-du-lich/thit-de-com-chay-mon-an-gay-nho-thuong-cua-co-do-ninh-binh-8-1641210214.jpg,"Sự kết hợp hoàn hảo giữa thịt dê núi Ninh Bình hầm thuốc bắc thơm nức, ngọt lịm và những miếng cơm cháy chiên giòn rụm chấm nước súp lẩu.","Thịt dê núi tươi: 600g, Xương ống dê: 400g, Gói thuốc bắc hầm lẩu: 1 gói, Cơm cháy Ninh Bình khô: 1 bánh lớn, Hành tím, gừng: 50g, Rau nhúng lẩu (rau muống, tía tô): 200g","Nồi lẩu lớn, Chảo chiên cơm cháy, Bếp, Dao chặt","Trần sơ thịt dê và xương dê với nước sôi gừng rượu trắng để khử sạch mùi hôi núi rừng, Ninh xương dê cùng hành gừng nướng và gói thuốc bắc trong nhiều giờ để lấy nước dùng lẩu thơm ngọt đậm đà, Chặt thịt dê thành miếng vừa ăn xào săn với sả ớt rồi trút vào nồi nước dùng ninh cho mềm nhừ dẻo, Bẻ nhỏ bánh cơm cháy khô đem chiên ngập dầu trên chảo nóng đến khi phồng rộp giòn tan vàng ruộm, Bày nồi nước lẩu dê thuốc bắc đun sôi trên bếp kèm các loại rau nhúng, Thực khách múc nước súp lẩu dê nóng hổi tưới lên cơm cháy chiên giòn bốc khói rôm rốp","Tiệc liên hoan mùa đông, Bồi bổ sức khỏe phái mạnh","Người bị nhiệt miệng, Người cao huyết áp"
banh-it-la-gai-binh-dinh,Bánh ít lá gai Bình Định,Trung,main,snack,60,45,hard,240,4,48,4,2,110,18,5000,10000,vegetarian,Mè,"Ngọt đậm, Dẻo quánh, Thơm nồng lá gai và gừng",0,4,https://cdn.xanhsm.com/2025/01/30115cfa-banh-it-quy-nhon-1.jpg,"Món bánh truyền thống Bình Định dẻo quánh màu đen mun đặc trưng từ lá gai, nhân dừa đậu xanh ngào gừng cay nhẹ ngọt lịm tim.","Lá gai tươi sạch: 300g, Gạo nếp ngự: 500g, Đậu xanh không vỏ: 200g, Sợi dừa nạo: 100g, Đường cát hoặc đường phèn: 250g, Gừng tươi: 1 nhánh, Lá chuối gói bánh","Nồi luộc, Chày cối giã nếp, Nồi hấp cách thủy, Chảo sên nhân","Lá gai tước bỏ gân rửa sạch luộc chín mềm rồi đem giã nhuyễn vắt lấy nước cốt màu đen sẫm, Gạo nếp xay mịn ép ráo nước trộn đều giã nhuyễn với nước cốt lá gai và đường thành khối bột dẻo mịn màu đen, Hấp chín đậu xanh giã tơi sên trên chảo cùng sợi dừa nạo đường và gừng băm nhỏ thành viên nhân tròn ngọt, Chia bột lá gai thành các phần vo tròn ấn dẹt cho nhân đậu xanh dừa gừng vào giữa bọc kín lại, Hơ lá chuối cho mềm dẻo rồi cuộn thành hình tháp nhọn gói kín viên bánh ít, Xếp bánh vào chõ hấp cách thủy trong 45 phút trên lửa lớn đến khi bột chín trong dẻo quánh","Quà biếu đặc sản, Người thích ăn ngọt dẻo quê nhà","Người tiểu đường, Người cần ăn kiêng ngọt"
lau-ga-ot-hiem-mien-tay,Lẩu gà ớt hiểm miền Tây,Nam,main,"lunch, dinner",25,40,medium,450,30,15,22,2,880,4,150000,250000,balanced,Không,"Cay nồng, Ngọt thanh, Đậm đà",2,4,https://i.ytimg.com/vi/RyJMrhbg-dg/maxresdefault.jpg,Món lẩu đặc sắc miền Tây với thịt gà dai ngọt chiên sơ rồi hầm cùng ớt hiểm xanh cay nồng và nấm đông cô thanh mát.,"Gà ta: 1.2kg, Ớt hiểm xanh: 50g, Kỷ tử: 10g, Nấm đông cô: 100g, Củ cải trắng: 1 củ, Nước dừa tươi: 1 lít, Hành tím, tỏi băm: 2 muỗng canh, Gia vị: nước mắm, hạt nêm, đường","Nồi lẩu, Bếp ga, Dao, Tô","Làm sạch gà chặt miếng vừa ăn rồi ướp gia vị hành tỏi băm trong 20 phút, Chiên sơ thịt gà trên chảo nóng cho da gà vàng săn lại, Đập dập nhẹ ớt hiểm xanh để tạo vị cay nồng tự nhiên, Đun sôi nước dừa tươi cùng củ cải trắng xắt khoanh và ớt hiểm, Thả thịt gà đã chiên sơ và nấm đông cô kỷ tử vào nồi hầm liu riu trong 30 phút, Nếm nếm lại gia vị cho vừa ăn vị ngọt cay hài hòa, Bày nồi lẩu ra bếp ăn kèm các loại rau mồng tơi xà lách xoong và bún tươi","Họp mặt ngày mưa, Người thích ăn cay ấm bồi bổ","Người đau dạ dày, Trẻ em nhỏ không ăn được cay"
banh-gia-cho-gao,Bánh giá Chợ Gạo,Nam,main,"breakfast, snack",30,15,medium,320,12,35,14,1,520,2,15000,30000,balanced,"Tôm, Hải sản","Giòn rụm, Béo bùi, Ngọt tôm thịt",0,2,https://cdn.tgdd.vn/2023/04/CookDish/cach-lam-banh-gia-cho-giong-dac-san-go-cong-thom-ngon-gion-avt-1200x676.jpg,"Đặc sản Tiền Giang giòn rụm với vỏ bột gạo bọc nhân gan heo, thịt đùi, tôm và giá đỗ chiên ngập dầu trên vá chuyên dụng.","Bột gạo tẻ ngon: 200g, Bột năng: 50g, Tôm tươi: 100g, Gan heo: 50g, Thịt đùi heo: 100g, Giá đỗ: 150g, Đậu phộng rang: 30g, Gia vị nêm nếm: 1 ít","Vá phẳng đổ bánh giá, Chảo chiên sâu lòng, Dao, Tô trộn","Hòa bột gạo bột năng với nước và chút muối thành hỗn hợp lỏng mịn để bột nghỉ 15 phút, Gan heo và thịt đùi heo cắt lát mỏng xào sơ qua cho chín tái, Trộn giá đỗ với một ít bột gạo sệt để làm phần nền nhân bánh, Đun nóng dầu ăn trong chảo sâu lòng nhúng vá đổ bánh vào dầu cho nóng, Múc một lớp bột vào vá xếp giá đỗ gan heo thịt heo và tôm tươi lên trên mặt rồi rưới thêm lớp bột mỏng và đậu phộng, Thả vá bánh vào chảo chiên ngập dầu trên lửa vừa đến khi bánh tự tróc khỏi vá, Chiên tiếp cho bánh vàng ruộm giòn tan hai mặt vớt ra thấm dầu, Ăn kèm rau sống xà lách chấm nước mắm tỏi ớt chua ngọt","Người thích đồ chiên giòn, Quà quê Nam Bộ","Người kiêng nội tạng, Người thừa cân"
lau-ca-bop-mang-chua,Lẩu cá bớp măng chua,Nam,main,"lunch, dinner",20,30,easy,410,28,12,18,2,860,5,180000,300000,balanced,"Cá biển, Hải sản","Chua thanh, Đậm đà, Thơm măng chua",1,4,https://monngonmoingay.com/wp-content/uploads/2015/10/LauCaBop-540-360.jpg,"Món lẩu biển Nam Bộ thanh mát với thịt cá bớp béo ngọt, măng chua thanh dịu và các loại rau đặc trưng miền sông nước.","Cá bớp tươi: 600g, Măng chua: 300g, Cà chua: 2 quả, Thơm (dứa): 1/4 quả, Ngò gai, rau ngổ: 30g, Nước xương hầm: 1.2 lít, Sả, ớt, hành tím băm: 2 muỗng canh, Gia vị: mắm, đường, muối","Nồi lẩu, Bếp ga mini, Dao, Đĩa","Cá bớp làm sạch cắt lát dày vừa ăn rồi ướp chút đầu hành tiêu muối, Măng chua rửa sạch vắt ráo nước cà chua xắt múi cau thơm xắt lát, Phi thơm sả hành tím băm trên nồi rồi cho cà chua thơm măng chua vào xào săn, Đổ nước xương hầm vào đun sôi sùng sục nêm nước mắm đường phèn hạt nêm cho vừa vị chua ngọt đậm đà, Thả các lát cá bớp vào nồi lẩu nấu chín trong 10 phút, Thêm ngò gai rau ngổ xắt nhỏ và vài lát ớt sừng, Bày nồi lẩu ra bàn ăn kèm bún tươi và rau nhúng","Liên hoan gia đình, Người mê hải sản",Người bị gout
banh-cong-soc-trang,Bánh cống Sóc Trăng,Nam,main,snack,30,20,medium,340,14,38,15,2,540,3,20000,40000,balanced,"Tôm, Hải sản, Đậu xanh","Giòn xốp, Bùi béo đậu xanh, Ngọt thịt tôm",0,2,https://cdn.tgdd.vn/Files/2020/03/09/1240900/cach-lam-banh-cong--banh-cong-soc-trang-don-gian-tai-nha--8-760x367.jpg,"Đặc sản Sóc Trăng độc đáo với hình dáng chiếc cống sâu lòng, vỏ giòn xốp nhân đậu xanh hạt, thịt băm và tôm tươi nằm trên mặt.","Bột gạo tẻ pha bột nếp: 250g, Đậu xanh nguyên hạt luộc chín: 100g, Thịt heo băm: 150g, Tôm tươi: 100g, Hành tím băm: 2 muỗng canh, Gia vị, Rau sống, Nước mắm chua ngọt","Khuôn cống đổ bánh, Chảo chiên sâu lòng, Tô trộn, Dao","Pha bột gạo và bột nếp với nước lọc tạo hỗn hợp sệt đặc vừa phải để qua đêm cho bột nở nở ngon, Thịt heo băm xào săn chín với hành tím băm tiêu muối hạt nêm làm nhân, Đậu xanh ngâm nở hấp chín nguyên hạt để riêng tôm rửa sạch cắt bớt râu, Đun nóng dầu ăn trong chảo ngập dầu nhúng khuôn cống vào cho nóng già, Múc một ít bột vào khuôn cho một muỗng thịt băm và đậu xanh hạt vào giữa rồi đổ thêm lớp bột che lại đặt con tôm lên mặt, Hạ khuôn cống vào chảo dầu chiên đến khi bánh chín vàng tự tách ra khỏi khuôn, Chiên bánh cống vàng ruộm giòn tan đều các mặt rồi vớt ra ráo dầu, Cắt bánh làm tư cuốn rau sống chấm mắm chua ngọt","Ăn vặt xế chiều, Thích trải nghiệm món chiên đặc sản",Người thừa cân béo phì
lau-ca-duoi-vung-tau,Lẩu cá đuối Vũng Tàu,Nam,main,"lunch, dinner",25,35,medium,420,26,14,20,2,890,4,160000,280000,balanced,"Cá biển, Hải sản","Chua cay nồng nàn, Thơm lá giang, Đậm đà",1,4,https://static.vinwonders.com/production/2025/05/lau-ca-duoi-vung-tau-topbanner-min.jpg,Đặc sản biển Vũng Tàu cuốn hút với thịt cá đuối dẻo dai sụn sần sật nấu trong nước lẩu lá giang chua cay nồng nàn.,"Cá đuối tươi sạch: 700g, Lá giang: 100g, Măng chua: 150g, Cà chua: 2 quả, Sả băm: 2 muỗng canh, Hành tỏi băm: 1 muỗng canh, Ngò gai, rau ngổ: 20g, Gia vị: nước mắm, đường, hạt nêm","Nồi lẩu, Bếp ga, Dao, Tô lớn","Cá đuối xát muối chanh rửa kỹ với rượu trắng để khử sạch mùi khai và nhớt thái miếng vừa ăn, Ướp cá đuối với hành tỏi băm chút nước mắm và tiêu trong 20 phút, Phi thơm sả hành tỏi băm rồi cho cà chua măng chua vào đảo đều xào săn, Đổ nước vào nấu sôi vò nát lá giang thả vào nồi đun cùng để tạo vị chua thanh, Nêm nếm gia vị đường nước mắm cho nước dùng đậm đà hài hòa chua ngọt, Thả thịt cá đuối vào nồi nước lẩu đun sôi sùng sục cho chín mềm sụn, Rắc rau ngổ ngò gai xắt nhỏ lên mặt bày ra ăn nóng cùng bún tươi","Tụ tập bè bạn du lịch biển, Thích ăn sụn cá",Người kén mùi cá biển
banh-rang-bua-thanh-hoa,Bánh răng bừa Thanh Hóa,Bắc,main,"breakfast, snack",40,25,medium,230,7,36,6,1,410,1,5000,12000,balanced,Không,"Dẻo mịn bùi, Thơm nhân thịt mộc nhĩ hành khô",0,2,https://media-cdn-v2.laodong.vn/Storage/NewsPortal/2019/9/23/756251/5_Yroy.jpg,"Món bánh tiến vua xứ Thanh có hình dáng thon dài giống chiếc răng bừa, làm từ bột gạo tẻ dẻo mượt ôm nhân thịt heo mộc nhĩ thơm nức.","Bột gạo tẻ ngon: 300g, Thịt nạc vai heo: 150g, Mộc nhĩ: 20g, Hành khô: 30g, Lá dong hoặc lá chuối non: 15 lá, Gia vị: muối, tiêu, mì chính","Nồi quấy bột, Chảo xào nhân, Xửng hấp cách thủy","Hòa bột gạo tẻ với nước lọc nêm chút muối đun nhỏ lửa quấy đều tay liên tục đến khi bột đặc sệt dẻo mịn chín khoảng năm mươi phần trăm, Mộc nhĩ ngâm nở băm nhỏ thịt heo băm nhỏ hành khô băm nhỏ xào chín săn với nhiều tiêu làm nhân bánh, Lá dong lau sạch phết lớp dầu ăn mỏng múc một muỗng bột gạo dàn dọc theo lá, Cho nhân thịt heo mộc nhĩ vào giữa lòng bột, Cuộn tròn lá lại túm hai đầu vuốt cho bánh thon dài đều đặn như chiếc răng bừa, Xếp bánh vào xửng hấp cách thủy trong lửa lớn khoảng 25 phút cho chín hoàn toàn, Bóc vỏ ăn nóng chấm nước mắm tỏi ớt hoặc nước mắm nguyên chất","Bữa sáng dân dã, Các ngày lễ Tết truyền thống",Người giảm cân hạn chế tinh bột
com-chien-ca-man-sai-gon,Cơm chiên cá mặn Sài Gòn,Nam,main,"lunch, dinner",15,20,easy,480,18,58,16,1,920,2,35000,60000,balanced,"Cá mặn, Trứng","Đậm đà mặn mòi, Thơm mùi chảo, Bùi béo trứng gà",0,1,https://i.ytimg.com/vi/Z2Y_wvFOttU/hq720.jpg?sqp=-oaymwEhCK4FEIIDSFryq4qpAxMIARUAAAAAGAElAADIQj0AgKJD&rs=AOn4CLAcvgIW7Lqgkao6KALWBfLNIyGClw,"Món cơm chiên đặc trưng tại các quán ăn Sài Gòn, hạt cơm tơi xốp quyện chặt vị mặn mòi bùi bùi đặc trưng của cá khô mặn xé nhỏ.","Cơm nguội ráo hạt: 2 tô, Cá khô mặn (cá thu hoặc cá sặc): 50g, Trứng gà: 2 quả, Hành tím băm: 1 muỗng canh, Tỏi băm: 1 muỗng canh, Hành lá: 20g, Gia vị: tiêu xay, bột ngọt, dầu ăn","Chảo sâu lòng lớn, Vá đảo cơm, Dao băm","Cá khô mặn đem ngâm nước ấm cho bớt mặn lau khô rồi chiên vàng xé nhỏ bỏ xương giã tơi, Đập trứng gà trộn đều vào tô cơm nguội cho hạt cơm bám đều màu vàng óng, Phi thơm hành tím và tỏi băm trên chảo sâu lòng với dầu ăn cho vàng ruộm, Trút phần cá mặn xé nhỏ vào đảo nhanh tay cho dậy mùi thơm phức, Cho tô cơm trộn trứng vào chảo bật lửa lớn đảo đều và mạnh tay cho hạt cơm săn ráo se lại, Nêm chút tiêu và bột ngọt cho điều hòa vị mặn mòi từ cá khô, Rắc hành lá xắt nhỏ đảo đều một lượt rồi múc ra đĩa ăn nóng kèm nước tương ớt","Bữa ăn nhanh đậm vị, Người thích món cơm chiên",Người cao huyết áp cần kiêng mặn
banh-cooc-mo-thai-nguyen,Bánh coóc mò Thái Nguyên,Bắc,main,snack,120,120,medium,210,3,46,1,2,100,5,5000,10000,vegetarian,Không,"Bùi dẻo thuần khiết, Ngọt nhẹ nhàng, Thơm nếp nương",0,4,https://encrypted-tbn0.gstatic.com/images?q=tbn:ANd9GcRaD-dwpuoPnCVmpe0tEFTFgtKp1_Kt5depXA&s,Món bánh sừng bò độc đáo của người Tày Thái Nguyên làm từ gạo nếp nương thuần khiết không nhân gói bằng lá chít dẻo bùi chấm mật mía.,"Gạo nếp cái hoa vàng hoặc nếp nương: 500g, Lạc nhân (đậu phộng): 50g, Lá chít sạch: 20 lá, Lạt tre hoặc dây buộc: 10 sợi, Nước mắm hoặc mật mía để chấm","Nồi luộc bánh, Thau ngâm nếp, Lạt tre","Gạo nếp nương và lạc nhân ngâm nước vài tiếng cho nở mềm vớt ra trộn đều với chút muối, Chọn những lá chít bản to lau sạch khéo léo cuộn lại thành hình chiếc phễu nhọn đáy, Xúc gạo nếp trộn lạc vào phễu lá vỗ nhẹ cho nếp dồn chặt khít phần đáy nhọn, Gập mép lá lại bọc kín miệng bánh tạo hình dáng chiếc sừng bò nhọn góc cạnh, Buộc chặt bánh bằng lạt tre hoặc dây nilon để nếp không lọt ra khi luộc, Xếp bánh vào nồi đổ ngập nước luộc liên tục từ 2 đến 3 tiếng cho nếp chín nhừ dẻo quánh, Vớt bánh ra ngâm nước lạnh cho nguội rồi treo lên ráo ăn chấm mật mía","Người thích ăn quà quê dẻo bùi, Ngày Tết Đoan Ngọ vùng cao",Người tiểu đường
com-chien-muoi-ot-xanh-mien-trung,Cơm chiên muối ớt xanh miền Trung,Trung,main,"lunch, dinner",15,15,easy,420,10,62,12,1,780,1,30000,50000,balanced,Không,"Cay nồng xé lưỡi, Mặn mà, Thơm ớt xiêm xanh",3,1,https://cdn.tgdd.vn/2020/07/CookProduct/Untitled-1-1200x676-14.jpg,Món cơm chiên giòn tan đậm chất miền Trung biển nắng với hương vị cay nồng đặc trưng khó quên từ ớt xiêm xanh giã nhuyễn cùng muối hạt.,"Cơm nguội ráo hạt: 2 tô, Ớt xiêm xanh miền Trung: 5 quả, Muối hạt lớn: 1 muỗng cà phê, Tỏi băm: 1 muỗng canh, Hành lá: 20g, Dầu ăn: 2 muỗng canh, Bột ngọt: 1/2 muỗng cà phê","Chảo chiên lớn, Cối giã muối ớt, Vá đảo cơm","Cho ớt xiêm xanh và muối hạt vào cối giã thật nhuyễn mịn đều nhau, Cho một muỗng dầu ăn vào chảo phi thơm tỏi băm cho vàng ruộm dậy mùi, Trút phần muối ớt xanh giã nhuyễn vào đảo nhanh tay trong vài giây trên lửa vừa, Cho cơm nguội ráo hạt vào chảo bật lửa lớn đảo đều tay liên tục để cơm thấm đẫm vị muối ớt, Dùng vá miết nhẹ cơm xuống lòng chảo để hạt cơm săn chắc và có độ giòn rôm rốp bắt miệng, Nêm thêm chút bột ngọt cho dịu vị mặn cay xé lưỡi, Rắc hành lá xắt nhỏ đảo đều một lượt rồi tắt bếp múc ra đĩa ăn kèm dưa leo","Người thích ăn cay cực hạn, Bữa ăn nhanh đậm vị miền Trung","Người đau dạ dày, Trẻ em không ăn được cay"
banh-it-tran-tom-thit,Bánh ít trần tôm thịt,Trung,main,"breakfast, lunch, snack",30,25,medium,320,14,42,10,1,580,2,25000,45000,balanced,"Tôm, Hải sản","Dẻo bùi, Đậm đà nhân tôm thịt, Béo mỡ hành",0,2,https://file.hstatic.net/200000700229/article/cach-lam-banh-it-tran-nhan-tom-thit_ae30bd1a3fb24334b4acff2bc023f7da.jpg,"Món bánh trần không bọc lá mộc mạc miền Trung với vỏ bột nếp dẻo quánh, nhân tôm thịt heo xào đậm vị phủ mỡ hành béo ngậy.","Bột gạo nếp ngon: 300g, Bột gạo tẻ: 30g, Tôm tươi băm nhỏ: 100g, Thịt ba chỉ băm: 100g, Mộc nhĩ: 20g, Hành lá: 30g, Hành tím băm: 2 muỗng canh, Nước mắm tỏi ớt","Tô nhào bột, Chảo xào nhân, Xửng hấp cách thủy, Dao","Mộc nhĩ ngâm nở băm nhỏ rồi trộn đều xào săn cùng tôm thịt băm hành tím muối tiêu làm nhân bánh, Hòa bột nếp và bột tẻ với nước ấm nhào thật kỹ thành khối bột mềm dẻo không dính tay, Chia bột và nhân thành các viên tròn nhỏ bằng nhau, Ấn dẹt miếng bột nếp cho viên nhân tôm thịt vào giữa khéo léo túm kín mép vo tròn lại, Xếp bánh ít trần vào xửng hấp lót lá chuối phết dầu để chống dính, Hấp cách thủy trên lửa lớn trong 15 đến 20 phút đến khi vỏ bánh chuyển màu trắng trong dẻo mịn, Lấy bánh ra đĩa phết đều hỗn hợp mỡ hành hành phi lên mặt chấm nước mắm chua ngọt loãng","Ăn vặt xế chiều, Thích bánh nếp dẻo bùi",Người kiêng đồ nếp
com-chay-cha-bong,Cơm cháy chà bông,Nam,main,snack,60,20,easy,460,15,68,16,2,710,4,30000,60000,balanced,Không,"Giòn rụm rôm rốp, Mặn ngọt cay nhẹ, Thơm mỡ hành",1,2,https://cdn.tgdd.vn/Files/2017/07/04/999480/cach-lam-com-chay-cha-bong-thom-ngon-gion-cay-tai-nha-202209061540080116.jpg,Món ăn vặt quốc dân giòn tan rôm rốp rưới nước sốt mắm ớt kẹo kẹo và phủ ngập chà bông heo bùi béo ngọt thịt.,"Cơm nếp hoặc cơm tẻ dẻo: 1 tô lớn, Chà bông heo (ruốc): 50g, Hành lá: 30g, Nước mắm ngon: 2 muỗng canh, Đường: 2 muỗng canh, Ớt bột hoặc sa tế: 1 muỗng cà phê, Dầu ăn: 300ml","Khuôn ép cơm, Lò nướng hoặc mâm phơi, Chảo chiên sâu lòng","Dàn mỏng cơm dẻo vào khuôn hoặc đĩa phẳng ép chặt tay thành các miếng tròn hoặc vuông mỏng, Cho miếng cơm vào lò nướng sấy khô hoặc phơi nắng to đến khi miếng cơm khô cong trắng đều, Pha hỗn hợp nước sốt gồm nước mắm đường ớt bột và chút nước lọc nấu sôi liu riu cho kẹo sánh lại, Làm mỡ hành bằng cách dội dầu sôi vào chén hành lá cắt nhỏ, Đun nóng dầu ăn ngập chảo thả miếng cơm khô vào chiên đến khi phồng rộp giòn tan vàng đều vớt ra ráo dầu, Phết đều nước sốt mắm đường kẹo và mỡ hành lên khắp bề mặt miếng cơm cháy giòn, Rắc đều chà bông heo lên trên cùng cho bám chặt vào lớp sốt rồi cắt miếng thưởng thức","Ăn vặt văn phòng tụ tập bè bạn nhâm nhi, Mọi lứa tuổi","Người đau răng, Người kiêng đồ dầu mỡ chiên rán"
banh-dap-quang-nam,Bánh đập Quảng Nam,Trung,main,"breakfast, snack",20,15,easy,290,6,52,5,1,690,2,15000,30000,light,Cá (mắm nêm),"Giòn dẻo lạ miệng, Béo mỡ hành, Đậm đà mắm nêm",1,1,https://cdn.tgdd.vn/2021/01/CookProduct/1200-1200x676-41.jpg,Món ăn dân dã xứ Quảng kết hợp thú vị giữa bánh tráng nướng giòn rụm và bánh ướt dẻo mềm phết mỡ hành chấm mắm nêm đậm đà.,"Bánh tráng nướng giòn: 5 cái, Bột gạo tẻ tráng bánh ướt: 200g, Hành lá: 50g, Mắm nêm ngon xứ Quảng: 3 muỗng canh, Thơm (dứa) băm nhuyễn: 2 muỗng canh, Đường, tỏi, ớt giã nhuyễn","Nồi tráng bánh ướt, Chảo phi mỡ hành, Đĩa lớn, Chén chấm","Tráng bột gạo tẻ trên nồi hơi nước để thu được những lá bánh ướt mỏng mềm dẻo nóng hổi, Phi thơm nhiều hành lá xắt nhỏ với dầu ăn để tạo hỗn hợp mỡ hành béo ngậy, Trải một chiếc bánh tráng nướng giòn rụm lên đĩa đặt lá bánh ướt dẻo lên trên phết mỡ hành đều khắp mặt, Pha mắm nêm chấm bằng cách trộn mắm nêm với thơm băm tỏi ớt giã nhuyễn và đường cho mặn ngọt chua cay, Khi ăn dùng tay đập nhẹ lên chiếc bánh cho bánh tráng nướng và bánh ướt dính chặt vỡ đôi thành miếng nhỏ, Gập đôi miếng bánh lại chấm ngập vào chén mắm nêm đậm đà thơm lừng hương vị miền Trung","Ăn chơi xế chiều dân dã, Khám phá ẩm thực Quảng Nam",Người không ăn được mắm nêm đậm mùi
chao-tieu-cho-lon,Cháo tiều Chợ Lớn,Nam,main,"breakfast, dinner",20,30,medium,420,24,42,14,1,820,2,40000,70000,balanced,"Trứng, Nội tạng","Ngọt đậm đà, Thơm nồng tiêu đen, Béo bùi lòng heo",1,1,https://vcdn1-dulich.vnecdn.net/2016/11/25/5-1480072607.jpg?w=460&h=0&q=100&dpr=2&fit=crop&s=AvF4cVPBaSJPPM_d4-Yiaw,"Món cháo lòng đặc sắc của người Hoa vùng Chợ Lớn, cháo trắng ninh nhừ sánh đặc nấu riêng từng tô với lòng tươi nêm thật nhiều tiêu đen cay ấm.","Gạo tẻ ngon ninh cháo: 100g, Tim, gan, phèo heo tươi: 150g, Thịt heo băm: 50g, Trứng gà tươi: 1 quả, Tiêu đen xay mịn: 1 muỗng cà phê, Hành lá, ngò rí: 20g, Nước dùng xương ống: 500ml","Nồi nhỏ nấu từng tô, Tô lớn, Vá, Dao","Ninh gạo tẻ với nước xương ống heo trong nhiều giờ cho đến khi hạt cháo nở bung mềm nhừ sánh đặc thành cốt cháo trắng, Tim gan phèo heo làm sạch hoàn toàn cắt lát mỏng vừa ăn thịt băm vo viên nhỏ, Khi có khách ăn múc một vá cốt cháo trắng vào chiếc nồi nhỏ đun sôi cùng chút nước dùng xương, Thả thịt băm viên tim gan phèo tươi vào nồi cháo đun lửa lớn quấy đều cho lòng vừa chín tới giữ độ ngọt giòn, Đập một quả trứng gà tươi vào đáy tô lớn sạch, Trút toàn bộ nồi cháo lòng đang sôi sùng sục từ nồi vào tô để làm chín tái trứng gà, Rắc thật nhiều tiêu đen xay mịn hành lá ngò rí xắt nhỏ lên mặt ăn nóng kèm giò cháo quẩy","Bồi bổ cơ thể giải cảm ngày mưa lạnh, Thích ăn cháo lòng kiểu Hoa","Người bị gout, Người mỡ máu cao kiêng nội tạng"
ga-doi-tien-yen,Gà đồi Tiên Yên,Bắc,main,"lunch, dinner",15,30,easy,380,32,0,24,0,450,0,120000,200000,Keto / Low-carb,Không,"Ngọt đậm đà thuần khiết, Béo ngậy da giòn",0,4,https://encrypted-tbn0.gstatic.com/images?q=tbn:ANd9GcTEETs0mmfKLVWHpLHY7S8_VrK5d55XI2yZzQ&s,Đặc sản Quảng Ninh trứ danh với giống gà thả đồi thịt săn chắc dẻo ngọt tự nhiên lớp da vàng óng béo ngậy như thoa mỡ.,"Gà đồi Tiên Yên nguyên con: 1.2kg, Lá chanh tươi: 10 lá, Củ nghệ tươi: 1 củ, Muối hạt lớn: 1 muỗng cà phê, Ớt tươi: 1 quả, Chanh hoặc quất: 1 quả","Nồi luộc lớn, Thớt, Dao chặt lớn, Chén chấm","Làm sạch gà sát muối gừng để khử mùi hôi rửa sạch ráo nước, Đun sôi nồi nước lớn thả gừng hành tím đập dập và chút muối hạt vào, Cho gà vào luộc trên lửa vừa khoảng hai mươi phút rồi tắt bếp ngâm gà thêm mười lăm phút cho chín mọng nước, Giã củ nghệ tươi vắt lấy nước cốt xoa đều lên khắp da gà ngay khi vừa vớt ra để da có màu vàng óng ả bắt mắt, Chờ gà nguội hoàn toàn thịt co lại dẻo săn rồi đem chặt thành miếng chữ nhật vuông vắn xếp ra đĩa, Rắc lá chanh xắt sợi chỉ cực mỏng lên khắp mặt đĩa gà luộc, Pha muối tiêu chanh ớt hoặc muối hạt lá chanh giã nhuyễn để chấm kèm tôn vị ngọt thịt thanh khiết","Bữa ăn sum họp gia đình, Thực đơn Keto ăn kiêng tinh bột",Người kén ăn thịt gà luộc
chao-muc-kho-nam-bo,Cháo mực khô Nam Bộ,Nam,main,"breakfast, dinner",20,40,easy,350,18,48,8,1,740,3,25000,45000,balanced,"Mực, Hải sản, Trứng cút","Ngọt thanh đậm đà, Thơm lừng mực nướng, Cay ấm gừng sợi",1,2,https://cdn.tgdd.vn/2020/07/CookRecipe/Avatar/cha%CC%81o-mu%CC%A3c-kho-thumbnail.jpg,"Món cháo bình dân ấm áp Nam Bộ với hạt gạo rang vàng nấu nhừ cùng mực khô xé nhỏ ngọt lịm, trứng cút bùi béo và huyết heo dẻo.","Mực khô vừa: 2 con, Gạo tẻ ngon: 100g, Huyết heo luộc: 100g, Trứng cút luộc: 5 quả, Gừng tươi xắt sợi: 20g, Giá đỗ, hành lá: 50g, Gia vị thông dụng: muối, tiêu, nước mắm","Nồi ninh cháo, Bếp than nướng mực, Dao, Vá","Mực khô đem nướng thơm trên bếp than hồng rồi xé hoặc cắt thành các sợi nhỏ vừa ăn, Gạo tẻ đem vo sạch để ráo rồi rang trên chảo cho hạt gạo chuyển màu vàng nhạt thơm nhẹ, Đổ nước vào nồi nấu sôi trút gạo rang và mực khô xé nhỏ vào ninh liu riu cho gạo nở bung nhừ thấm vị ngọt của mực, Huyết heo luộc cắt miếng vuông trứng cút luộc bóc vỏ thả vào nồi cháo đun cùng trong mười phút, Nếm nếm gia vị nước mắm muối hạt nêm cho vừa vị ngọt thanh đậm đà, Cho giá đỗ vào đáy tô múc cháo mực nóng hổi kèm huyết trứng cút chan lên, Rắc thật nhiều hành lá xắt nhỏ gừng tươi xắt sợi chỉ và tiêu xay ăn nóng","Ăn đêm ấm bụng, Người thích hương vị hải sản khô",Người dị ứng hải sản và mực
ca-kho-lang-vu-dai,Cá kho làng Vũ Đại,Bắc,main,"lunch, dinner",60,960,hard,320,24,5,18,1,950,3,500000,1500000,balanced,Cá,"Đậm đà, Mặn ngọt béo, Thơm nồng riềng",1,6,https://encrypted-tbn0.gstatic.com/images?q=tbn:ANd9GcQLsZaWzDPJeDipaKz6Pg8bSuOJUE-pZXKuBA&s,"Món cá trắm đen kho niêu đất gia truyền liên tục từ 12 đến 16 tiếng bằng củi nhãn, thịt chắc xương mềm rục tan.","Cá trắm đen: 2kg, Thịt ba chỉ heo: 500g, Riềng tươi: 300g, Gừng: 100g, Nước cốt cua đồng: 50ml, Nước cốt chanh: 2 quả, Nước hàng: 4 muỗng canh, Gia vị: mắm, tiêu, ớt","Niêu đất lớn, Bếp củi nhãn, Dao, Thớt","Làm sạch cá trắm đen cắt khúc lớn để ráo nước hoàn toàn, Cắt lát mỏng riềng và gừng xếp kín dưới đáy niêu đất để chống cháy, Xếp một lớp thịt ba chỉ rồi đến các khúc cá trắm đen vào niêu thật chặt, Pha hỗn hợp nước kho gồm nước mắm nước hàng cốt cua đồng và nước cốt chanh, Đổ nước dùng ngập cá rồi đặt niêu đất lên bếp củi nhãn kho liên tục từ 12 đến 16 tiếng, Thường xuyên châm thêm nước kho nóng đến khi cá chín nhừ xương mềm rục và cạn nước","Bữa cơm gia đình ngày Tết, Người thích ăn cá nhừ xương",Người cần kiêng mặn
ga-hap-la-chanh,Gà hấp lá chanh,Bắc,main,"lunch, dinner",15,30,easy,280,30,0,14,0,400,0,150000,250000,Keto / Low-carb,Không,"Thanh ngọt thuần khiết, Thơm lá chanh",0,4,https://cdn.tgdd.vn/Files/2021/08/03/1372825/cach-lam-ga-hap-la-chanh-thit-ngot-thom-tham-vi-202108032121176426.jpg,"Món ăn truyền thống dân dã, thịt gà ta hấp cách thủy giữ trọn vị ngọt tự nhiên bùi béo kết hợp hương thơm lá chanh xắt chỉ.","Gà ta nguyên con: 1.2kg, Lá chanh tươi: 20 lá, Sả cây: 5 nhánh, Củ hành tím: 5 củ, Gừng: 1 củ, Muối hạt: 1 muỗng canh","Xửng hấp cách thủy, Dao chặt, Đĩa lớn","Làm sạch gà ta sát muối gừng để khử mùi hôi rồi rửa sạch để ráo, Xếp sả đập dập và một nửa lá chanh xuống đáy xửng hấp, Đặt gà lên trên rồi rải nốt phần lá chanh gừng củ hành tím đập dập xung quanh, Hấp cách thủy gà trên lửa vừa trong khoảng 30 phút cho chín đều mọng nước, Vớt gà ra để nguội hoàn toàn rồi chặt miếng vừa ăn xếp ra đĩa, Rắc lá chanh tươi thái chỉ thật mỏng lên trên mặt đĩa gà","Mọi lứa tuổi, Người ăn kiêng tinh bột",Không
de-tai-chanh-ninh-binh,Dê tái chanh Ninh Bình,Bắc,main,"lunch, dinner",25,15,medium,310,26,4,16,1,580,2,120000,200000,Keto / Low-carb,Không,"Chua ngọt hài hòa, Thơm nồng sả mè, Ngọt thịt dê",1,2,https://encrypted-tbn0.gstatic.com/images?q=tbn:ANd9GcTKoDgo-5YPC6JIEGjGneu5cIGqu5mOg50q2A&s,"Đặc sản đất cố đô Ninh Bình với thịt dê núi tươi ngon hấp tái dập chanh, trộn đều cùng sả băm, vừng rang và lá chanh tươi.","Thịt đùi dê núi có da: 400g, Chanh tươi: 2 quả, Sả cây băm nhuyễn: 3 muỗng canh, Vừng (mè) trắng rang: 2 muỗng canh, Lá chanh: 10 lá, Gừng, tương bần để chấm","Nồi hấp, Tô trộn lớn, Dao xắt mỏng, Đĩa","Thịt dê núi rửa sạch đem hấp cách thủy cùng gừng sả đến khi chín tái khoảng tám mươi phần trăm, Vớt thịt dê ra để thật nguội rồi dùng dao sắc thái lát thật mỏng, Vắt lấy nước cốt chanh tươi đổ vào tô thịt dê trộn đều cho thịt chín tái hoàn toàn bằng acid chanh, Cho tiếp sả băm nhuyễn lá chanh xắt sợi chỉ và một chút gia vị hạt nêm đường vào trộn cùng, Rắc vừng trắng rang chín vào tô đảo nhẹ tay một lần nữa, Bày dê tái chanh ra đĩa ăn kèm chuối chát khế chua cuốn lá mơ chấm tương bần","Người sành ăn đặc sản, Các buổi tiệc nhậu",Người có hệ tiêu hóa kém ăn đồ tái
ga-rang-sa-ot,Gà rang sả ớt,Bắc,main,"lunch, dinner",15,25,easy,340,24,3,18,1,690,2,80000,150000,balanced,Không,"Đậm đà mặn ngọt, Cay nồng sả ớt, Thơm đưa cơm",2,3,https://img-global.cpcdn.com/recipes/a15bc1d78926aed6/1200x630cq80/photo.jpg,Món ăn đưa cơm thân thuộc trong bữa cơm gia đình Việt với thịt gà chặt nhỏ rang săn cháy cạnh đượm vị sả ớt cay nồng.,"Thịt gà ta chặt nhỏ: 600g, Sả băm nhuyễn: 3 muỗng canh, Ớt tươi băm: 1 muỗng canh, Tỏi băm: 1 muỗng canh, Nước mắm ngon: 3 muỗng canh, Dầu điều màu: 1 muỗng canh, Gia vị thông dụng: đường, tiêu, bột ngọt","Chảo sâu lòng, Đũa đảo, Dao, Thớt","Thịt gà rửa sạch chặt miếng vuông nhỏ vừa ăn đem ướp với nước mắm tiêu đường và một nửa sả băm trong 20 phút, Đun nóng dầu màu điều trên chảo phi thơm tỏi băm và phần sả ớt băm còn lại cho vàng ruộm, Trút thịt gà đã ướp vào chảo bật lửa lớn xào nhanh tay cho thịt gà săn lại và ra bớt mỡ, Hạ lửa vừa rang tiếp liu riu cho thịt gà chín thấu thấm vị gia vị và cháy cạnh vàng ươm, Nêm nếm lại gia vị cho vừa miệng mặn ngọt cay nồng hài hòa, Tắt bếp múc gà rang sả ớt ra đĩa dùng nóng với cơm trắng","Bữa cơm gia đình hằng ngày, Ngày mưa lạnh",Trẻ em nhỏ không ăn được cay
bo-to-cu-chi,Bò tơ Củ Chi,Nam,main,"lunch, dinner",30,20,medium,420,28,2,24,1,620,3,150000,280000,Keto / Low-carb,Thịt bò,"Ngọt đậm, Thơm mùi sữa thoảng, Mềm dẻo da giòn",0,4,https://danviet-24h.ex-cdn.com/files/upload/2-2021/images/2021-04-21/1-1618971517-544-width699height400.jpg,"Đặc sản vùng đất thép Củ Chi với thịt bò non mềm mại, thớ thịt ngọt lịm hấp gừng cuốn bánh tráng rau rừng chấm mắm tôm.","Thịt đùi hoặc ba chỉ bò tơ: 600g, Gừng tươi xắt sợi: 50g, Củ hành tây: 1 củ, Sả cây đập dập: 4 cây, Bánh tráng phơi sương, rau rừng, Mắm tôm hoặc mắm nêm","Xửng hấp lớn, Dao thật sắc, Đĩa phẳng cuốn bánh","Thịt bò tơ rửa sạch cuộn tròn chặt tay bằng chỉ thực phẩm để khi cắt miếng được tròn đẹp, Xếp sả cây đập dập và hành tây cắt múi cau xuống đáy xửng hấp cách thủy, Đặt cuộn thịt bò tơ lên xửng rải ngập gừng tươi xắt sợi lên khắp bề mặt thịt, Hấp cách thủy trên lửa lớn từ 20 đến 25 phút cho thịt bò vừa chín tới giữ độ mọng nước ngọt ngào, Vớt thịt bò ra để nguội bớt rồi dùng dao sắc thái lát thật mỏng tròn đều, Bày thịt bò tơ hấp gừng ra đĩa ăn kèm bánh tráng phơi sương rau rừng Củ Chi và chấm mắm tôm pha chanh ớt","Họp mặt gia đình cuối tuần, Người thích ăn đồ cuốn rau rừng",Người kiêng ăn thịt bò
ga-nuong-mat-ong,Gà nướng mật ong,Nam,main,"lunch, dinner",20,40,easy,410,26,12,20,0,590,8,120000,220000,balanced,Không,"Ngọt dịu mật ong, Đậm đà, Thơm nức mũi",0,4,https://daynauan.info.vn/wp-content/uploads/2020/12/ga-nuong-mat-ong.jpg,Món gà nướng vàng óng ả bắt mắt với lớp da giòn thấm đẫm vị ngọt tự nhiên của mật ong rừng và các loại gia vị đậm đà.,"Gà ta nguyên con hoặc đùi gà: 1.2kg, Mật ong rừng nguyên chất: 4 muỗng canh, Dầu hào: 2 muỗng canh, Tỏi băm nhuyễn: 1 muỗng canh, Hành tím băm: 1 muỗng canh, Ngũ vị hương: 1/2 muỗng cà phê, Gia vị","Lò nướng hoặc bếp than hoa, Cọ phết sốt, Tô lớn","Gà làm sạch mổ phanh xăm nhẹ lên thịt để dễ thấm thấu gia vị nướng, Pha hỗn hợp sốt ướp gồm mật ong dầu hào hành tỏi băm ngũ vị hương nước mắm đường tiêu quấy đều, Thoa đều sốt ướp lên khắp mình gà bên ngoài và trong bụng để thấm trong ít nhất 45 phút, Cho gà vào lò nướng hoặc xếp lên vỉ nướng bếp than hoa trên lửa nhỏ liu riu, Trong quá trình nướng thường xuyên dùng cọ phết thêm mật ong pha chút dầu ăn lên da gà để da không bị khô và lên màu vàng óng, Nướng đến khi gà chín vàng ruộm đều các mặt dậy mùi thơm nức mũi chặt miếng bày ra đĩa","Bữa tiệc liên hoan, Trẻ em và giới trẻ thích vị ngọt thơm",Người tiểu đường cần hạn chế mật ong
ga-dot-la-chuc-an-giang,Gà đốt lá chúc An Giang,Nam,main,"lunch, dinner",30,45,hard,430,28,4,22,1,680,2,180000,300000,balanced,Không,"Đậm đà đặc trưng, Thơm nồng lá chúc, Chát đắng nhẹ da giòn",1,4,https://cdn.tgdd.vn/Files/2021/08/23/1377175/cach-lam-ga-dot-la-chuc-o-thum-thom-ngon-chuan-vi-an-giang-202108231419459536.jpg,"Đặc sản lừng danh vùng Bảy Núi An Giang của đồng bào Khmer, gà được đốt chín trong nồi với lá chúc thơm nồng nàn hoang dã.","Gà ta thả vườn: 1.2kg, Lá chúc tươi (chanh rừng): 20 lá, Sả cây đập dập: 5 nhánh, Tỏi băm, hành băm: 2 muỗng canh, Ớt tươi, ớt bột: 1 muỗng canh, Muối hạt, dầu ăn","Nồi đất hoặc nồi gang dày, Bếp gas lửa lớn, Dao chặt","Gà làm sạch để ráo nước xăm nhẹ trên thịt, Giã nhuyễn tỏi hành sả ớt muối hạt và một ít lá chúc băm nhỏ thành hỗn hợp gia vị ướp, Thoa đều hỗn hợp gia vị lên khắp mình gà và nhét sả cây cùng lá chúc vào trong bụng gà ướp 30 phút, Xếp một lớp sả cây đập dập và thật nhiều lá chúc tươi xuống đáy nồi gang hoặc nồi đất lớn, Đặt gà đã ướp lên trên lớp lá chúc tưới thêm chút dầu ăn xung quanh thành nồi, Đậy kín nắp nồi đốt lửa lớn liên tục trong 30 đến 40 phút bằng hơi nóng của nồi làm gà chín vàng giòn da, Khi gà chín tỏa mùi hương lá chúc nồng nàn đặc trưng chặt miếng chấm muối ớt chanh chúc","Khám phá ẩm thực miền Tây, Các dịp tiệc tùng dã ngoại",Người kén mùi thảo mộc chanh rừng nồng
vit-nau-tieu-xanh,Vịt nấu tiêu xanh,Nam,main,"lunch, dinner",30,50,medium,460,22,18,28,2,820,4,120000,220000,balanced,Thịt vịt,"Đậm đà béo ngậy, Cay ấm tiêu xanh, Thơm nồng nàn",1,4,https://cdn.tgdd.vn/Files/2019/08/18/1188933/huong-dan-cach-lam-mon-vit-nau-tieu-xanh-don-gian-tai-nha-1-760x367.png,"Món tiệc Nam Bộ sang trọng với thịt vịt hầm mềm nhừ béo ngậy trong nước sốt sánh đặc dậy mùi cay ấm, nồng nàn của những chùm tiêu xanh.","Thịt vịt xiêm cắt miếng: 1kg, Tiêu xanh nguyên chùm: 50g, Khoai tây hoặc khoai môn: 200g, Nước dừa tươi: 800ml, Pate gan heo: 50g, Hành tỏi băm: 2 muỗng canh, Gia vị: nước tương, dầu hào, tiêu xay","Nồi hầm lớn, Chảo chiên khoai, Dao, Tô","Thịt vịt xát gừng rượu trắng khử mùi hôi chặt miếng lớn ướp hành tỏi băm nước tương tiêu xanh đập dập 30 phút, Khoai tây gọt vỏ cắt khối vừa ăn đem chiên sơ trên chảo dầu cho vàng vỏ không bị nát khi hầm, Phi thơm hành tỏi băm trút thịt vịt vào xào săn cháy cạnh dậy mùi thơm, Đổ nước dừa tươi vào nồi ngập thịt vịt đun sôi rồi hạ lửa nhỏ hầm liu riu trong 30 phút cho thịt vịt mềm, Cho khoai tây đã chiên và pate gan vào khuấy tan để tạo độ sánh béo ngậy cho nước sốt, Thả nốt các chùm tiêu xanh nguyên vẹn vào hầm thêm 15 phút nêm nếm lại gia vị vừa ăn, Dùng nóng kèm bánh mì hoặc bún","Bữa tiệc họp mặt gia đình, Ngày mưa lạnh ấm áp","Người bị bệnh mỡ máu cao, Người thừa cân"
vit-nau-chao-can-tho,Vịt nấu chao Cần Thơ,Nam,main,"lunch, dinner",30,45,medium,490,24,22,30,2,890,5,150000,250000,balanced,"Chao đỏ, Chao trắng","Béo ngậy, Đậm đà vị chao, Thơm bùi khoai môn",1,4,https://statics.vinpearl.com/vit-nau-chao-huong-lua_1635002600.jpg,Tuyệt tác ẩm thực Tây Đô Cần Thơ với thịt vịt xiêm hầm mềm quyện chặt vị chao đỏ chao trắng béo ngậy độc đáo ăn cùng khoai môn bùi bùi.,"Thịt vịt xiêm ngon: 1kg, Chao đỏ: 4 viên, Chao trắng: 3 viên, Khoai môn: 300g, Nước dừa tươi: 1 lít, Sả băm nhuyễn: 2 muỗng canh, Hành tỏi băm: 2 muỗng canh, Bún tươi, rau muống ăn kèm","Nồi hầm lớn, Chảo chiên khoai, Chén tán chao, Dao","Thịt vịt làm sạch kỹ bằng gừng rượu chặt miếng vừa ăn, Tán nhuyễn chao đỏ và chao trắng trộn với hành tỏi sả băm đường một chút nước mắm ướp vào thịt vịt 40 phút, Khoai môn gọt vỏ cắt khối vừa ăn đem chiên vàng đều các mặt trên chảo dầu để khi hầm không bị vỡ rã, Phi thơm sả hành tỏi băm trút thịt vịt vào xào thật săn cho thấm đẫm vị chao nồng, Đổ nước dừa tươi vào nồi đun sôi hạ lửa ninh liu riu cho thịt vịt chín mềm dẻo, Cho tiếp khoai môn chiên vào hầm cùng đến khi khoai chín bùi sền sệt nước dùng, Bày lẩu vịt nấu chao ăn kèm bún tươi nhúng rau muống rau mồng tơi chấm nước sốt chao pha đường chanh","Họp mặt bạn bè du lịch miền Tây, Người mê vị béo của chao","Người cao huyết áp kiêng mặn, Người mỡ máu cao"
goi-vit-bap-cai,Gỏi vịt bắp cải,Nam,main,"lunch, dinner",25,30,easy,320,20,12,16,2,650,5,100000,180000,light,Thịt vịt,"Chua ngọt thanh mát, Giòn sần sật, Cay nhẹ mắm gừng",1,3,https://cdn.tgdd.vn/2020/07/CookRecipe/Avatar/cach-lam-goi-vit-bap-cai-hanh-tay-thumbnail.jpg,"Món ăn giải nhiệt mùa hè thanh mát với thịt vịt luộc dẻo ngọt xé phay trộn đều cùng bắp cải bào sợi, rau răm và nước mắm gừng chua ngọt.","Thịt vịt luộc chín: 500g, Bắp cải trắng bào mỏng: 300g, Cà rốt bào sợi: 50g, Rau răm, hành phi: 30g, Đậu phộng rang: 20g, Nước mắm gừng: 4 muỗng canh, Hành tây: 1/2 củ","Tô trộn lớn, Dao bào bắp cải, Đĩa lớn, Chén chấm","Thịt vịt luộc chín để nguội đem lọc bỏ xương xé phay miếng dài vừa ăn hoặc chặt lát mỏng, Bắp cải bào sợi mỏng ngâm nước đá cho giòn ráo nước hành tây xắt lát mỏng rau răm nhặt sạch xắt nhỏ, Pha nước sốt trộn gỏi gồm nước mắm ngon gừng giã nhuyễn đường nước cốt chanh cho vị chua ngọt đậm đà, Cho bắp cải cà rốt hành tây vào tô trộn lớn rưới một nửa nước sốt mắm gừng vào trộn nhẹ tay cho ngấm, Cho thịt vịt xé phay và rau răm vào tô trộn chung đổ nốt phần sốt còn lại vào đảo đều đều đặn, Bày gỏi vịt ra đĩa lớn rắc đậu phộng rang giã dập và hành phi giòn lên trên mặt chấm mắm gừng","Món ăn thanh mát giải nhiệt, Các bữa ăn gia đình ngày hè",Người có hệ tiêu hóa yếu kiêng đồ lạnh mát
bo-mot-nang-gia-lai,Bò một nắng Gia Lai,Trung,main,"lunch, dinner, snack",30,20,easy,380,32,2,18,0,650,1,150000,300000,Keto / Low-carb,Kiến vàng,"Đậm đà, Chua cay nhẹ, Thơm mùi bò nướng",1,4,https://cdn.tgdd.vn/Files/2020/12/30/1317100/cach-lam-bo-mot-nang-muoi-kien-vang-ngon-chuan-dac-san-gia-lai-202012301440512759.jpg,"Đặc sản Gia Lai làm từ thịt đùi bò tươi cắt lát mỏng ướp gia vị phơi qua một nắng to, khi ăn nướng chín xé phay chấm cùng muối kiến vàng độc đáo.","Thịt đùi bò tươi: 1kg, Sả băm: 2 muỗng canh, Ớt xiêm xanh: 5 quả, Muối kiến vàng độc quyền: 50g, Gia vị nêm nếm: mắm, tỏi, đường","Khay phơi, Bếp than hoa, Dao, Chày cối","Lọc sạch gân mỡ thịt bò rồi thái lát mỏng bản lớn theo thớ dọc, Giã nhuyễn sả tỏi ớt xiêm xanh trộn với chút muối đường nước mắm, Thoa đều gia vị lên hai mặt miếng thịt bò đem ướp trong 1 tiếng, Xếp thịt bò lên khay đem phơi dưới nắng gắt trong một ngày cho bề ngoài se khô săn lại, Khi ăn đặt miếng bò lên bếp than hoa nướng chín vàng đều hai mặt dậy mùi thơm nức, Dùng chày đập nhẹ rồi xé nhỏ thịt bò chấm cùng muối kiến vàng chua cay dồi dào vị núi rừng","Món nhắm, Người thích ăn kiêng tinh bột",Người cao huyết áp kiêng mặn
thit-ba-roi-luoc-mam-tom-chua,Thịt ba rọi luộc mắm tôm chua,Trung,main,"lunch, dinner",15,25,easy,420,18,5,32,1,880,4,60000,100000,balanced,Tôm (mắm tôm chua),"Đậm đà, Chua ngọt cay, Béo ngậy",1,3,https://encrypted-tbn0.gstatic.com/images?q=tbn:ANd9GcTdUA_IqHKziC7GL3Xi0JTI22P0AMmCQ00t1g&s,"Món ăn đậm đà đặc trưng xứ Huế kết hợp thịt ba rọi luộc béo bùi, thái mỏng cuốn rau sống và chấm nước mắm tôm chua cay mặn ngọt nồng nàn.","Thịt ba rọi heo: 500g, Mắm tôm chua Huế: 150g, Gừng tươi: 1 củ, Hành tím: 3 củ, Rau sống ăn kèm: 100g, Gia vị: đường, tỏi, ớt","Nồi luộc, Dao, Đĩa, Chén trộn","Rửa sạch thịt ba rọi heo rồi luộc chín trong nồi nước có thả gừng và hành tím đập dập, Vớt thịt ra ngâm ngay vào tô nước đá lạnh pha chanh để thịt trắng giòn dẻo, Thái thịt ba rọi thành các lát mỏng vừa ăn xếp ra đĩa lòng sâu, Giã nhuyễn tỏi ớt và một chút đường trộn đều vào chén mắm tôm chua cho dịu vị, Bày đĩa thịt luộc ăn kèm rau sống xà lách kiệu muối và chấm ngập chén mắm tôm chua","Bữa cơm gia đình hằng ngày, Ngày hè thanh mát","Người mỡ máu cao, Người dị ứng tôm và đồ muối lên men"
ga-nuong-ban-don,Gà nướng Bản Đôn,Trung,main,"lunch, dinner",25,45,medium,410,30,2,24,0,590,1,150000,250000,Keto / Low-carb,Không,"Ngọt đậm, Thơm thảo mộc núi rừng, Đậm đà",1,4,https://file.hstatic.net/200000700229/article/ga-nuong-ban-don-1_e5dc25c4955e48f2817a8cd2c14eee91.jpg,Đặc sản Đắk Lắk trừng danh với gà thả vườn thịt săn chắc được mổ phanh ướp nước cốt củ sả sả muối ớt nướng trên bếp than hồng rực hoang dã.,"Gà ta thả vườn: 1.2kg, Củ sả tươi: 100g, Ớt rừng giã nhỏ: 2 muỗng canh, Muối hạt lớn: 1 muỗng cà phê, Mật ong: 1 muỗng canh","Thanh tre kẹp gà, Bếp than hoa, Cối giã","Gà ta làm sạch mổ phanh dọc sống lưng rồi dùng tay ép dẹp chặt thân gà xuống, Giã nhuyễn củ sả vắt lấy nước cốt xoa đều lên khắp thân gà để dậy mùi thơm nức, Trộn sả băm muối hạt lớn và ớt rừng giã nhỏ rồi chà xát đều lên thịt gà ướp 45 phút, Kẹp chặt gà vào thanh tre chẻ đôi cố định lại chắc chắn tránh rơi, Đặt kẹp gà lên bếp than hồng nướng xoay đều tay liên tục trên lửa nhỏ, Phết một lớp mỏng mật ong pha loãng lên da gà ở mười phút cuối để da vàng giòn rụm óng ả","Tiệc dã ngoại liên hoan, Người sành ăn ẩm thực Tây Nguyên",Không
thit-dau-long-heo-luoc,Thịt đầu lòng heo luộc,Bắc,main,"breakfast, lunch, dinner",30,30,medium,360,22,1,28,0,620,0,50000,100000,Keto / Low-carb,Nội tạng heo,"Giòn sần sật, Bùi béo, Thơm mộc mạc",0,3,https://lh5.googleusercontent.com/proxy/qY3oSJxXgJoqZnk_fdgtaAbAiM14_wh5Ph-gSCJXicGAoHpaVoIaXLtBC7padAdY5oH7A0K0MNZHkuQtWoMZCglEcsn7_udVWD3uSWuG-AAeMg76l5Gyv8t_t5lxdZHx,"Đĩa lòng heo tổng hợp mộc mạc miền Bắc gồm lòng non, dạ dày, gan, tim và thịt đầu heo luộc chín giòn sần sật chấm kèm mắm tôm chanh ớt đánh bông.","Lòng non, dạ dày, gan, tim heo: 600g, Thịt đầu heo: 200g, Chanh, ớt tươi: 2 quả, Mắm tôm ngon: 3 muỗng canh, Rau húng quế, hành lá: 50g","Nồi luộc lớn, Thớt, Dao sắc, Tô nước đá","Làm sạch lòng heo và dạ dày bằng muối hạt giấm trắng rửa kỹ nhiều lần cho hết nhớt bẩn, Đun sôi nồi nước lớn thả gừng hành tím đập dập vào đun sôi, Cho thịt đầu và dạ dày vào luộc trước lòng non và gan thả vào sau hầm vừa chín tới, Vớt toàn bộ lòng và thịt ra ngâm ngay vào thau nước đá lạnh pha chanh để giữ độ giòn trắng không bị thâm, Dùng dao sắc thái lát mỏng thịt đầu tim gan và cắt khúc lòng non dạ dày, Xếp đẹp mắt ra đĩa kèm hành trần lá húng quế chấm mắm tôm đánh bông chanh đường","Món nhắm truyền thống, Tiệc bình dân ngày lạnh","Người bị gout, Người mỡ máu cao kiêng nội tạng động vật"
goi-la-kon-tum,Gỏi lá Kon Tum,Trung,main,"lunch, dinner",45,15,hard,290,16,12,14,6,540,2,100000,200000,balanced,"Tôm, Cá (nước sốt)","Chát nhẹ, Chua dịu, Đậm đà béo bùi, Cay nồng hoang dã",1,4,https://dulichviet.com.vn/images/bandidau/am-thuc/goi-la-kon-tum-du-lich-viet.jpg,"Tuyệt tác ẩm thực độc đáo của đại ngàn Tây Nguyên với hơn 30 loại lá rừng ăn kèm thịt ba chỉ, tôm luộc và nước sốt chẻo hèm rượu béo ngậy cầu kỳ.","Các loại lá rừng đặc trưng: 500g, Thịt ba chỉ heo: 200g, Tôm tươi luộc: 150g, Bì heo luộc xé sợi: 100g, Gạo nếp, hèm rượu làm sốt chẻo: 100g, Tiêu hạt xanh, tỏi, ớt","Mẹt lớn bày lá, Nồi nhỏ nấu sốt chẻo, Chày cối","Nhặt sạch và rửa kỹ từng loại lá rừng để thật ráo nước hoàn toàn giữ độ tươi, Luộc chín thịt ba chỉ heo và tôm tươi rồi thái sợi mỏng dài vừa phải, Làm nước sốt chấm đặc biệt bằng cách sên gạo nếp ninh nhừ trộn thịt băm tôm băm và hèm rượu đun sánh đặc béo bùi, Bày ngập tràn hơn 30 loại lá rừng ra mẹt lớn xếp đĩa thịt tôm bì heo xé sợi vào giữa, Khi ăn thực khách cuốn lá to bên ngoài xếp lá nhỏ bên trong tạo hình phễu lòng sâu, Cho thịt tôm tiêu hạt vào phễu lá múc nước sốt hèm ấm nóng đổ vào và thưởng thức trọn vị","Khám phá ẩm thực miền núi hoang dã, Người thích ăn nhiều rau xanh",Người bụng yếu nhạy cảm với các loại lá rừng lạ
suon-non-chien-nuoc-mam,Sườn non chiên nước mắm,Nam,main,"lunch, dinner",15,20,easy,460,24,8,28,0,820,5,80000,150000,balanced,Không,"Mặn ngọt đậm đà, Thơm nức lòng nước mắm, Giòn béo",1,3,https://i-giadinh.vnecdn.net/2023/11/17/Thnhphm22-1700209967-4781-1700210075.jpg,"Món ăn đưa cơm thân thuộc đậm vị Nam Bộ với từng miếng sườn non heo chiên vàng giòn rụm lớp vỏ bên ngoài, đảo đều nước sốt mắm đường sệt kẹo óng ả.","Sườn non heo tươi: 500g, Nước mắm ngon: 3 muỗng canh, Đường cát: 2 muỗng canh, Tỏi băm nhuyễn: 1 muỗng canh, Hành băm: 1 muỗng canh, Tiêu xay: 1 muỗng cà phê","Chảo chiên, Đũa đảo, Bát pha sốt","Sườn non heo rửa sạch chặt miếng vuông nhỏ vừa ăn đem trần sơ qua nước sôi rồi rửa sạch ráo nước, Ướp sườn với chút hành tỏi băm gia vị tiêu trong khoảng mười lăm phút cho thấm nhẹ, Đun nóng dầu ăn trên chảo chiên sườn vàng đều các mặt trên lửa vừa vớt ra ráo dầu, Pha hỗn hợp nước sốt gồm nước mắm ngon đường tiêu và chút nước lọc khuấy tan đều, Phi thơm tỏi băm trên chảo sạch trút nước sốt vào đun sôi sùng sục cho hơi kẹo lại, Thả sườn non chiên giòn vào chảo đảo thật nhanh tay trên lửa lớn cho sốt mắm đường bao bọc quanh miếng sườn","Bữa cơm gia đình hằng ngày tiện lợi, Người thích vị đậm mặn ngọt","Người cao huyết áp, Người cần kiêng đồ mặn"
goi-nhech-nga-son,Gỏi nhệch Nga Sơn,Bắc,main,"lunch, dinner",45,30,hard,340,22,15,14,3,680,3,150000,300000,balanced,Cá (nhệch),"Ngọt bùi dồi dào, Chua thanh, Chát nhẹ, Cay nồng nàn",2,4,https://visitthanhhoa.com/google_docs_media/post/post-5488/AD_4nXebPyaKSyvpLYRb6wNMk0eAArfHMj79qit6pbXcOuRAF9hLWIUl-DPnoF6CK5qvd42YqVzUObhzb7CP3xm9SVRXaNFjkbcoaZunEqJKuV7Tp1F79UBIB5mKv7vEcXeamJZ8s_Qf1oxT6Pj3IgTIeX0klqbVB5tqfsuzDiuZxPtEQtJOvKg.jpg,"Đặc sản Thanh Hóa lừng danh chế biến công phu, thịt cá nhệch tươi xắt lát mỏng trộn thính gạo nếp, ăn cùng nước chẻo đặc sánh béo ngậy từ xương cá và mẻ chua.","Cá nhệch tươi sống: 1kg, Thính gạo nếp rang: 100g, Xương cá nhệch làm chẻo: 200g, Mẻ chua: 3 muỗng canh, Lá sung, lá mơ, đinh lăng: 200g, Gia vị: tỏi, ớt, sả, gừng, mật mía","Dao lọc cá chuyên dụng, Cối giã, Nồi nấu chẻo, Mẹt bày","Dùng tro bếp tuốt sạch nhớt cá nhệch lột da lọc lấy phi lê thịt cá xắt lát thật mỏng thấm khô ráo, Trộn đều thịt cá nhệch xắt lát với thính gạo nếp rang vàng băm nhuyễn cho thơm bùi bám đều thịt, Giã nhỏ xương cá nhệch đem nấu với mẻ chua mật mía hành tỏi băm để tạo thành nước chẻo chấm đặc sánh béo ngậy, Rửa sạch các loại lá ăn kèm gồm lá sung lá mơ đinh lăng xả gừng lát, Cuốn lá sung thành hình phễu xúc gỏi nhệch vào trong múc chẻo nóng hổi tưới lên trên ăn trọn miếng bùi ngậy","Tiệc tiếp khách sành ăn, Khám phá ẩm thực vùng miền",Người có hệ tiêu hóa yếu kiêng đồ gỏi sống
suon-nuong-mat-ong,Sườn nướng mật ong,Nam,main,"lunch, dinner",20,30,easy,480,22,14,26,0,610,9,90000,160000,balanced,Không,"Ngọt dịu mật ong, Đậm đà mặn ngọt, Thơm nức béo ngậy",0,3,https://beptruong.edu.vn/wp-content/uploads/2013/06/suon-nuong-mat-ong-bang-lo-nuong.jpg,"Món ăn bắt mắt thơm nức mũi với từng bẹ sườn non heo thấm đẫm sốt mật ong rừng nguyên chất, hầm nướng vàng óng mềm mọng bên trong giòn cạnh bên ngoài.","Sườn bẹ non heo: 600g, Mật ong nguyên chất: 3 muỗng canh, Dầu hào: 2 muỗng canh, Tỏi băm nhuyễn: 1 muỗng canh, Hành băm: 1 muỗng canh, Tiêu xay: 1 muỗng cà phê","Lò nướng hoặc vỉ nướng than hoa, Cọ phết sốt, Tô trộn lớn","Sườn bẹ rửa sạch chặt khúc dài khoảng 5 đến 7cm dùng khăn giấy thấm ráo hoàn toàn nước, Pha hỗn hợp nước sốt ướp gồm mật ong dầu hào nước tương hành tỏi băm tiêu gia vị đều đặn, Thoa đều nước sốt lên dải sườn bọc kín màng bọc thực phẩm ướp ít nhất 45 phút cho ngấm thấu, Xếp sườn lên vỉ nướng bếp than hoa hoặc lò nướng ở nhiệt độ 180 độ C, Nướng khoảng mười lăm phút lật mặt sườn dùng cọ phết thêm lớp mật ong pha dầu ăn lên mặt sườn, Nướng tiếp mười lăm phút nữa cho sườn chín vàng ruộm óng ả","Tiệc nướng cuối tuần, Trẻ nhỏ và giới trẻ đam mê đồ nướng ngọt",Người tiểu đường kiêng mật ngọt nhiều
goi-sua-quy-nhon,Gỏi sứa Quy Nhơn,Trung,main,"lunch, dinner, snack",25,10,easy,260,14,10,8,2,720,4,40000,80000,light,"Sứa, Đậu phộng, Hải sản","Giòn sần sật sảng khoái, Chua ngọt cay dịu, Thơm bùi",1,2,https://cdn.pastaxi-manager.onepas.vn/content/uploads/articles/trangiang/Goisua/tieude.png,"Món gỏi miền biển Bình Định tươi mát giải nhiệt mùa hè, sứa tai sứa chân giòn sần sật trộn nước mắm tắc chua ngọt, xoài xanh bào sợi và tai heo giòn.","Sứa biển tươi sạch: 250g, Tai heo luộc chín xắt mỏng: 100g, Xoài xanh bào sợi: 50g, Cà rốt bào sợi: 30g, Đậu phộng rang giã dập: 2 muỗng canh, Nước mắm tắc chua ngọt, rau thơm","Tô trộn lớn, Dao bào sợi, Đĩa lòng sâu","Sứa biển xả sạch nhiều lần nước ngâm đá lạnh cho thật giòn rồi cắt khúc nhỏ vắt ráo nước hoàn toàn, Bào xoài xanh và cà rốt thành sợi nhỏ mỏng xắt nhạt rau răm húng lủi, Pha nước sốt trộn gỏi bằng nước mắm ngon nước cốt tắc đường tiêu tỏi ớt giã nhuyễn chua ngọt vừa vặn, Cho sứa biển tai heo xắt mỏng xoài xanh cà rốt sợi vào tô trộn lớn sạch, Rưới nước sốt mắm tắc vào trộn nhẹ tay đều đặn cho các nguyên liệu thấm vị, Thả rau thơm xắt nhỏ vào trộn sơ rồi bày gỏi sứa ra đĩa lòng sâu rắc ngập đậu phộng hành phi","Món ăn thanh mát giải nhiệt, Khai vị tiệc hải sản biển Quy Nhơn","Người bụng yếu nhạy cảm với hải sản tươi nguội, Phụ nữ mang thai"
thit-bo-xao-hanh-can,Thịt bò xào hành cần,Bắc,main,"lunch, dinner",15,10,easy,310,24,6,16,2,640,2,60000,110000,balanced,Thịt bò,"Ngọt đậm đà, Thơm nồng nàn hành tây và cần tây, Giòn ngọt",0,3,https://encrypted-tbn0.gstatic.com/images?q=tbn:ANd9GcRPIsg54b3SgmeNokd9fyUxkv1nAPOotKVJTg&s,"Món xào truyền thống thơm ngon đậm đà, thịt thăn bò thái mỏng ướp tỏi hào xào nhanh tay trên lửa lớn giữ độ mềm mọng mượt mà cùng cần tây, hành tây giòn ngọt.","Thịt thăn bò mềm: 300g, Rau cần tây: 100g, Hành tây: 1 củ, Tỏi băm nhuyễn: 1 muỗng canh, Dầu hào: 1 muỗng canh, Tiêu đen xay: 1 muỗng cà phê, Dầu ăn: 2 muỗng canh","Chảo xào lòng sâu, Đũa, Dao, Thớt","Thịt thăn bò thái lát mỏng ngang thớ đem ướp tỏi băm dầu hào tiêu xay và chút dầu ăn trong mười lăm phút cho ngấm mềm, Rau cần tây rửa sạch cắt khúc dài bằng ngón tay hành tây bóc vỏ bổ múi cau mỏng, Đun nóng dầu ăn trên chảo lòng sâu phi thơm tỏi băm cho vàng ruộm dậy mùi, Trút thịt bò vào xào nhanh tay trên lửa lớn cho thịt vừa chín tái chín tái săn lại rồi trút riêng ra đĩa, Cho hành tây và rau cần tây vào chảo xào nhanh tay nêm chút hạt nêm dầu hào xào chín tới giữ độ xanh giòn, Đổ đĩa thịt bò tái trở lại chảo đảo đều cùng hành cần trong một phút tắt bếp rồi múc ra thưởng thức","Bữa ăn dinh dưỡng nhanh gọn cho gia đình, Bổ sung protein sắt tốt",Người có chỉ số axit uric cao cần hạn chế thịt đỏ
goi-ga-mang-cut-xanh,Gỏi gà măng cụt xanh,Nam,main,"lunch, dinner",45,20,medium,280,22,15,12,3,520,6,150000,250000,balanced,Không,"Chua ngọt, Chát nhẹ, Giòn sần sật",1,3,https://danviet.ex-cdn.com/files/f1/296231569849192448/2023/5/11/3447397809389768307812286585317590134020748n-16837734086071672598653.jpg,Đặc sản Bình Dương nổi tiếng với thịt gà ta luộc xé phay trộn cùng măng cụt xanh giòn sần sật vị chua ngọt chát nhẹ đặc trưng.,"Gà ta luộc: 500g, Măng cụt xanh: 1kg, Cà rốt sợi: 50g, Rau răm: 20g, Đậu phộng rang: 30g, Nước mắm tỏi ớt pha chanh đường: 4 muỗng canh","Dao gọt măng cụt, Tô trộn lớn, Đĩa","Gọt vỏ măng cụt xanh dưới vòi nước xả để sạch mủ rồi ngâm nước đá chanh cho trắng giòn, Cắt lát tròn măng cụt xanh vừa ăn, Gà ta luộc chín xé phay miếng vừa ăn, Cho măng cụt gà xé cà rốt rau răm vào tô trộn lớn, Rưới nước mắm tỏi ớt chua ngọt vào trộn nhẹ tay cho ngấm đều gia vị, Rắc đậu phộng rang giã dập hành phi lên trên mặt rồi thưởng thức","Người thích ăn gỏi trái cây giòn mát, Họp mặt hè",Người bụng yếu hệ tiêu hóa nhạy cảm với trái cây xanh
bo-nhung-me,Bò nhúng mẻ,Nam,main,"lunch, dinner",20,15,easy,390,28,8,18,2,710,3,150000,250000,balanced,"Thịt bò, Mẻ","Chua thanh mẻ, Đậm đà, Cay nhẹ",1,4,https://file.hstatic.net/200000700229/article/bo-nhung-me-1_8994f54fc7854db1a4940bcbed837c81.jpg,"Món lẩu nhúng dân dã với thịt bò phi lê thái mỏng mềm ngọt nhúng vào nước dùng mẻ chua thanh thanh, thơm nồng mùi sả.","Thịt thăn bò: 500g, Mẻ chua: 3 muỗng canh, Sả cây đập dập: 4 nhánh, Hành tây: 1 củ, Nước dùng xương hoặc nước dừa: 1 lít, Hành tím tỏi băm: 2 muỗng canh, Rau nhúng (kèo nèo rau muống), Bún tươi, Bánh tráng","Nồi lẩu, Bếp ga mini, Rây lọc mẻ, Dao","Thịt bò rửa sạch thái lát thật mỏng ngang thớ bày ra đĩa, Hòa mẻ chua với nước lọc rồi rây lấy nước cốt mẻ trong suốt bỏ bã, Phi thơm hành tỏi sả băm trên nồi rồi trút nước cốt mẻ và nước dừa tươi vào đun sôi, Cho sả cây đập dập hành tây xắt múi cau vào nêm nếm muối đường hạt nêm vừa vị chua ngọt thanh dứt, Đặt nồi nước mẻ lên bếp lẩu đun sôi nhúng từng lát thịt bò mỏng vừa chín tới, Cuốn thịt bò tái mẻ với bánh tráng bún tươi rau sống chấm mắm nêm","Họp mặt gia đình cuối tuần, Người thích đồ chua thanh",Người đau dạ dày nặng nhạy cảm vị chua
goi-buoi-tan-trieu,Gỏi bưởi Tân Triều,Nam,main,"lunch, dinner, snack",25,15,medium,260,14,22,8,3,490,7,80000,150000,light,"Tôm, Mực","Chua ngọt thanh mát, Đậm đà, Cay nhẹ",1,3,https://encrypted-tbn0.gstatic.com/images?q=tbn:ANd9GcRhrmquiwCjx4XIMwqaHgGWkonSkb-rvOYZLQ&s,"Đặc sản Đồng Nai thanh mát kết hợp giữa những tép bưởi đường lá cam mọng nước ngọt thanh, tôm sông tươi, mực khô xé và nước sốt trộn gỏi đậm đà.","Bưởi đường Tân Triều: 1 quả, Tôm sông luộc chín: 150g, Khô mực nướng xé sợi: 50g, Cà rốt sợi: 30g, Rau răm ngò rí: 20g, Đậu phộng rang: 20g, Nước sốt trộn gỏi chua ngọt: 3 muỗng canh","Tô trộn lớn, Dao gọt bưởi, Đĩa lớn","Gọt vỏ bưởi tách nhẹ nhàng lấy từng múi bưởi xé nhỏ vừa ăn tránh làm nát tép bưởi ra nước, Tôm sông luộc chín lột vỏ chừa đuôi mực khô nướng thơm xé sợi nhỏ, Pha nước sốt trộn gỏi gồm nước mắm đường nước cốt tắc tỏi ớt băm nhuyễn, Cho bưởi tôm sông mực xé cà rốt rau răm vào một tô trộn lớn sạch, Rưới nước sốt vào trộn thật nhẹ tay đều đặn để tép bưởi không bị dập nát, Bày gỏi bưởi ra đĩa rắc đậu phộng rang hành phi ăn kèm bánh phồng tôm chiên","Món khai vị tiệc sum họp, Người thích vị trái cây thanh nhẹ",Người dị ứng tôm và hải sản khô
bo-ne-bong-thien-ly,Bò né bông thiên lý,Nam,main,"lunch, dinner",15,10,easy,380,26,8,18,2,620,2,45000,80000,balanced,Thịt bò,"Đậm đà, Thơm bơ, Bùi béo bông thiên lý",0,1,https://i-giadinh.vnecdn.net/2022/07/02/Thanh-pham-1-1-2768-1656750998.jpg,Món ăn dinh dưỡng nóng sốt xèo xèo trên chảo gang với thịt bò phi lê cắt mỏng ướp đậm vị né bơ tỏi và bông thiên lý xanh giòn thơm ngát.,"Thịt phi lê bò: 150g, Bông thiên lý tươi: 100g, Bơ lạt: 1 muỗng canh, Tỏi băm nhuyễn: 1 muỗng canh, Hành tây xắt mỏng: 1/2 củ, Gia vị: dầu hào nước tương tiêu","Chảo gang né chuyên dụng (hình con bò), Bếp ga mini, Dao","Thịt bò phi lê thái lát mỏng vừa ăn đem ướp tỏi băm dầu hào nước tương tiêu xay và chút dầu ăn trong 15 phút, Bông thiên lý nhặt sạch cuống ngâm nước muối loãng vớt ra để ráo nước, Làm nóng chảo gang chuyên dụng trên bếp cho bơ lạt vào đun chảy thơm lừng, Trút thịt bò đã ướp và hành tây xắt mỏng vào chảo gang đảo nhanh tay trên lửa lớn, Khi thịt bò vừa chín tái cho tiếp bông thiên lý vào đảo đều nhanh trong 1 phút rồi tắt bếp, Để món ăn xèo xèo nóng hổi trên chảo gang bốc khói ăn kèm bánh mì hoặc cơm","Bữa ăn tối nhanh gọn dồi dào protein, Người khó ngủ (thiên lý giúp an thần)",Người kiêng ăn bơ động vật dầu mỡ
nhut-thanh-chuong,Nhút Thanh Chương,Trung,main,"lunch, dinner",30,10,medium,140,2,24,1,5,820,3,15000,30000,vegetarian,Không,"Chua thanh, Mặn mà, Cay nồng tỏi ớt, Giòn sần sật",2,4,https://encrypted-tbn0.gstatic.com/images?q=tbn:ANd9GcT8VPn86gZO2TPkv1bqqyRNiJTA75yZNGdgRw&s,"Đặc sản nghèo mà sang đất Nghệ An làm từ mít non băm sợi muối mặn cùng lá chuối, dùng ăn vả xào thịt heo hoặc nấu canh chua thanh đạm.","Mít non tươi: 1kg, Muối hạt lớn: 100g, Tỏi: 1 củ, Ớt tươi: 3 quả, Rau kinh giới: 20g, Nước lọc","Hũ sành muối nhút, Dao băm xắt lớn, Chậu ngâm","Mít non gọt sạch vỏ ngoài ngâm nước vo gạo cho bớt mủ rồi băm sợi mỏng xắt khúc dài, Trộn đều sợi mít non với muối hạt lớn dùng tay vò nhẹ cho mít mềm đều và ra bớt vị chát, Cho mít băm tỏi ớt đập dập vào hũ sành nén thật chặt tay bằng nan tre và đá cuội, Đổ nước muối loãng ngập mặt mít đậy kín hũ muối từ 2 đến 3 ngày cho lên men chua thanh, Khi ăn vớt nhút ra vắt kiệt nước có thể trộn tỏi ớt làm nộm hoặc xào thịt","Bữa cơm quê mộc mạc ngày hè, Người ăn chay trường",Người đau dạ dày nhạy cảm đồ muối lên men chua mặn
bo-cuon-nam-kim-cham-nuong,Bò cuộn nấm kim châm nướng,Nam,main,"lunch, dinner",20,15,easy,340,24,6,16,2,580,2,70000,130000,balanced,Thịt bò,"Đậm đà, Giòn sần sật, Thơm sốt nướng béo ngậy",1,2,https://www.cet.edu.vn/wp-content/uploads/2018/10/bo-cuon-kim-cham-nuong.jpg,"Món nướng BBQ khoái khẩu với ba chỉ bò Mỹ thái mỏng cuộn chặt nấm kim châm trắng giòn, phết sốt nướng đậm đà nướng chín thơm lừng.","Ba chỉ bò thái lát mỏng dài: 300g, Nấm kim châm: 200g, Sốt nướng BBQ xá xíu: 2 muỗng canh, Tỏi băm: 1 muỗng canh, Hành lá chần sơ: 10 cọng, Tiêu gia vị","Bếp nướng điện hoặc bếp than, Cọ phết sốt, Đĩa","Nấm kim châm cắt bỏ gốc ngâm nước muối loãng rửa sạch chia thành từng cụm nhỏ vừa phải, Trải phẳng từng lát thịt ba chỉ bò ra thớt sạch quết một lớp sốt nướng mỏng lên thịt, Đặt một cụm nấm kim châm vào mép miếng thịt bò cuộn tròn thật chặt tay bao quanh nấm, Dùng cọng hành lá chần sơ buộc cố định hoặc dùng tăm ghim chặt cuộn thịt lại, Xếp các cuộn bò lên bếp nướng than hồng hoặc lò nướng phết thêm sốt BBQ đều khắp mặt, Nướng xoay trở liên tục trong 10 đến 15 phút đến khi bò chín vàng săn thơm giòn nấm chín dẻo","Tiệc nướng BBQ gia đình bè bạn, Tụ tập ngày đông lạnh",Người hạn chế chất béo động vật nhiều
lon-man-met-tay-bac,Lợn mán mẹt Tây Bắc,Bắc,main,"lunch, dinner",40,60,hard,540,32,4,38,1,780,1,250000,500000,high-fat,Không,"Thơm nồng hạt dổi mắc khén, Đậm đà, Béo ngậy giòn bì",1,4,https://mms.img.susercontent.com/vn-11134259-820l4-mgytu4o9mryg73@resize_ss1242x600!@crop_w1242_h600_cT,Mẹt lợn mán chế biến đủ món nướng hấp xào sả ớt hoang dã nức tiếng Tây Bắc đượm mùi gia vị hạt dổi mắc khén rừng cay tê bùi béo.,"Thịt lợn mán tươi: 1.5kg, Hạt mắc khén: 2 muỗng cà phê, Hạt dổi: 2 hạt, Sả hành tím băm: 3 muỗng canh, Lá móc mật: 50g, Gia vị: muối nước mắm tiêu","Mẹt tre lót lá chuối, Chảo xào, Vỉ nướng than, Nồi hấp","Thịt lợn mán làm sạch chia phần ba chỉ làm món hấp phần vai làm món nướng và thịt vụn làm xào sả ớt, Ướp thịt vai cắt miếng với mắc khén hạt dổi giã nhỏ sả băm rồi đem nướng than hoa vàng rụm da giòn, Phần thịt ba chỉ cuộn chặt hấp cách thủy cùng lá móc mật thơm nức thái lát mỏng, Phần thịt vụn xào lăn sả ớt trên chảo lửa lớn cho săn giòn cạnh, Xếp lá chuối xanh lót kín mẹt tre bày biện đẹp mắt thịt hấp thịt nướng thịt xào dồi lợn mán lòng luộc, Chấm kèm muối hạt mắc khén dầm ớt xiêm xanh rừng","Tiệc tụ họp liên hoan đông người, Thích khám phá ẩm thực vùng cao","Người mỡ máu cao, Bệnh nhân gout kiêng đạm béo động vật"
goi-bo-bop-thau,Gỏi bò bóp thấu,Nam,main,"lunch, dinner",20,10,easy,320,22,14,12,2,610,4,80000,150000,light,"Thịt bò, Đậu phộng","Chua ngọt chát nhẹ, Đậm đà, Giòn sần sật, Cay ấm",1,3,https://www.huongnghiepaau.com/wp-content/uploads/2016/05/goi-bo-bop-thau.jpg,Món khai vị cuốn hút với thịt thăn bò tái mềm mọng quyện cùng chuối chát khế chua cắt lát mỏng mặn chua ngọt cay nồng đậm vị dân dã.,"Thịt thăn bò mềm: 300g, Chuối chát xanh: 1 quả, Khế chua: 1 quả, Hành tây: 1/2 củ, Hành tím phi: 2 muỗng canh, Đậu phộng rang: 20g, Rau thơm chanh tỏi ớt","Tô trộn lớn, Dao thật sắc, Đĩa lòng sâu","Thịt bò thái lát mỏng xào nhanh tay trên chảo tỏi phi vừa chín tái mọng nước để nguội, Chuối chát gọt sơ vỏ khế chua rửa sạch thái lát mỏng ngâm nước muối loãng pha chanh để không bị thâm, Pha nước sốt trộn gỏi gồm nước cốt chanh đường nước mắm ngon tỏi ớt băm nhuyễn đậm đà, Cho chuối chát khế chua hành tây hành tím vào tô trộn bóp thấu nhẹ tay với một phần sốt cho thấm mềm, Trút thịt bò tái và rau thơm xắt nhỏ vào trộn chung đổ nốt sốt gỏi đảo đều nhẹ tay, Bày ra đĩa rắc đậu phộng rang giã dập hành phi ăn kèm bánh phồng tôm","Món khai vị bàn tiệc, Người thích ăn đồ nộm chua chát thanh nhẹ",Người đau dạ dày kiêng ăn chua chát
canh-thut-dak-nong,Canh thụt Đắk Nông,Trung,main,"lunch, dinner",30,40,hard,280,18,14,10,4,520,1,60000,120000,balanced,Cá (nếu nấu kèm),"Đắng nhẹ bùi béo, Cay nồng nàn, Thơm đặc trưng ống tre",2,3,https://datviettour.com.vn/uploads/images/tin-tuc-SEO/tay-nguyen/dak-nong/canh-chua-kien-vang.jpg,Đặc sản độc đáo của người M'Nông mọc từ rau nhíp hoang mọc rừng thấu nhuyễn cùng đọt mây cá suối khô đốt chín nhừ trong ống tre lồ ô.,"Đọt mây rừng: 200g, Lá nhíp hoang: 150g, Cá suối khô hoặc sườn heo: 150g, Ớt rừng: 5 quả, Ống tre nứa lồ ô tươi: 1 ống dài, Muối hạt mì chính","Ống tre nứa tươi, Bếp củi rừng, Thanh tre thụt nhuyễn","Sơ chế nhặt đọt mây bóc vỏ lấy lõi non thái mỏng lá nhíp rửa sạch cá suối nướng thơm xé nhỏ, Cho toàn bộ đọt mây lá nhíp cá suối khô muối hạt ớt rừng vào bên trong ống tre lồ ô tươi sạch, Đổ một chút nước lọc vào ống tre dùng lá chuối nút chặt miệng ống lại, Đặt ống tre lên bếp củi rừng đốt nướng xoay trở liên tục trong 30 đến 40 phút cho nguyên liệu chín nhừ, Dùng một thanh tre dài dập thụt liên tục vào trong lòng ống tre cho các nguyên liệu nát nhuyễn hòa quyện chặt, Đổ canh thụt sánh đặc thơm lừng hương vị núi rừng ra bát thưởng thức lúc ấm nóng","Khám phá ẩm thực Tây Nguyên bản địa, Thích ăn vị nhẫn đắng bùi béo","Người bụng yếu, Người không chịu được vị đắng nhẫn của đọt mây"
ech-xao-lan,Ếch xào lăn,Nam,main,"lunch, dinner",20,15,easy,360,22,12,18,1,740,3,60000,110000,balanced,Nước cốt dừa,"Béo ngậy đậm đà, Thơm nức cà ri sả ớt, Ngọt bùi thịt ếch",2,2,https://cdn.pastaxi-manager.onepas.vn/content/uploads/articles/lenttt/cachlamechxaolan/1-cach-lam-ech-xao-lan.jpg,Món ngon đậm đà Nam Bộ với thịt ếch đồng săn chắc ngọt bùi xào lăn nhanh tay cùng bột cà ri sả ớt và nước cốt dừa sánh béo ngậy.,"Thịt ếch đồng làm sạch: 400g, Nước cốt dừa đậm đặc: 150ml, Bột cà ri hoặc bột ngũ vị hương: 1 muỗng cà phê, Sả băm ớt băm: 2 muỗng canh, Hành tây xắt múi cau: 1 củ, Đậu phộng rang: 20g, Nấm mèo ngâm nở: 30g","Chảo xào lớn, Đũa, Dao băm xắt","Thịt ếch chặt miếng vừa ăn đem ướp bột cà ri sả băm hành tỏi tiêu nước mắm đường trong 20 phút cho thấm, Nấm mèo ngâm nở xắt sợi nhỏ hành tây bổ múi cau mỏng dập ngò rí, Phi thơm phần sả ớt băm còn lại trên chảo dầu trút thịt ếch vào xào săn trên lửa lớn, Đổ nước cốt dừa dão và nấm mèo vào chảo đun sôi liu riu cho ếch chín mềm và thấm nước béo, Khi sốt sệt lại cho hành tây xắt múi cau và nước cốt dừa đặc vào khuấy nhẹ nấu sôi trở lại, Nêm nếm lại gia vị mặn ngọt béo ngậy vừa miệng múc ra đĩa rắc đậu phộng rang giã dập lên","Bữa ăn gia đình cuối tuần đậm vị, Ăn kèm bánh mì cơm trắng",Người béo phì kiêng nước cốt dừa chất béo
canh-atiso-ham-gio-heo,Canh atiso hầm giò heo,Trung,main,"lunch, dinner",25,60,medium,450,28,18,24,4,620,2,120000,200000,balanced,Không,"Ngọt thanh khiết bùi, Béo dẻo giò heo, Thơm mát",0,4,https://cdn.tgdd.vn/Files/2020/04/17/1249730/cach-lam-mon-gio-heo-ham-bong-atiso-tron-vi-nhu-quan-an-da-lat-202201101057181541.jpg,Món canh bồi bổ thanh lọc cơ thể nổi tiếng của xứ lạnh Đà Lạt với hoa atiso tươi thanh ngọt mát hầm cùng giò heo béo dẻo mềm nhừ.,"Hoa atiso tươi Đà Lạt: 2 hoa, Chân giò heo ngon: 600g, Cà rốt: 1 củ, Hành tím củ: 4 củ, Hành lá ngò rí: 20g, Gia vị: muối đường phèn hạt nêm","Nồi hầm lớn, Vá hớt bọt, Dao chặt lớn","Chân giò heo chặt miếng vừa ăn trần sơ qua nước sôi gừng để khử mùi hôi rửa sạch ráo nước, Hoa atiso tước bỏ bớt cánh già cứng bổ làm tư móc bỏ phần nhụy xơ bên trong ngâm nước muối loãng, Đun sôi nồi nước hầm trút giò heo và hành tím đập dập vào hầm lửa nhỏ trong 30 phút hớt bọt liên tục, Cho tiếp hoa atiso tươi và cà rốt cắt khoanh vào nồi hầm cùng, Tiếp tục ninh liu riu trên lửa nhỏ thêm 30 phút đến khi thịt giò heo chín mềm nhừ dẻo và hoa atiso ra hết vị ngọt thanh bùi, Nêm đường phèn muối hạt nêm cho canh vừa vị thanh nhạt múc ra tô rắc hành ngò","Bồi bổ sức khỏe người ốm dậy, Thanh nhiệt giải độc gan cơ thể",Người kiêng ăn mỡ động vật dầu nhiều
ech-nuong-ong-tre-tay-bac,Ếch nướng ống tre Tây Bắc,Bắc,main,"lunch, dinner",25,30,medium,310,24,4,12,1,540,1,80000,150000,Keto / Low-carb,Không,"Cay tê nồng, Ngọt bùi thịt ếch, Thơm nức mùi tre nướng",2,2,https://cdn.tgdd.vn/Files/2022/01/01/1408412/chia-se-cach-lam-ech-nuong-ong-tre-hap-dan-ai-an-cung-khen-nuc-mui-202201021018146758.jpg,"Thịt ếch đồng băm nhỏ hoặc để nguyên con trộn đượm mắc khén, hạt dổi, sả ớt hoang dã nhét ống tre tươi nướng than hồng giữ trọn vị ngọt dẻo thơm.","Thịt ếch đồng tươi sạch: 400g, Hạt mắc khén giã mịn: 1 muỗng cà phê, Hạt dổi nướng giã nhuyễn: 1 hạt, Sả ớt tươi hành tăm băm nhuyễn: 2 muỗng canh, Ống tre nứa tươi rỗng: 1 ống, Lá chuối nút miệng","Ống tre tươi sạch, Bếp than hoa nướng, Dao, Cối giã","Ếch đồng làm sạch chặt miếng nhỏ vừa ăn đem quết trộn với mắc khén hạt dổi sả hành tăm muối bột ngọt, Để thịt ếch ngấm đều gia vị Tây Bắc hoang dã trong vòng 20 phút, Khéo léo nhét toàn bộ thịt ếch đã ướp vào bên trong lòng ống tre nứa tươi rỗng sạch, Dùng lá chuối tươi cuộn chặt nút kín miệng ống tre lại để giữ hơi ngọt khi nướng, Đặt ống tre lên bếp carbon hồng nướng xoay lật liên tục trong khoảng 25 đến 30 phút cho vỏ ống tre cháy sém nước tre sôi sùng sục bên trong, Chẻ dọc ống tre múc thịt ếch thơm nức cay nồng ngọt lịm ra đĩa ăn nóng","Tiệc dã ngoại nướng ngoài trời, Thực đơn ăn kiêng Keto dinh dưỡng",Người kén ăn gia vị tê cay mắc khén hạt dổi
canh-chua-ca-bong-lau,Canh chua cá bông lau,Nam,main,"lunch, dinner",20,20,easy,380,24,15,14,2,820,5,80000,150000,balanced,Cá,"Chua ngọt đậm đà, Thơm béo cá sông, Thơm ngò gai rau ngổ",1,3,https://cdn2.fptshop.com.vn/unsafe/1920x0/filters:format(webp):quality(75)/canh_chua_ca_bong_lau_1_7e63517315.jpg,"Món canh kinh điển Nam Bộ với cá bông lau sông béo ngậy, ngọt thịt nấu cùng nước me chua, thơm, cà chua, dọc mùng và rau ngổ thơm lừng.","Cá bông lau sông cắt lát: 400g, Me chua chín: 50g, Cà chua: 2 quả, Thơm (dứa): 1/4 quả, Bạc hà (dọc mùng): 1 cây, Đậu bắp: 5 quả, Giá đỗ: 50g, Ngò gai rau ngổ tỏi phi ớt","Nồi nấu canh, Vá hớt bọt, Dao xắt, Chén dầm me","Cá bông lau làm sạch xát muối chanh cắt khoanh dày vừa ăn, Dầm me chua chín với nước ấm lọc lấy nước cốt chua đổ vào nồi nước nấu sôi, Cho cà chua múi cau thơm cắt lát mỏng vào nồi đun sôi nêm nước mắm đường phèn muối cho điều hòa vị chua ngọt đậm đà miền Tây, Thả nhẹ nhàng các lát cá bông lau vào nấu chín vớt bọt liên tục cho nước canh trong vắt, Khi cá chín gần tới cho đậu bắp bạc hà dọc mùng giá đỗ vào nấu sôi bùng trong 2 phút, Tắt bếp múc canh chua ra tô rắc hành ngò gai rau ngổ và ngập tỏi phi thơm lừng","Bữa cơm gia đình ngày hè oi bức, Người thích ăn cá béo ngọt",Người bị gout kiêng ăn cá sông béo đạm
luon-dum-xu-nghe,Lươn đùm xứ Nghệ,Trung,main,"lunch, dinner",30,30,medium,410,22,8,24,1,690,2,100000,180000,balanced,"Lươn, Thủy sản","Đậm đà béo bùi, Thơm sả nghệ tiêu sọ, Giòn bún tàu",1,3,https://encrypted-tbn0.gstatic.com/images?q=tbn:ANd9GcR6SRPo11SbN2Od1zI2cmlaLqdDTpLCPTHg5g&s,"Món tiệc độc đáo Nghệ An với thịt lươn băm nhỏ trộn giò sống, mộc nhĩ, bún tàu, sả nghệ gói trong màng mỡ chài hấp chín béo ngậy.","Thịt lươn đồng tươi sạch: 300g, Giò sống: 150g, Mỡ chài sạch: 100g, Mộc nhĩ bún tàu ngâm nở: 30g, Nghệ tươi giã sả băm: 2 muỗng canh, Đậu phộng rang: 20g, Tiêu sọ hạt","Tô trộn lớn, Nồi hấp cách thủy, Đĩa sạch sâu lòng, Dao băm","Lươn làm sạch nhớt thái hạt lựu nhỏ mộc nhĩ bún tàu ngâm nở băm nhỏ, Trộn đều lươn giò sống mộc nhĩ bún tàu nghệ tươi sả băm muối tiêu đường bột ngọt hạt tiêu sọ nguyên hạt, Trải phẳng tấm mỡ chài sạch lót kín vào lòng chiếc bát tô tròn sâu lòng, Trút toàn bộ hỗn hợp lươn trộn vào lòng mỡ chài gói kín các mép mỡ chài bọc tròn chặt lại thành khối đùm, Đặt bát lươn đùm vào xửng hấp cách thủy trên lửa lớn hông liên tục trong vòng 30 phút cho mỡ chài chảy trong suốt thịt chín mềm dẻo, Úp ngược đùm lươn chín ra đĩa rắc đậu phộng rang giã dập ăn kèm bánh tráng nướng giòn rụm","Bàn tiệc tiếp khách trang trọng, Người mê món ăn bổ dưỡng từ lươn",Người thừa cân béo phì kiêng chất béo mỡ chài
lau-mam-u-minh,Lẩu mắm U Minh,Nam,main,"lunch, dinner",35,40,medium,520,34,14,22,4,980,6,180000,350000,balanced,"Mắm cá sặc, Cá đồng, Hải sản, Tôm","Đậm đà vị mắm đặc trưng, Thơm sả nồng nàn, Ngọt thanh cốt dừa",1,4,https://product.hstatic.net/1000093072/product/lau_mam_u_minh_a0247bf5e2af4c4bb0e9fe366c3c7ec7_master.jpg,Đỉnh cao ẩm thực đất mũi Cà Mau nước dùng lẩu cốt mắm cá sặc mắm linh nấu cùng nước dừa tươi nhúng ngập tràn hơn 20 loại rau đồng cỏ hoang dã dồi dào.,"Mắm cá sặc sấy hoặc mắm lóc: 200g, Cá lóc hoặc cá trê đồng: 400g, Thịt ba chỉ heo: 200g, Tôm tươi mực: 200g, Cà tím: 1 quả, Sả băm sả cây đập dập: 4 muỗng canh, Nước dừa tươi: 1 lít, Rau ăn kèm (bông súng kèo nèo đọt choại)","Nồi lẩu lũng sâu, Rây lọc mắm cốt, Vá, Dao chặt thái","Nấu rã mắm cá sặc cá linh với nước sôi lọc qua rây lấy toàn bộ nước cốt mắm đặc sánh bỏ sạch xương, Phi thơm nhiều sả băm và sả cây đập dập trên nồi trút thịt ba chỉ xắt lát vào xào săn giòn, Đổ nước cốt mắm đậm đặc phối cùng nước dừa tươi vào nồi đun sôi sùng sục vớt bọt liên tục, Nêm nếm thêm chút đường phèn bột ngọt sả băm tỏi cho dịu bớt vị mặn mòi đặc quánh của mắm cốt thả cà tím cắt khúc vào nồi, Bày nồi lẩu ra bàn ăn xếp đĩa cá lóc tôm tươi mực ống hải sản cắt miếng xung quanh kèm rổ lớn hơn 20 loại rau rừng, Nhúng chín hải sản thịt cá ăn cùng bún tươi chan nước mắm sả thơm nồng","Tụ họp đông người liên hoan cuối tuần, Người đam mê mắm đồng miền Tây","Người cao huyết áp nặng cần kiêng mặn, Người sợ mùi mắm cá"
cha-dum-nam-bo,Chả đùm Nam Bộ,Nam,main,"lunch, dinner",25,40,medium,380,24,8,22,1,680,2,80000,150000,balanced,Trứng,"Béo bùi, Đậm đà, Thơm tiêu",0,4,https://cdn.pastaxi-manager.onepas.vn/content/uploads/articles/cach-lam-cha-dum-1.jpg,"Món ăn truyền thống trong các bàn tiệc Nam Bộ cổ điển với thịt bò thịt heo băm trộn mỡ chài, gan heo, bún tàu rồi đem hấp chín béo ngậy.","Thịt bò băm: 200g, Thịt heo băm: 200g, Gan heo băm nhỏ: 50g, Mỡ chài: 100g, Bún tàu mộc nhĩ ngâm nở: 30g, Trứng gà: 1 quả, Đậu phộng rang: 20g, Gia vị: tỏi băm, tiêu sọ","Tô lớn trộn, Nồi hấp cách thủy, Bát tô sâu lòng, Dao","Ngâm nở bún tàu và mộc nhĩ rồi xắt nhỏ, Trộn đều thịt bò thịt heo gan heo băm cùng bún tàu mộc nhĩ trứng gà tiêu sọ tỏi băm và gia vị, Lót mỡ chài sạch vào lòng bát tô tròn sâu lòng để tạo khuôn, Trút hỗn hợp thịt trộn vào lòng mỡ chài rồi gói kín các mép mỡ chài bọc tròn lại, Đặt bát chả vào xửng hấp cách thủy trên lửa lớn trong vòng 40 phút cho chín đều, Úp ngược bát chả ra đĩa rắc đậu phộng rang giã dập lên trên mặt ăn kèm bánh đa nướng","Món ăn tiệc gia đình, Người cần bồi bổ bổ sung sắt",Người thừa cân béo phì kiêng mỡ động vật nhiều
ca-lang-nuong-song-serepok,Cá lăng nướng sông Sêrêpốk,Trung,main,"lunch, dinner",20,25,medium,340,26,2,16,0,550,1,150000,250000,Keto / Low-carb,Cá,"Ngọt bùi, Thơm nồng nghệ sả, Cay nhẹ",1,4,https://cly.1cdn.vn/2021/11/01/dantoctongiao.congly.vn-upload-content_img-2021-1101-_ca-lang-nuong-voi-mui-thom-lung-kho-cuong-anh-internet_anh_4.jpg,"Đặc sản Tây Nguyên trứ danh từ cá lăng tươi sống sông Sêrêpốk thịt chắc ngọt lịm, ướp nghệ sả rồi nướng than hoa vàng ươm hoang dã.","Cá lăng tươi sông: 1kg, Nghệ tươi giã nhỏ: 2 muỗng canh, Sả băm nhuyễn: 2 muỗng canh, Riềng giã nhỏ: 1 muỗng canh, Dầu màu điều: 1 muỗng canh, Ớt xiêm: 3 quả, Gia vị muối mắm","Vỉ nướng than, Bếp than hoa, Dao lọc xương, Cối giã","Cá lăng làm sạch nhớt bằng nước cốt chanh muối thái lát mỏng vừa ăn hoặc lọc bỏ xương lấy phi lê thịt, Giã nhuyễn nghệ riềng sả ớt xiêm trộn cùng dầu màu điều muối hạt bột ngọt, Thoa hỗn hợp gia vị lên đều các mặt miếng cá lăng để ngấm trong vòng 20 phút, Xếp cá lên vỉ nướng trên bếp than hồng rực xoay lật đều tay liên tục, Phết thêm chút dầu ăn trong quá trình nướng để thịt cá mềm mọng không bị khô da, Nướng đến khi thịt cá vàng ruộm thơm phức xém cạnh bày ra đĩa ăn kèm muối ớt rừng","Tiệc dã ngoại liên hoan, Chế độ ăn Keto Low-carb",Người kiêng ăn mặn
doi-sun-nuong,Dồi sụn nướng,Bắc,main,"snack, dinner",30,20,medium,360,18,12,24,1,720,3,50000,90000,balanced,Không,"Béo ngậy, Giòn sần sật, Thơm rau thơm",1,3,https://encrypted-tbn0.gstatic.com/images?q=tbn:ANd9GcQghoD4DYXHYjvsGuEP2e2SO-w6ea8uMpMYrQ&s,"Món ăn vặt đường phố được yêu thích với lòng non heo nhồi thịt băm, sụn họng giòn rôm rốp và các loại rau thơm đem nướng than hoa vàng rực.","Lòng non heo sạch: 200g, Sụn họng heo băm nhỏ: 150g, Thịt nạc vai heo băm: 150g, Mỡ heo: 50g, Húng quế, rau răm, hành lá: 50g, Tiêu xay, gia vị, dây buộc","Phễu dồn dồi, Bếp nướng than, Dao xắt, Kim khâu đâm bọt","Rửa sạch lòng non heo bằng muối giấm loãng để ráo nước làm vỏ dồi, Băm nhỏ sụn họng thịt vai mỡ heo và thái nhỏ các loại rau thơm húng quế rau răm, Trộn đều sụn thịt băm rau thơm tiêu xay nước mắm gia vị thành hỗn hợp nhân dẻo, Dùng phễu khéo léo dồn hỗn hợp nhân sụn thịt vào lòng non cột chặt hai đầu bằng dây chỉ, Luộc sơ dồi trong nồi nước sôi dùng kim đâm nhẹ để dồi không bị vỡ rách cho chín tái vớt ra, Xếp dồi lên vỉ nướng bếp than hoa đun lửa liu riu cho vàng ruộm đều các mặt cắt khoanh ăn nóng","Tụ tập bạn bè ăn vặt xế chiều, Thích vị sụn giòn sần sật",Người cao huyết áp mỡ máu cao
goi-ca-mai-phan-thiet,Gỏi cá mai Phan Thiết,Trung,main,"lunch, dinner, snack",30,0,medium,240,18,10,8,1,610,4,80000,150000,light,"Cá, Đậu phộng","Chua ngọt, Cay nồng, Thanh mát, Giòn",1,3,https://static.vinwonders.com/production/goi-ca-mai-phan-thiet-2.jpg,"Đặc sản biển Bình Thuận thanh mát, cá mai tươi rói rút xương tái chanh trộn thính gạo, ăn kèm nước sốt đậu phộng chuối chát béo bùi cay nồng.","Cá mai tươi rói: 400g, Chanh tươi: 3 quả, Thính gạo nếp: 2 muỗng canh, Đậu phộng rang làm sốt: 50g, Chuối chát khế chua: 1 quả, Hành tây xắt mỏng, hành tăm, rau thơm","Dao rút xương cá, Tô trộn lớn, Máy xay làm sốt, Đĩa","Cá mai đánh vảy cắt đầu đuôi dùng tay khéo léo rút bỏ xương sống giữa thấm thật khô ráo thịt, Ngâm phi lê cá mai vào nước cốt chanh tươi trong 5 phút cho thịt chín tái chuyển màu trắng ngà vắt nhẹ, Trộn đều cá mai tái với thính gạo nếp rang hành tây xắt mỏng và các loại rau thơm xắt nhỏ, Làm nước sốt chấm đặc quánh từ đậu phộng rang giã mịn me chua đường tỏi ớt băm nước mắm, Bày gỏi cá mai ra đĩa rắc đậu phộng cuốn bánh tráng rau sống khế chua chuối chát chấm sốt đậm đà","Người thích ăn gỏi hải sản tươi mát, Khai vị tiệc biển","Phụ nữ mang thai, Người bụng yếu kiêng đồ sống"
tai-heo-ngam-chua-ngot,Tai heo ngâm chua ngọt,Nam,main,"snack, lunch, dinner",25,20,easy,280,16,8,15,1,690,5,40000,80000,balanced,Không,"Chua ngọt, Giòn sần sật, Cay cay thơm tỏi",1,4,https://encrypted-tbn0.gstatic.com/images?q=tbn:ANd9GcRDtz3SeE5w7RfIE8VbDmnwxCcn0QNP_mAOxA&s,"Món nhắm khoái khẩu ngày Tết với tai heo luộc chín giòn sần sật ngâm trong nước giấm đường trong vắt cùng tỏi, ớt và tiêu hạt cay ấm.","Tai heo sạch: 2 cái, Giấm gạo nuôi: 300ml, Đường cát: 200g, Tỏi tép xắt lát: 50g, Ớt tươi nguyên trái: 5 quả, Tiêu hạt xanh hoặc đen: 1 muỗng cà phê, Gừng hành tím","Hũ thủy tinh sạch, Nồi nấu nước giấm, Dao, Đĩa","Tai heo làm thật sạch tai cạo sạch lông bóp muối giấm luộc chín cùng gừng hành tím đập dập, Vớt tai heo ra ngâm nước đá lạnh ngay lập tức cho tai trắng giòn dẻo rồi thái lát mỏng, Nấu sôi hỗn hợp giấm gạo đường cát muối hạt nước lọc cho tan đều để thật nguội hoàn toàn, Xếp tai heo thái mỏng tỏi lát ớt trái tiêu hạt xen kẽ nhau vào hũ thủy tinh sạch tiệt trùng, Đổ nước giấm đường đã nguội ngập mặt tai heo đậy kín nắp ngâm từ 2 đến 3 ngày trong ngăn mát tủ lạnh, Múc ra đĩa ăn kèm dưa kiệu hành muối giòn sần sật chua ngọt bắt vị","Món khai vị nhắm ngày Tết, Người thích ăn đồ giòn sật chua ngọt",Người bị đau dạ dày nhạy cảm chua
cha-tom-thanh-hoa,Chả tôm Thanh Hóa,Bắc,main,"lunch, dinner, snack",45,15,hard,320,16,24,11,1,650,2,60000,120000,balanced,"Tôm, Hải sản","Bùi béo, Ngọt tôm, Đậm đà, Giòn nhẹ da bánh",1,2,https://encrypted-tbn0.gstatic.com/images?q=tbn:ANd9GcRQNo8AJmDEebNbJEt1VX5HPtaXtIrFb0UY3g&s,"Món ăn cầu kỳ độc đáo xứ Thanh, nhân tôm bộp giã nhuyễn trộn thịt ba chỉ xào hành khô cuộn trong lớp bánh phở cắt miếng nhỏ nướng than hoa vàng ruộm.","Tôm bộp tươi: 300g, Thịt ba chỉ heo: 150g, Bánh phở cuốn dày cắt miếng: 200g, Hành khô băm: 40g, Gấc tươi lấy màu: 1 muỗng canh, Gia vị tiêu mắm","Kẹp tre nướng, Bếp than hoa, Cối giã tôm, Chảo xào","Tôm lột vỏ rút chỉ băm nhỏ thịt ba chỉ luộc sơ băm nhỏ hành khô xào thơm với thịt, Giã nhuyễn tôm trộn thịt băm tiêu muối và một chút nước cốt gấc để nhân có màu hồng cam đẹp mắt, Trải miếng bánh phở nhỏ cho một muỗng nhân tôm thịt vào giữa cuộn tròn dẹt lại thành hình chữ nhật, Xếp các miếng chả tôm vào kẹp tre dài cố định chắc chắn, Nướng chả tôm trên bếp than hoa lửa nhỏ quạt đều tay cho lớp phở ngoài vàng giòn rụm nhân trong chín thơm, Bày ra đĩa ăn nóng cùng nước mắm đu đủ chua ngọt cay nồng và rau sống rau diếp","Người sành ăn khám phá ẩm thực đặc sản, Tụ họp ăn chơi chiều",Người dị ứng hải sản tôm
ca-nuc-hap-cuon-banh-trang,Cá nục hấp cuốn bánh tráng,Trung,main,"lunch, dinner",15,20,easy,330,24,14,12,2,710,2,50000,90000,light,Cá,"Ngọt thanh vị cá, Đậm đà nước mắm",1,3,https://cdn.hstatic.net/files/200000700229/article/ca-nuc-hap-cuon-banh-trang-1_1cc372fe463e4ee38a38098bf77834a9.jpg,Món ăn dân dã miền biển Trung Bộ với cá nục suôn tươi rói hấp cùng hành lá sả cây cuốn bánh tráng rau muống giòn ngọt chấm mắm chua cay.,"Cá nục suôn tươi: 500g, Hành lá xắt khúc: 50g, Sả cây đập dập: 3 cây, Ớt tươi: 2 quả, Bánh tráng cuốn bún tươi rau muống rau sống, Nước mắm ngon tỏi ớt","Nồi hấp cách thủy, Đĩa lớn, Chén chấm","Cá nục làm sạch ruột mang xát muối rửa sạch ráo nước xếp ra đĩa lòng sâu, Ướp cá với chút muối tiêu hạt nêm và sả cây đập dập hành lá cắt khúc phủ kín thân cá, Đặt đĩa cá vào xửng hấp cách thủy trên lửa lớn hông chín trong vòng 15 đến 20 phút để giữ hơi ngọt cá, Pha nước mắm chấm tỏi ớt giã nhuyễn chanh đường đậm đà cay nồng hương vị biển, Gỡ lấy thịt cá nục nóng hổi cuốn với bánh tráng rau muống xanh giòn rau sống bún tươi chấm ngập nước mắm","Bữa cơm gia đình mùa hè thanh mát, Người mê cá biển thanh ngọt",Người kén ăn cá có xương dăm nhiều
thit-kho-mam-ruoc-mien-trung,Thịt kho mắm ruốc miền Trung,Trung,main,"lunch, dinner",15,30,easy,440,20,4,34,1,980,3,40000,80000,high-fat,Mắm ruốc,"Đậm mặn, Cay nồng, Thơm đặc trưng mắm",2,4,https://cooponline.vn/tin-tuc/wp-content/uploads/2025/10/thit-kho-mam-ruoc-mon-kho-dam-da-dua-com-chuan-vi-mien-trung.png,"Món ăn đưa cơm mộc mạc đậm đà vị miền Trung, thịt ba chỉ xắt hạt lựu kho săn cùng mắm ruốc Huế thơm nức sả băm và ớt cay xè.","Thịt ba chỉ heo: 500g, Mắm ruốc Huế ngon: 3 muỗng canh, Sả băm nhuyễn: 4 muỗng canh, Tỏi băm, ớt băm: 2 muỗng canh, Đường cát: 2 muỗng canh, Dầu ăn","Chảo kho sâu lòng, Đũa đảo, Chén hòa mắm","Thịt ba chỉ heo rửa sạch thái hạt lựu mỏng vừa ăn cho ráo nước, Hòa mắm ruốc Huế với nước lọc quấy tan gạn bỏ cặn cát dưới đáy chén, Phi thơm hành tỏi sả ớt băm nhuyễn trên chảo sâu lòng với dầu ăn cho dậy mùi thơm nức, Trút thịt ba chỉ thái hạt lựu vào đảo đều xào thật săn trên lửa lớn cho ra bớt mỡ giòn cạnh, Đổ nước mắm ruốc đã lọc vào chảo đun sôi hạ lửa nhỏ liu riu, Nêm đường cát bột ngọt cho vừa miệng dịu vị mặn mòi kho đến khi mắm sệt kẹo bám đều quanh miếng thịt óng vàng","Bữa cơm gia đình hằng ngày đưa cơm, Ngày mưa lạnh giá",Người cao huyết áp kiêng ăn mặn mắm
ca-loc-hap-hanh,Cá lóc hấp hành,Nam,main,"lunch, dinner",20,25,easy,290,24,5,10,1,530,2,80000,140000,light,Cá,"Ngọt thanh tự nhiên, Thơm nồng hành lá",0,3,https://i.ytimg.com/vi/nOcM9SyBDx4/maxresdefault.jpg,Món ăn dân dã thanh nhẹ với cá lóc đồng hấp cách thủy giữ trọn vị ngọt mọng nước hòa quyện cùng hương thơm nồng nàn của thật nhiều hành lá cọng dài.,"Cá lóc đồng ngon: 1 con, Hành lá nguyên cọng: 100g, Gừng tươi xắt sợi: 20g, Hành tây xắt mỏng: 1/2 củ, Nước tương (xì dầu): 2 muỗng canh, Gia vị tiêu muối","Xửng hấp cách thủy lớn, Đĩa bầu dục lớn, Dao khía cá","Cá lóc đồng đánh vảy làm sạch ruột khía các đường chéo nhẹ trên thân cá để thấm vị sát chút muối gừng, Xếp một lớp hành lá cắt khúc dài gừng xắt sợi hành tây xuống đĩa bầu dục đặt cá lóc lên trên, Phủ kín toàn bộ mặt cá bằng phần hành lá nguyên cọng dài còn lại và tưới nước tương dầu hào tiêu xay lên, Đặt đĩa cá vào xửng hấp cách thủy đậy kín nắp hấp lửa lớn trong vòng 20 đến 25 phút đến khi mắt cá trắng trong thịt chín mềm ngọt, Bày đĩa cá lóc hấp hành ra bàn ăn nóng cuốn bánh tráng rau sống bún tươi chấm nước mắm tỏi ớt hoặc nước tương gừng","Bữa ăn thanh đạm dinh dưỡng, Người thích vị ngọt thanh tự nhiên từ cá",Không
hen-xuc-banh-trang-hue,Hến xúc bánh tráng Huế,Trung,main,"lunch, dinner, snack",25,15,easy,310,14,38,9,2,580,1,25000,45000,light,"Hến, Thủy sản","Ngọt bùi, Cay nồng, Thơm rau răm củ nén",2,2,https://encrypted-tbn0.gstatic.com/images?q=tbn:ANd9GcTSByBI1eocO2gf5_CtTeTPBvEHedArofy9aA&s,"Món ăn dân dã đậm tình xứ Huế với thịt hến xào săn thơm lừng củ nén, hành tây, rau răm xộc vị cay ăn cùng bánh đa mè nướng giòn rụm.","Thịt hến tươi luộc: 300g, Bánh đa mè (bánh tráng nướng): 2 cái, Củ nén (hành tăm): 20g, Rau răm: 30g, Hành tây: 1/2 củ, Ớt tươi: 2 quả, Đậu phộng rang: 2 muỗng canh, Sả băm: 1 muỗng canh, Gia vị thông dụng: 1 ít","Chảo xào, Dao, Tô băm, Đĩa lớn","Hến rửa sạch lại nhiều lần để loại bỏ hoàn toàn cát bẩn rồi để ráo nước, Củ nén đập dập hành tây cắt hạt lựu nhỏ rau răm và ớt tươi xắt nhỏ, Đun nóng dầu ăn trên chảo phi thơm củ nén sả băm cho vàng ruộm dậy mùi, Trút thịt hến vào chảo xào nhanh tay trên lửa lớn cho hến săn lại không bị ra nước, Thêm hành tây vào đảo cùng nêm nước mắm hạt nêm bột ngọt và ớt xắt cho vị đậm đà cay nồng, Cho tiếp rau răm xắt nhỏ vào đảo đều trong 1 phút rồi tắt bếp, Múc hến xào ra đĩa rắc đậu phộng rang giã dập và hành phi lên trên mặt, Bẻ nhỏ bánh đa mè nướng dùng để xúc hến xào ăn trực tiếp","Món nhắm bạn bè, Ăn vặt chiều miền Trung nhâm nhi","Người bụng yếu, Người dị ứng với các loại thủy sản sông"
ca-chem-sot-chua-ngot,Cá chẽm sốt chua ngọt,Nam,main,"lunch, dinner",20,20,easy,390,24,16,15,1,670,6,120000,220000,balanced,Cá,"Chua ngọt hài hòa, Giòn rụm bên ngoài, Mềm ngọt bên trong",0,3,https://encrypted-tbn0.gstatic.com/images?q=tbn:ANd9GcSzJJi9M0dsfpxu-wRxsW8KA3YRXiV3L1Hqeg&s,"Món ăn bắt mắt thơm ngon với cá chẽm phi lê chiên xù vàng giòn rụm lớp vỏ, rưới ngập nước sốt cà chua, thơm và ớt chuông mặn ngọt đậm đà hài hòa.","Cá chẽm phi lê lớn: 500g, Cà chua băm: 2 quả, Thơm (dứa) xắt hạt lựu: 50g, Ớt chuông xanh đỏ: 50g, Bột năng áo bánh: 30g, Tỏi băm: 1 muỗng canh, Gia vị đường giấm","Chảo chiên ngập dầu, Chảo làm sốt, Dao xắt hạt lựu, Đĩa lớn","Cá chẽm rửa sạch thấm khô khía hoa trên thịt lăn qua một lớp bột năng mỏng để tạo độ giòn ráp, Đun dầu nóng già trên chảo chiên ngập dầu cá chẽm trên lửa vừa đến khi vỏ ngoài vàng ruộm giòn tan vớt ra đĩa, Phi thơm tỏi băm làm nước sốt gồm cà chua băm thơm ớt chuông xào chín mềm tương cà giấm đường nước mắm đun sôi sánh sệt, Nêm nếm nước sốt cho vừa vị chua ngọt mặn béo cân bằng hài hòa, Rưới đều toàn bộ nước sốt chua ngọt nóng hổi lên khắp thân cá chẽm chiên xù rắc ngò rí tiêu đen","Bữa ăn tiệc liên hoan gia đình, Trẻ em thích vị chua ngọt dễ ăn",Người giảm cân hạn chế đồ chiên rán dầu mỡ
muc-nhay-cua-lo,Mực nhảy Cửa Lò,Trung,main,"lunch, dinner",10,15,easy,260,22,2,8,0,590,1,200000,400000,Keto / Low-carb,"Mực, Hải sản","Ngọt đậm tự nhiên, Giòn sần sật tinh khiết",0,2,https://statics.vinpearl.com/muc-nhay-cua-lo-5_1632752865.jpg,"Đặc sản biển Nghệ An đỉnh cao tinh khiết, những con mực ống vừa câu lên tươi rói nhảy tanh tách đem hấp nháy nhanh gừng sả giòn sần sật ngọt lịm tim.","Mực ống nhảy tươi sống: 500g, Gừng tươi xắt sợi: 30g, Sả cây đập dập: 3 cây, Ớt sừng: 1 quả, Chanh quất làm nước chấm mắm cay","Xửng hấp cách thủy, Bếp lửa lớn nhanh, Dao xắt, Đĩa","Mực nhảy câu lên giữ nguyên độ tươi sống không rửa nước ngọt nhiều làm mất độ giòn ngọt tự nhiên xếp vào xửng hấp, Rải sả cây đập dập gừng tươi xắt sợi và vài lát ớt sừng lên khắp bề mặt mực ống tươi, Đậy kín vung đun lửa cực lớn hấp cách thủy nhanh trong vòng mười phút vừa chín tới để mực không bị teo và giữ độ giòn sật ngọt lịm mọng nước, Pha nước chấm muối tiêu chanh ớt hoặc nước mắm gừng cay nồng đậm đà, Gắp mực nhảy nóng hổi ăn ngay nguyên con tận hưởng vị ngọt đậm đà tinh túy","Người đam mê hải sản cao cấp, Khách du lịch biển Cửa Lò Nghệ An",Người dị ứng hải sản mực
ca-tre-chien-mam-gung,Cá trê chiên mắm gừng,Nam,main,"lunch, dinner",20,20,easy,380,22,6,22,1,640,2,50000,90000,balanced,Cá,"Giòn rụm, Thơm béo, Cay nồng ấm mắm gừng",1,3,https://cdn2.fptshop.com.vn/unsafe/1920x0/filters:format(webp):quality(75)/ca_tre_chien_mam_gung_73a77152b6.jpg,"Món ăn dân dã Nam Bộ đưa cơm với cá trê đồng khía thân chiên ngập dầu giòn tan rôm rốp bên ngoài, thịt trong béo bùi chấm nước mắm gừng cay ấm nồng.","Cá trê đồng tươi: 2 con, Gừng tươi giã nhuyễn: 30g, Nước mắm ngon: 3 muỗng canh, Đường cát: 2 muỗng canh, Ớt tươi giã: 1 muỗng cà phê, Chanh, muối hạt làm sạch cá","Chảo chiên sâu lòng lớn, Đũa, Cối giã mắm gừng, Giấy thấm dầu","Dùng muối hạt giấm tước sạch nhớt cá trê rửa sạch khía vài đường chéo sâu trên thân cá để khi chiên da giòn ráo dầu, Đun nóng ngập dầu ăn trên chảo sâu lòng thả cá trê vào chiên lửa vừa cho chín thấu từ trong ra ngoài, Bật lửa lớn ở những phút cuối cho lớp vỏ da cá phồng rộp giòn tan rôm rốp vàng ruộm vớt ra khay thấm dầu, Pha chén nước mắm gừng đặc sản bằng cách giã mịn gừng tỏi ớt đường hòa cùng nước mắm ngon đậm đặc keo sánh chua cay ấm nồng, Gắp miếng cá trê chiên giòn rụm chấm ngập chén mắm gừng","Bữa cơm gia đình mộc mạc hằng ngày, Ngày mưa lạnh đưa cơm",Người hạn chế chất béo dầu mỡ rán chiên
sa-sung-xao-toi-quang-ninh,Sá sùng xào tỏi Quảng Ninh,Bắc,main,"lunch, dinner",30,10,medium,290,20,4,12,1,520,1,300000,600000,Keto / Low-carb,"Sá sùng, Thủy sản","Ngọt đậm đà, Giòn sần sật, Thơm nức tỏi phi",0,2,https://s7ap1.scene7.com/is/image/aia/sa-sung-la-gi%204?qlt=85&wid=1024&ts=1692258486772&dpr=off,Đặc sản thượng hạng vô giá vùng biển Vân Đồn - Quảng Ninh với sá sùng tươi xào nhanh tay trên lửa lớn cùng tỏi phi giòn ngọt đậm đà quý giá.,"Sá sùng tươi sạch: 300g, Tỏi củ băm lát: 50g, Hành lá: 20g, Tiêu xay đen: 1 muỗng cà phê, Nước mắm ngon: 1 muỗng cà phê, Dầu ăn: 2 muỗng canh","Chảo xào lửa lớn tốc độ, Dao xắt, Đĩa","Lộn trái thân sá sùng tươi rạch dọc rửa thật kỹ dưới vòi nước nhiều lần loại bỏ hoàn toàn cát bẩn trong ruột để ráo, Đun nóng dầu ăn trên chảo lòng sâu phi thơm thật nhiều tỏi băm lát cho vàng ruộm dậy mùi thơm nức, Trút toàn bộ sá sùng tươi sạch vào chảo bật lửa cực lớn xào nhanh tay liên tục trong vòng hai đến ba phút vừa chín tới, Nêm chút nước mắm hạt nêm tiêu đen xay mịn cho giữ trọn vị ngọt đậm đà thanh khiết nguyên bản của sá sùng không làm ra nước, Rắc hành lá xắt khúc đảo đều múc ngay ra đĩa thưởng thức nóng giòn sật bùi ngậy","Bồi bổ sức khỏe phái mạnh phái yếu, Bàn tiệc tiếp khách sang trọng thượng hạng",Người kén ăn hải sản lạ hình dáng đặc biệt
ca-ho-chien-sa-ot,Cá hố chiên sả ớt,Trung,main,"lunch, dinner",15,15,easy,340,22,3,18,1,690,1,40000,80000,balanced,Cá,"Giòn rụm, Đậm đà, Cay nồng sả ớt",2,3,https://encrypted-tbn0.gstatic.com/images?q=tbn:ANd9GcSsN6FVQlWo8JBxdq1wxC--4VYvmAC1yb9l8A&s,"Món cá biển đưa cơm thân thuộc của dải đất miền Trung nắng gió, từng khúc cá hố bản dẹt đượm sả ớt băm muối hạt chiên vàng giòn thơm phức.","Cá hố biển tươi: 500g, Sả cây băm nhuyễn: 3 muỗng canh, Ớt tươi băm: 1 muỗng canh, Tỏi băm: 1 muỗng canh, Muối hạt mịn: 1 muỗng cà phê, Bột ngọt, dầu ăn","Chảo chiên phẳng lòng, Đũa đảo lật, Dao chặt khúc","Cá hố biển cạo sơ lớp phấn bạc rửa sạch chặt khúc dài khoảng ngón tay khía nhẹ ngoài da, Trộn sả ớt tỏi băm nhuyễn với muối mịn bột ngọt chà xát đều lên khắp mình các khúc cá hố để ngấm trong mười lăm phút, Đun nóng dầu ăn trên chảo phẳng lòng hạ lửa vừa thả lần lượt cá hố vào chiên, Chiên từ từ cho sả băm bám quanh thân cá vàng thơm vàng giòn ruộm đều hai mặt thớ thịt chín săn thơm, Vớt cá hố chiên sả ớt ra đĩa dùng nóng giòn rụm bắt vị cùng cơm trắng dưa leo","Bữa cơm gia đình mộc mạc đưa cơm hằng ngày, Ngày mưa bão miền Trung",Trẻ em nhỏ kiêng ăn cay sả ớt nhiều
goi-ca-me-bac-giang,Gỏi cá mè Bắc Giang,Bắc,main,"lunch, dinner",45,20,hard,310,22,14,12,3,620,2,100000,200000,balanced,"Cá, Mè","Chua chát, Ngọt bùi, Cay nồng nàn",2,4,https://encrypted-tbn0.gstatic.com/images?q=tbn:ANd9GcQBR5udlLEma1FDTHD1dpEv2yOCflbGTll6pA&s,"Món ăn cầu kỳ nổi tiếng Bắc Giang với thịt cá mè tươi làm sạch kỹ, thái mỏng trộn thính, ăn kèm hàng chục loại lá rừng và nước chẻo đặc sánh béo bùi.","Cá mè sông tươi: 1kg, Thính gạo nếp: 100g, Riềng tươi giã: 50g, Mẻ chua: 3 muỗng canh, Gan heo: 50g, Lá rừng ăn kèm đinh lăng lá sung: 200g, Gia vị: tỏi, ớt, sả","Dao sắc lọc cá, Cối giã, Nồi nấu chẻo, Mẹt tre","Làm sạch cá mè bằng nước cốt chanh để khử tanh, Lọc lấy phi lê thịt cá rồi dùng giấy thấm thật khô ráo, Thái lát thịt cá mỏng vừa ăn rồi trộn đều với thính gạo nếp rang và riềng giã, Làm nước chẻo chấm bằng cách xay nhỏ xương cá mè gan heo nấu cùng mẻ chua tỏi ớt và mật mía đun sánh đặc, Bày thịt cá ra mẹt cùng rổ lá rừng, Cuốn cá vào lá rừng múc chẻo nóng tưới lên rồi ăn","Người thích ăn đồ cuốn lá rừng, Tiệc tiếp khách","Phụ nữ mang thai, Người bụng yếu kiêng đồ sống"
ca-ngu-kho-thom,Cá ngừ kho thơm,Trung,main,"lunch, dinner",15,40,easy,360,28,10,14,1,890,5,40000,80000,balanced,Cá biển,"Chua ngọt đậm đà, Cay nhẹ",1,3,https://cdn.hstatic.net/files/200000700229/article/ca-ngu-kho-thom-1_cd0f478a65ea40ae9505254ca7ffb511.jpg,Món cá kho đậm đà đưa cơm miền Trung với thịt cá ngừ đại dương săn chắc quyện vị chua ngọt tự nhiên của thơm và cà chua.,"Cá ngừ đại dương cắt lát: 500g, Thơm (dứa): 1/2 quả, Cà chua: 2 quả, Nước dừa tươi: 400ml, Hành tím, tỏi băm: 2 muỗng canh, Nước mắm ngon: 3 muỗng canh, Ớt tươi, gia vị","Chảo rán, Nồi kho, Dao","Cá ngừ rửa sạch ngâm nước muối loãng vớt ra thấm khô rồi đem chiên sơ hai mặt cho săn thịt, Cắt thơm thành miếng mỏng vừa ăn và cắt múi cau cà chua, Phi thơm hành tỏi băm rồi cho cà chua và thơm vào xào mềm, Xếp cá ngừ đã chiên vào nồi cùng thơm cà chua đổ nước dừa tươi vào ngập mặt, Nêm nước mắm đường hạt nêm và ớt tươi vào kho liu riu trên lửa nhỏ đến khi nước kho cạn sánh sệt thấm vị",Bữa cơm gia đình hằng ngày đưa cơm,Người cần kiêng mặn
reu-da-nuong-ha-giang,Rêu đá nướng Hà Giang,Bắc,main,"lunch, dinner",30,20,medium,180,6,12,8,4,450,0,30000,60000,Keto / Low-carb,Không,"Thơm nồng thảo mộc, Bùi ngậy",1,2,https://motortrip.vn/wp-content/uploads/2023/03/reu-nuong-ha-giang11.jpg,"Món ăn độc đáo của người Tày vùng cao Hà Giang, rêu non vớt từ suối đá sạch đem đập nhào gia vị thảo mộc rồi nướng lá dong thơm nức.","Rêu đá non tươi suối sạch: 500g, Hạt mắc khén giã nhỏ: 1 muỗng cà phê, Sả băm nhuyễn: 2 muỗng canh, Hành tăm: 10 củ, Lá dong non sạch: 5 lá, Lạt tre buộc: 5 sợi, Muối bột ngọt","Thớt đập rêu, Vỉ nướng tre, Bếp than hoa","Rêu đá suối đem vớt về xả nước nhiều lần rồi dùng chày gỗ đập nhẹ trên thớt để loại bỏ hoàn toàn cát sỏi, Nhào bóp kỹ rêu với sả băm nhuyễn hành tăm hạt mắc khén muối và bột ngọt cho thấm đều, Trải lá dong sạch ra xếp phần rêu đá nhào gia vị vào giữa gói vuông vắn lại, Buộc chặt gói rêu bằng lạt tre rồi kẹp vào vỉ tre, Nướng vỉ rêu trên bếp than hồng xoay lật liên tục đến khi lá dong ngoài cháy sém dậy mùi thơm nức","Khám phá đặc sản vùng cao, Món ăn chay thanh sạch",Người kén ăn hương vị thảo mộc lạ
ca-phen-chien-gion,Cá phèn chiên giòn,Trung,main,"lunch, dinner",15,15,easy,320,22,4,18,0,510,0,40000,80000,balanced,Cá biển,"Giòn rụm rôm rốp, Béo bùi, Ngọt tự nhiên",0,3,https://haisan.online/wp-content/uploads/2022/01/ca-phen-chien-18.jpg,"Món cá biển bình dân giòn rụm với những con cá phèn hồng nhỏ xinh làm sạch, chiên ngập dầu giòn tan cả xương, chấm nước mắm tỏi ớt.","Cá phèn hồng tươi nhỏ: 500g, Tỏi băm phi: 1 muỗng canh, Muối tinh: 1 muỗng cà phê, Tiêu xay: 1/2 muỗng cà phê, Dầu ăn chiên: 300ml, Nước mắm tỏi ớt chanh đường","Chảo chiên sâu lòng, Đũa, Giấy thấm dầu","Cá phèn đánh vảy mổ bỏ ruột mang rửa sạch với nước muối loãng khía nhẹ thân cá rồi để ráo nước, Ướp cá phèn với chút muối tinh tỏi băm và tiêu xay trong mười lăm phút cho săn chắc thịt, Đun nóng ngập dầu ăn trên chảo sâu lòng lửa lớn, Thả lần lượt cá phèn vào chiên hạ lửa vừa đun từ từ cho chín thấu từ trong ra ngoài, Bật lửa lớn ở phút cuối cho vỏ ngoài phồng giòn tan rôm rốp ráo dầu vớt ra đĩa","Bữa cơm gia đình ngày mưa, Trẻ em thích ăn cá giòn",Người cần kiêng đồ dầu mỡ chiên rán nhiều
xoi-tram-cao-bang,Xôi trám Cao Bằng,Bắc,main,"breakfast, lunch, dinner",45,45,medium,420,6,65,11,2,280,1,20000,40000,balanced,Không,"Bùi ngậy béo, Thơm nếp nương hoang dã, Chát nhẹ đầu lưỡi",0,3,https://cdn.tgdd.vn/2021/02/CookProduct/thumb1-1200x676-6.jpg,"Món xôi màu tím hồng mộc mạc đặc sản Cao Bằng, gạo nếp nương đồ chín trộn đều cùng thịt quả trám đen bùi béo dồi dào hương vị núi rừng.","Gạo nếp cái hoa vàng hoặc nếp nương: 500g, Quả trám đen nếp tươi: 300g, Hành tím băm: 2 muỗng canh, Dầu ăn hoặc mỡ heo: 2 muỗng canh, Muối tinh","Nồi đồ xôi chõ hấp, Tô lớn, Chảo xào thịt trám","Gạo nếp nương đem vo sạch ngâm qua đêm từ sáu đến tám tiếng rồi vớt ra để ráo, Trám đen đem om với nước ấm khoảng sáu mươi độ đến khi mềm tách lấy phần thịt quả bỏ hạt, Phi thơm hành tím băm với mỡ heo trút thịt trám vào xào săn nêm chút muối cho đậm đà, Đồ chín gạo nếp trong chõ hấp cách thủy thành xôi dẻo quánh trắng tinh, Trút xôi nóng ra tô lớn cho thịt trám xào vào dùng đũa đánh đều nhẹ tay liên tục đến khi xôi nhuộm màu tím hồng óng ả quyện bùi béo","Bữa sáng ấm áp, Lễ hội truyền thống vùng cao",Người kiêng đồ nếp dẻo dính khó tiêu
tom-rim-top-mo,Tôm rim tóp mỡ,Nam,main,"lunch, dinner",15,15,easy,390,20,6,24,0,780,4,45000,90000,balanced,"Tôm, Hải sản","Mặn ngọt đậm đà, Béo ngậy, Giòn rụm tóp mỡ",1,3,https://i.ytimg.com/vi/DE73T554A5Y/maxresdefault.jpg,"Món ăn cực kỳ bắt cơm với tôm sông tươi rim kẹo sốt mắm đường mặn mặn ngọt ngọt, kết hợp tóp mỡ heo giòn rụm béo ngậy.","Tôm đất tươi hoặc tôm sông: 300g, Mỡ gáy heo xắt hạt lựu lớn: 150g, Hành tím, tỏi băm: 2 muỗng canh, Nước mắm ngon: 3 muỗng canh, Đường cát: 2 muỗng canh, Hành lá xắt nhỏ, tiêu","Chảo lòng sâu, Đũa đảo, Vá lọc","Mỡ gáy heo rửa sạch thái hạt lựu lớn đem rán trên chảo cho ra hết mỡ vớt phần tóp mỡ giòn rụm ra để riêng, Tôm đất cắt bớt râu chân rửa sạch để ráo nước xóc chút gia vị tiêu, Phi thơm hành tỏi băm với mỡ heo trút tôm vào xào săn trên lửa lớn cho vỏ tôm chuyển màu đỏ cam, Đổ nước mắm đường tiêu vào chảo rim nhỏ lửa liu riu đến khi nước sốt keo sánh bám quanh tôm, Trút phần tóp mỡ giòn và hành lá xắt nhỏ vào đảo thật nhanh tay trong một phút rồi tắt bếp múc ra đĩa",Bữa cơm gia đình dồi dào dinh dưỡng hằng ngày,Người thừa cân béo phì kiêng mỡ chất béo nhiều
che-ba-ba,Chè bà ba,Nam,snack,snack,30,30,medium,340,4,58,10,3,180,22,15000,25000,vegetarian,Nước cốt dừa,"Ngọt ngào béo ngậy, Bùi bùi khoai sắn",0,4,https://monngonmoingay.com/wp-content/uploads/2019/02/che-ba-ba-500.jpg,"Món chè thập cẩm Nam Bộ thơm lừng béo ngậy vị nước cốt dừa dồi dào các loại khoai lang, khoai mì, hạt sen, đậu xanh và phổ tai sần sật.","Khoai lang, khoai mì (sắn): 200g, Đậu xanh không vỏ: 50g, Hạt sen: 50g, Nước cốt dừa đậm đặc: 300ml, Đường phèn: 150g, Phổ tai xắt sợi bún tàu: 20g, Lá dứa","Nồi nấu chè lớn, Dao xắt khối, Vá múc","Khoai lang khoai mì gọt vỏ ngâm nước thái khối vuông vừa ăn đậu xanh hạt sen ngâm nở luộc chín tới, Phổ tai ngâm nở xắt khúc bún tàu ngâm mềm cắt ngắn, Đun sôi nồi nước cùng lá dứa cho thơm trút khoai mì khoai lang vào nấu chín mềm, Cho tiếp đậu xanh hạt sen luộc và đường phèn vào nấu nhỏ lửa cho ngấm vị ngọt dịu, Đổ nước cốt dừa đậm đặc vào khuấy nhẹ tay nấu sôi liu riu nêm chút muối cho đậm đà ngọt béo, Cho phổ tai bún tàu vào đảo đều trong một phút rồi tắt bếp múc ra chén ăn nóng hoặc lạnh","Ăn vặt xế chiều ngọt ngào giải nhiệt, Người ăn chay","Người tiểu đường tăng đường huyết, Người kiêng đồ béo"
tom-lan-bot-chien-xu,Tôm lăn bột chiên xù,Nam,main,"lunch, dinner, snack",15,15,easy,380,18,32,16,1,540,1,60000,120000,balanced,"Tôm, Hải sản, Bột mì, Trứng","Giòn tan rôm rốp, Ngọt thịt tôm, Thơm béo bột rán",0,3,https://encrypted-tbn0.gstatic.com/images?q=tbn:ANd9GcRM8v2PhI0DuK5i2UX7rOc7cdlkLvNlaWeBXw&s,Món khai vị quen thuộc được trẻ em yêu thích với những con tôm lột vỏ lăn qua lớp bột mì bột chiên xù rôm rốp giòn tan chấm tương cà sốt mayo.,"Tôm sú hoặc tôm thẻ lớn: 300g, Bột mì pha sẵn: 50g, Trứng gà: 1 quả, Bột chiên xù: 100g, Dầu ăn chiên: 300ml, Tiêu muối gia vị","Chảo chiên ngập dầu, Kẹp gắp, Ba tô đựng bột","Tôm tươi lột bỏ vỏ rút chỉ đen chừa lại phần đuôi tôm xẻ nhẹ dọc lưng đem xóc chút tiêu muối hạt nêm, Đập trứng gà khuấy tan trong một bát chuẩn bị bột mì và bột chiên xù ra hai bát riêng biệt, Cầm đuôi tôm lăn đều qua bát bột mì tiếp tục nhúng vào bát trứng gà rồi lăn phủ kín bột chiên xù, Đun nóng dầu ăn ngập chảo sâu lòng lửa lớn thả lần lượt tôm lăn bột vào chiên trên lửa vừa, Chiên đến khi lớp vỏ bánh vàng giòn ruộm đều đặn vớt ra khay thấm ráo dầu bày ra đĩa ăn chấm tương cà","Trẻ nhỏ yêu thích đồ rán giòn, Món khai vị liên hoan",Người béo phì kiêng ăn nhiều dầu mỡ đồ chiên
che-thung,Chè thưng,Nam,snack,snack,30,30,medium,320,5,52,9,3,150,20,15000,25000,vegetarian,Nước cốt dừa,"Ngọt béo bùi dồi dào, Thơm dứa ngậy",0,4,https://encrypted-tbn0.gstatic.com/images?q=tbn:ANd9GcRl2_sFLfMK4cksoL8A3di92MkgETMgJGYQuw&s,"Món chè mộc mạc Nam Bộ nấu từ đậu xanh hạt, mộc nhĩ, khoai lang, bột khoai bột báng dai dẻo dồi dào bùi béo quyện nước cốt dừa thơm nức.","Đậu xanh nguyên hạt ngâm nở: 100g, Đậu phộng hạt: 50g, Khoai lang xắt khối: 100g, Mộc nhĩ xắt sợi bún tàu: 20g, Bột khoai bột báng: 30g, Nước cốt dừa: 250ml, Đường phèn: 120g, Lá dứa","Nồi nấu chè, Vá khuấy, Dao","Ngâm nở đậu xanh đậu phộng bột khoai bột báng qua đêm luộc mềm đậu xanh đậu phộng hạt để riêng mộc nhĩ xắt sợi, Đun sôi nồi nước với lá dứa thả khoai lang xắt khối vào nấu chín mềm tới, Cho tiếp đậu xanh đậu phộng hạt luộc bột khoai bột báng vào đun sôi cho bột trong suốt dẻo, Trút đường phèn mộc nhĩ xắt sợi vào nồi khuấy nhẹ lửa nhỏ cho ngấm ngọt đậm dịu, Đổ toàn bộ nước cốt dừa béo đặc vào nồi nêm chút muối nấu sôi bùng nhẹ trở lại rồi tắt bếp múc ra chén","Ăn vặt xế chiều bồi bổ bùi béo, Người ăn chay",Người tiểu đường cần ăn kiêng ngọt
tom-hap-nuoc-dua,Tôm hấp nước dừa,Nam,main,"lunch, dinner",10,15,easy,290,24,4,6,0,590,2,80000,150000,Keto / Low-carb,"Tôm, Hải sản","Ngọt thanh khiết tự nhiên, Thơm hương dừa dồi dào",0,2,https://i-giadinh.vnecdn.net/2025/04/24/vnexpress-tom-hap-nuoc-dua-5-1-7597-9586-1745488625.jpg,"Món ăn sang trọng bày đĩa quả dừa tươi bắt mắt, tôm sú hầm luộc chín trong nước dừa xiêm ngọt lịm tự nhiên giữ trọn độ mọng dẻo ngon thịt.","Tôm sú tươi lớn: 400g, Nước dừa xiêm tươi: 1 quả, Hành tím đập dập: 2 củ, Muối hạt tinh: 1 ít, Xà lách dưa leo bày đĩa, Nước chấm muối tiêu chanh","Nồi luộc sâu lòng, Dao gọt quả dừa, Đĩa tròn lớn","Tôm sú cắt bớt râu rửa sạch giữ nguyên vỏ cứng ráo nước quả dừa chặt phẳng miệng lấy phần nước dừa tươi để riêng, Đổ nước dừa tươi vào nồi sâu lòng cùng hành tím đập dập và một chút muối tinh đun sôi sùng sục, Thả nhẹ nhàng toàn bộ tôm sú vào nồi nước dừa sôi luộc hấp nhanh trong vòng năm đến bảy phút trên lửa lớn, Khi tôm vừa chín tới chuyển màu đỏ cam vòng tròn căng mọng nước ngọt vớt ra ngay, Xếp tôm móc đều quanh miệng quả dừa rỗng bày biện đẹp mắt tưới chút nước cốt dừa hấp ấm nóng lên tôm chấm muối tiêu","Khai vị bàn tiệc gia đình, Thực đơn Keto dinh dưỡng thanh nhẹ",Người dị ứng tôm hải sản nặng
che-troi-nuoc,Chè trôi nước,Nam,snack,snack,40,20,medium,360,5,68,7,2,120,24,10000,20000,vegetarian,"Mè, Nước cốt dừa","Ngọt đậm đà, Dẻo dính bùi, Cay ấm nồng vị gừng",0,3,https://file.hstatic.net/200000721249/file/cach_lam_che_troi_nuoc_truyen_thong_cdce03913e29486ea04199f58dcdd017.jpg,"Món chè cúng Tết Hàn Thực quen thuộc, viên bánh nếp tròn vo dẻo dính nhân đậu xanh bùi béo hầm trong nước đường gừng cay nồng ấm rắc mè trắng mỡ hành.","Bột gạo nếp ngon: 300g, Đậu xanh tách vỏ: 150g, Đường thẻ hoặc đường phèn: 150g, Gừng tươi thái sợi gừng giã: 30g, Mè trắng rang chín: 1 muỗng canh, Muối","Nồi luộc bánh, Nồi nấu nước đường gừng, Tô trộn bột nhào","Đậu xanh ngâm nở hấp chín giã nhuyễn sên với chút đường muối vo thành viên nhân nhỏ, Nhào kỹ bột nếp với nước ấm thành khối bột dẻo dính mịn màng chia viên to ấn dẹt, Cho nhân đậu xanh vào lòng miếng bột nếp khéo léo bọc kín vo tròn vo khít khao không để hở khí, Đun sôi nồi nước thả các viên bánh trôi vào luộc chín đến khi bánh nổi lên mặt nước vớt ra ngâm nước lạnh, Nấu nồi nước đường phèn với gừng tươi thái sợi đun sôi liu riu thả bánh trôi nước vào đun nhỏ lửa mười phút cho ngấm ngọt, Múc ra bát rưới nước đường gừng nóng rắc mè rang và cốt dừa","Ngày Tết Đoan Ngọ Hàn Thực, Người thích ăn đồ dẻo ngọt ấm vị gừng","Người tiểu đường tăng đường huyết, Người kiêng tinh bột nếp dính"
muc-ong-nhoi-thit-chien-gion,Mực ống nhồi thịt chiên giòn,Nam,main,"lunch, dinner",25,20,medium,410,24,10,22,1,720,2,80000,150000,balanced,"Mực, Hải sản, Trứng","Giòn rụm bên ngoài, Ngọt đậm đà mọng nước bên trong",0,3,https://encrypted-tbn0.gstatic.com/images?q=tbn:ANd9GcSFLkp3-8AfzkrzVvSaV5vJdjm9rN4FqV5d9g&s,Món ngon bắt mắt hao cơm với mực ống tươi nhồi chặt nhân thịt heo băm mộc nhĩ tiêu sọ hầm hấp sơ rồi chiên ngập dầu giòn tan vàng ruộm thơm phức.,"Mực ống tươi lớn nguyên con: 3 con, Thịt nạc dăm băm: 200g, Mộc nhĩ bún tàu ngâm nở: 20g, Hành tím băm nhuyễn: 1 muỗng canh, Tiêu sọ xay: 1 muỗng cà phê, Gia vị mắm muối dầu ăn","Xửng hấp sơ, Chảo chiên sâu lòng ngập dầu, Tăm tre ghim mực, Dao thái khoanh","Mực ống làm sạch giữ nguyên thân ống rửa rượu gừng khử mùi hôi tách đầu ráo nước, Trộn định lượng nhân thịt băm mộc nhĩ bún tàu hành tím băm tiêu sọ gia vị muối đường làm nhân, Khéo léo dồn nhân thịt vào lòng thân mực ống đừng dồn quá chặt nhét đầu mực vào dùng tăm tre ghim cố định miệng mực, Cho các thân mực nhồi thịt vào xửng hấp cách thủy mười phút cho nhân chín tái se lại không bị bung nứt khi chiên, Đun nóng ngập dầu ăn trên chảo sâu lòng thả mực nhồi vào chiên lửa vừa cho đến khi da mực vàng ruộm giòn tan thơm phức, Vớt ra ráo dầu xắt khoanh tròn dày vừa bày đĩa","Bữa tiệc liên hoan gia đình, Đổi vị đưa cơm hằng ngày dồi dào đạm","Người mỡ máu cao kiêng đồ dầu mỡ chiên rán nhiều, Người dị ứng mực"
che-sam-bo-luong,Chè sâm bổ lượng,Nam,snack,snack,40,30,medium,280,3,62,1,4,90,18,20000,35000,vegetarian,Không,"Ngọt thanh mát khiết, Bùi bùi dai dẻo",0,4,https://www.btaskee.com/wp-content/uploads/2021/08/Sam-bo-luong.jpg,"Món chè giải nhiệt huyền thoại gốc Hoa của Sài Gòn, nước chè ngọt thanh khiết đường phèn nấu cùng bo bo, nhãn nhục, hạt sen, củ năng và rong biển sần sật.","Hạt sen tươi: 50g, Nhãn nhục khô: 30g, Củ năng tươi: 100g, Hạt bo bo luộc chín: 50g, Táo đỏ khô: 10 quả, Phổ tai xắt sợi, Rong sụn: 20g, Đường phèn hạt son: 120g","Nồi nấu lớn, Vá múc, Dao thái củ năng","Ngâm nở hạt sen bo bo nhãn nhục phổ tai củ năng gọt vỏ cắt miếng nhỏ luộc chín mềm hạt sen bo bo để riêng, Đun sôi nồi nước lọc cho củ năng tươi táo đỏ khô hạt sen vào hầm nhỏ lửa mười lăm phút cho ra vị ngọt bùi, Trút đường phèn hạt son vào đun tan đều thanh khiết cho nhãn nhục khô bo bo luộc vào đun cùng thêm ba phút giữ độ giòn nhãn, Tắt bếp thả phổ tai xắt sợi và rong sụn ngâm giòn lạnh vào đảo đều nhẹ tay tránh rong bị tan ra nước, Múc chè ra ly thêm đá bào mát lạnh tận hưởng vị thanh mát","Món ăn vặt giải nhiệt mùa hè oi bức, Người ăn chay thanh lọc cơ thể",Người tiểu đường
muc-trung-hap-gung,Mực trứng hấp gừng,Trung,main,"lunch, dinner",15,12,easy,310,24,4,12,0,680,1,100000,180000,Keto / Low-carb,"Mực, Hải sản","Ngọt béo bùi dồi dào từ trứng mực, Cay ấm nồng nàn hương gừng",1,2,https://cdn2.fptshop.com.vn/unsafe/1920x0/filters:format(webp):quality(75)/muc_trung_hap_gung_1_6a233745c3.jpg,Món ăn hải sản hấp dẫn với mực trứng tươi rói ôm bầu trứng béo bùi dồi dào dinh dưỡng hầm hấp cách thủy cùng gừng sợi hành lá cay nồng ngọt lịm thịt giòn.,"Mực trứng tươi ôm sữa chín: 400g, Gừng tươi thái sợi chỉ: 30g, Hành lá nguyên cọng cắt khúc: 50g, Ớt sừng xắt lát: 1 quả, Nước mắm gừng cay ngọt để chấm, Muối rượu khử mùi","Xửng hấp cách thủy lớn, Đĩa lòng sâu đựng mực, Dao xắt","Mực trứng rửa thật nhẹ tay tránh làm vỡ bầu trứng sữa bên trong ngâm sơ rượu gừng rửa sạch để ráo nước xếp ra đĩa lòng sâu sạch, Rải đều khắp mặt đĩa mực phần gừng tươi thái sợi chỉ hành lá nguyên cọng xắt khúc dài và vài lát ớt sừng cay nhẹ, Đặt đĩa mực vào xửng hấp cách thủy đậy thật kín vung đun lửa cực lớn bốc hơi mạnh hông chín mực trong vòng mười đến mười hai phút, Khi mực căng tròn mọng mượt thớ thịt trắng giòn sữa trứng chín béo bùi tắt bếp nhấc ra, Thưởng thức nóng hổi chấm ngập chén mắm gừng","Thực đơn tiệc hải sản dinh dưỡng, Chế độ ăn Keto nhiều đạm ít béo",Người dị ứng hải sản và mực tươi
che-chuoi-nuong,Chè chuối nướng,Nam,snack,snack,30,20,medium,340,3,64,8,2,140,22,15000,25000,vegetarian,"Nước cốt dừa, Đậu phộng","Ngọt ngào béo ngậy cực hạn, Thơm phức chuối nướng, Dai dẻo bột nếp",0,2,https://statics.vinpearl.com/che-chuoi-nuong-da-nang-2_1666024716.jpeg,"Món ăn vặt đường phố nổi tiếng Nam Bộ, quả chuối sứ bọc xôi nếp dẻo quấn lá chuối nướng bếp than vàng giòn thơm nức, chan ngập nước cốt dừa bột báng béo ngậy.","Chuối sứ chín ngọt muồi: 4 quả, Gạo nếp ngon đồ xôi: 200g, Nước cốt dừa đặc: 250ml, Đường cát phèn: 100g, Bột báng dẻo luộc chín: 20g, Lá chuối gói nướng, Đậu phộng giã","Bếp nướng than hoa hoặc vỉ nướng, Nồi nấu cốt dừa, Màng bọc ép xôi bột nếp","Gạo nếp đồ chín thành xôi nếp dẻo trộn chút cốt dừa và đường cán mỏng thành các tấm nếp vuông bọc kín quả chuối sứ lột vỏ bên trong, Quấn chặt quanh viên chuối nếp các lớp lá chuối tươi sạch cố định chắc chắn, Đặt các cuộn chuối lên bếp than hoa nướng lửa nhỏ liu riu cho lá chuối cháy xém giòn phồng se dẻo lớp vỏ nếp vàng ươm thơm phức, Nấu nồi nước cốt dừa bột báng với đường và chút xíu muối hạt cho sánh sệt béo ngậy thơm dứa, Dùng kéo cắt chuối nướng chín giòn thành khoanh vừa ăn ra đĩa rưới ngập nước cốt dừa bột báng rắc đậu phộng rang giã dập ăn nóng","Ăv vặt xế chiều ngày mưa mát mẻ Nam Bộ, Tín đồ mê cốt dừa béo ngọt","Người tiểu đường, Người cần cắt giảm calo mỡ tinh bột"
ngheu-hap-sa-ot,Nghêu hấp sả ớt,Nam,main,"lunch, dinner, snack",15,10,easy,210,18,5,4,1,680,2,40000,80000,light,"Nghêu, Hải sản","Chua cay ngọt thanh, Thơm nồng sả",2,2,https://cdn.tgdd.vn/Files/2020/06/29/1266322/cach-lam-ngao-hap-sa-ot-dam-da-nong-hoi-ca-nha-me-tit-202006291324239176.jpg,"Món hải sản vỉa hè quen thuộc cay nồng ấm áp, thịt nghêu chín tới ngọt mọng nước tự nhiên hòa quyện tinh tế cùng nước súp sả ớt đậm đà giải cảm.","Nghêu tươi sạch: 1kg, Sả cây cắt khúc: 5 nhánh, Ớt tươi xắt lát: 3 quả, Nước cốt tắc: 2 muỗng canh, Đường cát: 1 muỗng canh, Gia vị thông dụng: 1 ít","Nồi hấp sâu lòng, Dao xắt, Vá múc","Ngâm nghêu vào nước vo gạo kèm vài lát ớt cắt trong 1 tiếng để nhả sạch cát bụi bên trong vỏ rồi rửa sạch, Xếp sả cây đập dập cắt khúc và một nửa phần ớt tươi xuống đáy nồi sâu lòng, Trút toàn bộ nghêu sạch vào nồi thêm nước cốt tắc đường muối hạt và chút nước lọc sâm sấp mặt, Đậy thật kín vung nồi bật lửa lớn hấp cách thủy nghêu liên tục từ 5 đến 7 phút cho nghêu há miệng hoàn toàn, Múc nghêu và nước hấp nóng hổi ra tô rắc thêm vài lát ớt tươi ăn ngay lúc còn bốc khói chấm nước mắm tắc","Họp mặt bè bạn xế chiều ăn vặt, Ngày mưa gió se lạnh bồi bổ giải cảm","Người bị bệnh gout, Người dị ứng hải sản vỏ cứng"
che-hot-ga-tra,Chè hột gà trà,Nam,snack,snack,20,60,medium,290,7,48,6,1,120,22,15000,30000,vegetarian,Trứng,"Ngọt thanh dịu, Đắng nhẹ, Thơm nồng mùi trà tàu",0,1,https://encrypted-tbn0.gstatic.com/images?q=tbn:ANd9GcRGgDjt5SMsmaeWQc52Vaz0ApQV_0oj0XfswQ&s,"Món chè bồi bổ sức khỏe độc đáo của người Hoa Chợ Lớn với trứng gà hầm liu riu trong nước hồng trà đen óng, ngọt thanh đắng nhẹ thanh lọc cơ thể.","Trứng gà tươi ngon: 4 quả, Trà đen (hồng trà tàu): 30g, Thảo quả nướng thơm: 1 quả, Trần bì (vỏ quýt khô): 5g, Đường phèn hạt son: 150g, Nước lọc","Nồi hầm nhỏ dầy, Vá múc chè, Tô hãm trà, Dao","Luộc chín trứng gà tươi trong nước sôi khoảng mười phút rồi vớt ra bóc sạch vỏ khéo léo tránh làm rách lòng trắng, Hãm trà đen tàu với nước sôi trong mười lăm phút gạn lấy phần nước cốt trà thơm đậm đà bỏ bã trà, Đun sôi nước trà cốt cùng đường phèn hạt son thảo quả nướng thơm và trần bì cho dậy hương vị ngọt đắng hài hòa, Thả nhẹ nhàng từng quả trứng gà luộc sạch vào nồi nước trà đun lửa thật nhỏ liu riu, Hầm liên tục trong vòng 1 tiếng để trứng gà ngấm đều màu đen bóng óng ả và thớ thịt lòng trắng dẻo bùi, Múc trứng kèm nước chè trà đen nóng hổi ra chén thưởng thức thanh mát cơ thể","Người cần bồi bổ phục hồi sức khỏe, Người đam mê ẩm thực chè Hoa truyền thống","Bệnh nhân tiểu đường tăng đường huyết, Người có lượng cholesterol cao cần kiêng lòng đỏ"
so-huyet-chay-toi,Sò huyết cháy tỏi,Nam,main,"lunch, dinner, snack",20,10,easy,320,20,8,18,1,710,2,60000,120000,balanced,"Sò huyết, Hải sản","Đậm đà mặn ngọt, Thơm nức bơ tỏi phi vàng, Béo bùi",1,2,https://nghebep.com/wp-content/uploads/2018/07/so-huyet-xao-toi.jpg,"Món nhậu hấp dẫn đỉnh cao đường phố Sài Gòn với sò huyết tươi ngọt mọng máu, xào lăn nhanh tay đượm sốt mắm đường kẹo sánh và ngập tỏi phi bơ thơm nức.","Sò huyết tươi sống mập mạp: 500g, Tỏi củ băm nhuyễn: 50g, Bơ lạt làm bánh: 1 muỗng canh, Nước mắm ngon đặc sản: 2 muỗng canh, Đường cát: 1 muỗng canh, Dầu ăn, rau răm tiêu","Chảo xào lớn lòng sâu, Đũa đảo xào nhanh, Bàn chải nhỏ chà vỏ","Dùng bàn chải nhỏ chà thật sạch lớp bùn đất bám chặt ngoài vỏ sò huyết xả dưới vòi nước nhiều lần cho sạch ráo, Phi thơm thật nhiều tỏi băm nhuyễn trên chảo dầu nóng đến khi vàng ruộm giòn tan vớt một nửa tỏi phi ra đĩa riêng, Cho bơ lạt vào chảo đun nóng chảy thơm lừng trút toàn bộ sò huyết tươi sạch vào chảo bật lửa cực lớn, Cho hỗn hợp nước mắm ngon đường cát tiêu xay vào đảo đều tay liên tục xào lăn nhanh trong vòng 3 đến 5 phút, Khi sò huyết vừa há miệng nhẹ chín tái mọng nước thịt ngọt lịm trút phần tỏi phi giòn còn lại vào đảo đều tắt bếp, Múc sò huyết cháy tỏi bơ ra đĩa sâu lòng trang trí rau răm ăn nóng kèm muối tiêu chanh","Tụ tập ăn đêm quán ốc bạn bè nhâm nhi, Người thích ăn hải sản béo ngậy thơm tỏi phi","Phụ nữ đang mang thai, Người bụng yếu hệ tiêu hóa nhạy cảm đồ tái sống"
banh-pia-soc-trang,Bánh pía Sóc Trăng,Nam,snack,snack,60,30,hard,420,8,62,16,2,150,32,50000,150000,balanced,"Bột mì, Trứng muối","Ngọt đậm đà, Thơm nức sầu riêng tự nhiên, Bùi béo ngậy",0,4,https://media.thuonghieucongluan.vn/uploads/2025/03/09/banh-pia-ngon-8-1741477298.jpg,"Niềm tự hào ẩm thực Sóc Trăng với lớp vỏ bột mì cán mỏng tang xếp lớp đồng tâm tinh tế, ôm trọn nhân đậu xanh, sầu riêng chín muồi và trứng muối béo ngậy.","Bột mì ngon làm vỏ: 300g, Sầu riêng tươi băm nhuyễn: 150g, Đậu xanh tách vỏ hấp chín nhuyễn: 150g, Lòng đỏ trứng muối: 4 quả, Đường cát phèn, mỡ heo xắt hạt lựu","Lò nướng bánh chuyên dụng, Cây cán bột gỗ, Khay phẳng, Cọ phết lòng đỏ","Nhào trộn bột mì bột năng tạo hai phần bột nước và bột dầu riêng biệt cán chồng xếp nhiều lớp để tạo vỏ bánh pía xốp tầng, Đậu xanh hấp chín giã mịn đem sên trên chảo dày cùng đường cát và sầu riêng băm nhuyễn đến khi khối nhân dẻo quánh bùi béo, Lòng đỏ trứng muối rửa sạch ngâm rượu gừng đem nướng chín sơ qua làm nhân tâm bánh, Chia bột vỏ thành các viên cán mỏng đặt nhân đậu xanh sầu riêng và lòng đỏ trứng muối vào giữa bọc kín vo tròn dẹt, Xếp bánh pía vào khay nướng ở nhiệt độ 180 độ C trong mười lăm phút lấy ra lật mặt bánh phết mỏng lòng đỏ trứng gà, Cho bánh pía trở lại lò nướng thêm mười phút đến khi lớp vỏ chín vàng óng dậy mùi thơm nức sầu riêng","Quà biếu đặc sản trang trọng dịp lễ Tết, Người thích ăn ngọt béo thưởng trà chiều","Bệnh nhân tiểu đường tăng đường huyết nặng, Người béo phì kiêng ngọt mỡ động vật"
so-huyet-nuong-moi,Sò huyết nướng mọi,Nam,main,"lunch, dinner, snack",15,5,easy,240,18,4,6,0,590,0,50000,100000,Keto / Low-carb,"Sò huyết, Hải sản","Ngọt đậm đà nguyên bản mọng nước, Thơm nức mũi mùi nướng",0,2,https://encrypted-tbn0.gstatic.com/images?q=tbn:ANd9GcT9y9k4YqZY1U6DgJMnyaeDc3nD-P9hrslEBQ&s,"Món ăn mộc mạc nguyên bản giữ trọn vẹn vị ngọt ngào tinh túy mọng nước của sò huyết biển tươi sống, đặt nướng trực tiếp trên bếp than hồng rực không thêm gia vị.","Sò huyết tươi sống loại lớn mập mạp: 500g, Rau răm nhặt sạch: 30g, Muối tiêu chanh ớt ngon để chấm kèm","Bếp nướng than hoa, Vỉ nướng phẳng, Bàn chải chà vỏ","Dùng bàn chải chà thật kỹ lớp bùn cát bám ráp bên ngoài vỏ sò huyết xả sạch nhiều lần dưới vòi nước để ráo nước hoàn toàn, Nhóm bếp than hoa cho cháy hồng rực đều đặn đặt vỉ nướng phẳng lên trên mặt bếp than, Xếp lần lượt từng con sò huyết mập mạp lên vỉ nướng trực tiếp không nêm nếm thêm bất kỳ loại gia vị nào, Nướng nhanh trên lửa than hồng từ 3 đến 5 phút thấy sò huyết khẽ mở vỏ nước ngọt đỏ mọng trào nhẹ ra ngoài là chín tái, Gắp ngay sò huyết ra đĩa ăn nóng tách vỏ lể thịt chấm muối tiêu chanh ớt cay nồng nàn ăn kèm lá rau răm","Thực đơn ăn kiêng dinh dưỡng ít béo Keto Low-carb, Món nhắm hải sản mộc mạc nguyên bản nhanh gọn","Phụ nữ mang thai ăn đồ tái sống, Người kiêng ăn hải sản chưa chín thấu"
banh-dau-xanh-hai-duong,Bánh đậu xanh Hải Dương,Bắc,snack,snack,40,20,medium,380,6,54,14,2,80,28,30000,80000,vegetarian,Không,"Ngọt đậm đà, Bùi béo ngậy, Tan mịn nhanh đầu lưỡi",0,6,https://cdn2.tuoitre.vn/thumb_w/1200/471584752817336320/2023/12/8/26102020092906525-04b-1702017052893734662867-0-0-617-1180-crop-1702017203764753610866.jpg,"Đặc sản trứ danh đất Hải Dương làm từ bột đậu xanh nguyên chất sên mỡ heo chảy và đường cát, miếng bánh vuông vắn tan chảy mịn màng bùi béo nức lòng.","Đậu xanh hạt không vỏ ngon: 400g, Đường cát tinh luyện: 250g, Mỡ heo sạch đun chảy béo: 150ml, Tinh dầu hoa bưởi tự nhiên: 1 muỗng cà phê","Khuôn ép bánh vuông nhỏ, Chảo sên nhân dầy, Máy xay bột mịn","Ngâm nở đậu xanh không vỏ trong vài tiếng đem hấp chín nhừ rồi cho vào máy xay nhuyễn mịn hoàn toàn thành khối bột dẻo, Trút bột đậu xanh đường cát mỡ heo chảy vào chảo dày đun nhỏ lửa sên liên tục quấy thật đều tay dứt khoát, Sên bột đậu xanh đến khi khối bột khô ráo mịn màng không dính chảo dậy mùi bùi béo thì nhỏ tinh dầu hoa bưởi vào đảo đều, Đổ bột đậu xanh ra khay chờ nguội bớt rồi chia nhỏ múc vào khuôn gỗ ép thật chặt tay tạo hình vuông vắn, Khéo léo lấy bánh ra gói bằng giấy bạc sạch bảo quản nơi thoáng mát ăn kèm chén trà xanh Thái Nguyên chát ấm","Quà tặng đặc sản truyền thống, Người lớn tuổi đam mê thưởng trà bánh ngọt xế chiều","Người bị bệnh tiểu đường tăng đường huyết, Người ăn kiêng béo phì chất béo"
hau-nuong-pho-mai,Hàu nướng phô mai,Nam,main,"lunch, dinner, snack",20,15,easy,360,16,10,22,0,620,2,60000,150000,balanced,"Hàu, Sữa, Phô mai, Hải sản","Béo ngậy ngào ngạt, Ngọt thịt hàu biển, Thơm phô mai kéo sợi",0,2,https://cellphones.com.vn/sforum/wp-content/uploads/2023/08/cach-lam-hau-nuong-pho-mai-5.jpg,Món hải sản thời thượng đầy dinh dưỡng với hàu sữa béo mọng phủ ngập sốt bơ sữa mayonnaise và lớp phô mai Mozzarella kéo sợi nướng vàng ruộm óng ả.,"Hàu sữa tươi nguyên con lớn: 1kg, Phô mai Mozzarella bào sợi: 150g, Sốt mayonnaise: 2 muỗng canh, Sữa tươi không đường: 30ml, Bơ lạt đun chảy thơm: 1 muỗng canh","Dao tách vỏ hàu chuyên dụng, Lò nướng hoặc bếp than, Chén pha sốt","Dùng dao chuyên dụng khéo léo tách đôi vỏ hàu sữa bóc bỏ một mặt vỏ rửa sạch cát biển giữ thịt nằm trên nửa vỏ còn lại, Pha hỗn hợp sốt béo ngậy gồm sốt mayonnaise sữa tươi không đường bơ lạt đun chảy quấy đều cho mịn mượt sánh đặc, Xếp các con hàu sữa lên khay nướng lò hoặc vỉ nướng bếp than hoa lửa vừa đun cho hàu tiết nước ngọt, Múc một muỗng hỗn hợp sốt bơ sữa tưới đều phủ kín khắp thớ thịt hàu sữa biển mọng, Rắc ngập tràn phô mai Mozzarella bào sợi lên khắp bề mặt con hàu nướng trong lò ở 200 độ C khoảng mười phút cho phô mai tan chảy vàng óng kéo sợi","Giới trẻ đam mê đồ béo ngậy phô mai, Tiệc nướng hải sản cuối tuần đổi vị gia đình","Người thừa cân béo phì nặng, Người có hàm lượng cholesterol cao kiêng sữa béo"
banh-gai-nam-dinh,Bánh gai Nam Định,Bắc,snack,snack,60,45,hard,290,5,56,8,2,110,20,10000,25000,balanced,Mè,"Ngọt đậm đà, Dẻo quánh dính, Thơm nồng lá gai hoang dã bùi béo",0,4,https://encrypted-tbn0.gstatic.com/images?q=tbn:ANd9GcSgSYNI6LG79OV5FTwQ9H5YtLpn8mTdef-kJQ&s,"Món quà quê mộc mạc Nam Định có màu đen tuyền từ lá gai rừng giã quện bột nếp dẻo, nhân đậu xanh hạt sen quyện mỡ heo hạt lựu ngọt đậm gói lá chuối khô.","Lá gai tươi sạch rừng: 200g, Gạo nếp cái hoa vàng hạt tròn: 400g, Đậu xanh không vỏ: 150g, Mỡ gáy heo luộc ngào đường cát: 50g, Mè trắng rang chín: 20g, Đường phèn, lá chuối khô sạch","Nồi luộc hấp chõ lớn, Cối giã gỗ lớn, Chảo sên nhân nhân bánh, Dây buộc","Lá gai tước bỏ gân cứng luộc chín mềm vắt kiệt nước đem giã thật nhuyễn lọc lấy nước cốt đặc sẫm màu đen tuyền dẻo, Gạo nếp ngâm xay bột mịn ép ráo nước nhào bóp kỹ với nước cốt lá gai và đường thành khối bột dẻo quánh màu đen mun, Đậu xanh hạt sen luộc chín nhừ giã nhuyễn sên đều trên chảo với đường cát trộn mỡ heo hạt lựu ngào đường dẻo bùi làm nhân viên tròn, Chia bột nếp lá gai thành từng viên tròn ấn dẹt cho nhân đậu xanh mỡ gáy vào giữa bọc thật kín vo tròn đều đặn, Lăn viên bánh gai qua lớp mè trắng rang chín cho bám đều ngoài da bánh gói kín bằng nhiều lớp lá chuối khô sạch cột chặt, Xếp bánh gai vào xửng hấp chõ lửa lớn cách thủy liên tục trong 45 phút cho bột nếp chín dẻo quánh đen óng ả thơm phức","Bữa quà quê truyền thống cúng lễ rằm giỗ chay, Người thích ăn đồ nếp dẻo bùi ngọt đậm","Bệnh nhân tiểu đường cần cắt giảm đồ ngọt, Người kiêng ăn tinh bột nếp dính khó tiêu"
hau-nuong-mo-hang,Hàu nướng mỡ hành,Nam,main,"lunch, dinner, snack",20,10,easy,310,15,4,24,1,560,1,50000,130000,balanced,"Hàu, Đậu phộng, Hải sản","Béo ngậy mỡ hành hành phi, Ngọt đậm thịt hàu bùi béo đậu phộng",0,2,https://daotaobeptruong.vn/wp-content/uploads/2020/12/hau-nuong-mo-hanh.jpg,"Món ăn quốc dân tại các quán ốc hải sản vỉa hè Sài Gòn, hàu sữa tươi béo mọng nướng xèo xèo đượm sốt mỡ hành xanh mướt ngậy và đậu phộng rang giòn bùi.","Hàu sữa tươi biển nguyên con: 1kg, Hành lá tươi xắt nhỏ: 100g, Mỡ heo hoặc dầu ăn ngon: 100ml, Đậu phộng rang chín giã dập: 3 muỗng canh, Hành phi giòn, tiêu muối","Dao cạy tách vỏ hàu, Chảo phi mỡ hành, Bếp nướng than hoa lửa hồng, Đĩa","Dùng dao khéo léo cạy tách đôi vỏ hàu sữa biển xả sạch bùn cát bám ráp giữ thịt nằm trên một nửa vỏ hàu ráo nước, Cắt nhỏ thật nhiều hành lá cho vào tô dội dầu ăn hoặc mỡ heo đun sôi sùng sục vào quấy đều tạo mỡ hành xanh mướt ngậy, Xếp toàn bộ hàu sữa lên vỉ nướng trên bếp than hoa lửa hồng rực nướng cho hàu chín tái săn thịt tiết nước ngọt thơm lừng, Múc từng muỗng mỡ hành béo ngậy rưới đều lên khắp bề mặt thịt từng con hàu sữa đang nướng trên bếp than hoa, Nướng tiếp từ một đến hai phút cho mỡ hành sôi xèo xèo tỏa mùi hương thơm nức mũi thấm ngọt béo vào thịt hàu, Gắp hàu ra đĩa lớn rắc đậu phộng rang giã dập hành phi giòn lên trên mặt thưởng thức nóng hổi béo ngậy cùng rau răm","Tụ họp liên hoan bè bạn chiều tối muộn nhâm nhi quán ốc, Người mê món hải sản ngọt béo thơm hành mỡ",Người thừa cân béo phì kiêng chất béo dầu mỡ động vật quá nhiều
banh-cu-do-ha-tinh,Bánh cu đơ Hà Tĩnh,Trung,snack,snack,20,15,easy,340,8,58,10,2,90,26,20000,50000,vegetarian,"Đậu phộng, Mè","Ngọt đậm mật mía, Cay nồng ấm gừng tươi, Giòn rụm bánh đa bùi béo lạc",1,4,https://statics.vinpearl.com/keo-cu-do-ha-tinh-0_1632386223.png,"Đặc sản độc đáo mộc mạc dạt dào tình quê Hà Tĩnh, nhân lạc đậu phộng hạt chọn lọc sên mật mía kẹo đặc quánh gừng tươi kẹp bánh đa nướng giòn rụm rôm rốp.","Mật mía nguyên chất đặc sản Nghệ Tĩnh: 200ml, Lạc nhân (đậu phộng) hạt nhỏ chắc: 200g, Gừng tươi giã nhuyễn cay: 30g, Bánh đa mè nướng giòn mỏng: 4 cái, Bột mạch nha","Chảo lòng sâu sên kẹo dầy, Vá quấy gỗ dứt khoát, Đĩa lớn ép kẹo","Lạc nhân nhặt bỏ hạt hỏng đem rang sơ nhẹ tay trên chảo cho hạt chín giòn thơm bùi chừa nguyên lớp vỏ lụa mềm mại, Đổ mật mía nguyên chất cùng bột mạch nha vào chảo đun sôi nhỏ lửa liu riu khuấy đều tay liên tục cho mật dẻo kẹo sánh, Cho tiếp gừng tươi giã nhuyễn cay ấm vào chảo mật mía đảo quấy thật đều tay cho hỗn hợp hòa quyện bốc mùi thơm nồng nàn, Trút toàn bộ lạc nhân rang giòn vào chảo mật mía sên tiếp vài phút đến khi mật keo quánh đặc bám dính chặt chẽ quanh từng hạt lạc bùi béo, Đặt một miếng bánh đa nướng giòn mỏng mè lên đĩa múc mật lạc nóng hổi phủ dày đều khắp mặt bánh tráng, Úp nhanh miếng bánh đa nướng thứ hai lên trên mặt dùng tay ép nhẹ dứt khoát cho mật dính chặt khít khao chờ nguội cứng dẻo","Thưởng thức đặc sản vùng miền mộc mạc quê hương, Ăn vặt chiều uống nước chè xanh chát nóng ấm cúng","Người bị bệnh tiểu đường kiêng đồ ngọt mật mía đường nhiều, Người răng yếu khó nhai đồ cứng giòn rụm"
cua-lot-chien-gion,Cua lột chiên giòn,Nam,main,"lunch, dinner",20,15,medium,410,22,24,26,1,690,1,120000,250000,balanced,"Cá, Hải sản, Bột mì, Trứng","Giòn tan rôm rốp ngoài, Ngọt đậm béo mềm mọng thịt cua bên trong, Thơm",0,2,https://cdn.tgdd.vn/2021/01/CookProduct/thum1-1200x676-4.jpg,Món hải sản cao cấp hấp dẫn với cua lột Cà Mau mềm mại nguyên con lăn lớp bột mì trứng gà đem chiên ngập dầu giòn tan ăn trọn vỏ ngọt lịm mọng nước.,"Cua lột tươi sống Cà Mau: 4 con lớn, Bột chiên giòn pha sẵn bột mì: 100g, Trứng gà tươi: 1 quả, Tiêu đen xay mịn: 1 muỗng cà phê, Dầu ăn chiên rán ngập chảo, Xà lách rau thơm","Chảo chiên sâu lòng lớn, Kẹp gắp lật cua, Giấy thấm dầu, Tô quấy bột","Cua lột rửa sạch thật nhẹ tay bóc bỏ phần yếm và mang mềm bên trong thấm thật khô ráo nước bằng khăn giấy sạch xóc tiêu muối, Hòa bột chiên giòn với nước lọc và một quả trứng gà tươi khuấy thật đều tay thành hỗn hợp bột lỏng mịn dẻo sệt vừa phải, Đun nóng ngập dầu ăn trên chảo sâu lòng lớn đợi dầu sôi tăm già hồng rực lửa trên bếp ga, Cầm từng con cua lột tươi nhúng ngập tràn vào tô hỗn hợp bột chiên giòn cho bám dính đều một lớp vỏ bột mỏng mượt, Thả khéo léo cua lột tẩm bột vào chảo dầu chiên vàng đều trên lửa vừa đun chín thấu thớ thịt cua mềm mọng nước bên trong vỏ, Bật lửa cực lớn ở phút cuối cho lớp vỏ ngoài giòn tan rôm rốp ráo mỡ vớt ra khay thấm dầu cắt đôi chấm tương ớt hoặc sốt me","Bàn tiệc liên hoan hải sản sang trọng gia đình bè bạn đổi vị, Người sành ăn đam mê món chiên giòn rụm ăn cả vỏ","Người thừa cân béo phì kiêng ăn đồ rán dầu mỡ nhiều chất béo, Bệnh nhân bị bệnh gout kiêng đạm hải sản lớn"
banh-cay-thai-binh,Bánh cáy Thái Bình,Bắc,snack,snack,45,30,hard,360,5,68,9,2,130,24,30000,60000,vegetarian,"Mè, Đậu phộng","Ngọt đậm đà, Thơm nồng gừng quất cay ấm, Bùi béo dẻo xốp giòn rụm",1,6,https://cdn.tgdd.vn/Files/2020/02/09/1235257/cach-lam-banh-cay-chuan-vi-thai-binh-thom-ngon-kho-cuong-760x367.jpg,"Đặc sản tiến vua nổi tiếng Thái Bình, nếp cái hoa vàng rang phồng nổ bỏng quyện cùng mứt bí, mỡ heo hạt lựu, gừng tươi ngào mật mía ép khuôn vuông xốp bùi ngậy.","Gạo nếp cái hoa vàng bỏng nổ: 300g, Mật mía đường phèn ngọt đậm: 150g, Gừng tươi giã nhỏ, vỏ quất thơm: 20g, Mỡ heo luộc xắt hạt lựu ngào đường: 30g, Đậu phộng rang, mè rang chín","Nồi sên mật đường lớn dầy, Khuôn gỗ ép kẹo hình chữ nhật, Thanh lăn gỗ cán","Gạo nếp đồ xôi nhuộm màu quả gấc hồng màu lá dứa xanh phơi khô rồi rán phồng lên thành hạt bỏng xốp giòn dẻo ráo dầu mỡ, Cho mật mía đường phèn gừng tươi giã nhỏ vỏ quất xắt sợi vào nồi lớn đun sôi nhỏ lửa liu riu sánh dẻo tỏa mùi thơm nồng ấm, Trút toàn bộ bỏng nếp rang phồng mỡ heo hạt lựu ngào đường lạc rang mè rang chín vào nồi mật mía sên đảo quấy liên tục dứt khoát, Sên đảo quấy thật đều trên bếp lửa ấm cho mật kết dính chặt chẽ bao bọc ngập tràn các nguyên liệu bỏng dẻo bùi quánh khối, Đổ hỗn hợp kẹo nóng hổi vào lòng khuôn gỗ chữ nhật đã rắc sẵn lớp mè rang đáy dùng thanh gỗ ép cán chặt phẳng dẹt vuông vức, Chờ bánh cáy nguội se cứng dẻo cắt thành dải dài hình chữ nhật vuông vắn bọc màng nilon bảo quản ăn kèm chè xanh chát ấm","Quà biếu tặng truyền thống dịp lễ hội Tết đoàn viên sum họp, Thưởng trà chè xanh mộc mạc quê hương mọi lứa tuổi tâm tình","Người tiểu đường kiêng ăn ngọt đậm đường mật nhiều, Người ăn kiêng cắt giảm lượng calo mỡ động vật tinh bột dẻo"
cua-ca-mau-rang-me,Cua Cà Mau rang me,Nam,main,"lunch, dinner",25,20,medium,460,28,18,16,2,820,8,250000,500000,balanced,"Cua, Hải sản","Chua ngọt đậm đà, Cay nhẹ, Thơm nồng sốt me keo sánh óng ả chắc ngọt thịt",1,2,https://cdn.tgdd.vn/2022/02/CookDish/3-cach-lam-mon-cua-rang-me-ngot-tuyet-vi-chua-ngot-avt-1200x676.jpg,"Tuyệt tác ẩm thực biển Nam Bộ, cua Cà Mau thịt chắc nanh lịm ngọt chiên sơ đảo thấm đẫm trong sốt me chín chua chua ngọt ngọt mặn cay sánh đặc kẹo bắt mắt.","Cua biển Cà Mau tươi chắc thịt: 2 con lớn, Cốt me chín đậm đặc: 100ml, Tỏi băm nhuyễn hành băm: 3 muỗng canh, Nước mắm ngon đặc sản: 3 muỗng canh, Đường cát phèn: 3 muỗng canh, Ớt tươi băm, bột năng, rau răm","Chảo chiên xào lớn lòng sâu dầy, Kìm kẹp vỡ vỏ càng cua, Dao chặt, Vá đảo lật","Cua biển chọc tiết làm sạch bóc phần mai gỡ bỏ yếm xả nước sạch chặt thân làm tư dùng kìm kẹp dập nhẹ vỏ càng lớn để dễ thấm thấu vị, Chiên sơ qua thịt cua trong chảo dầu nóng già cho thịt săn chắc giữ độ ngọt mọng nước và chuyển màu vỏ cam đỏ bắt mắt vớt ra ráo dầu, Phi thơm thật nhiều tỏi băm hành băm nhuyễn trên chảo sạch trút nước cốt me me chín nước mắm đường cát gia vị vào đun sôi sùng sục, Hòa một muỗng bột năng loãng trút vào đảo đều tạo độ sánh sệt kẹo kẹo bám dính óng ả óng ánh bắt mắt cho hỗn hợp nước sốt me chua ngọt, Cho toàn bộ cua biển đã chiên sơ vào chảo sốt me bật lửa vừa đảo quấy thật đều liên tục mười phút cho sốt me bao phủ quanh thân cua, Sốt me sánh đặc quánh lại bám dính kẹo kẹo quanh vỏ cua múc ra đĩa lớn rưới ngập sốt me lên mặt trang trí rau răm ăn nóng","Tiệc liên hoan sang trọng tiếp khách tụ họp gia đình cuối tuần, Tín đồ đam mê hải sản chắc ngọt đậm đà sốt me chua ngọt ngon miệng","Người bị bệnh gout hạn chế đạm cua hải sản biển nhiều, Bệnh nhân tăng huyết áp kiêng ăn mặn mắm sốt đậm đậm"
keo-me-xung-hue,Kẹo mè xửng Huế,Trung,snack,snack,20,30,medium,320,6,58,12,2,70,24,15000,40000,vegetarian,"Mè, Đậu phộng","Ngọt đậm đà lịm tim, Dai dẻo quánh quện kéo sợi, Thơm nức mè rang bùi béo lạc",0,6,https://khamphahue.com.vn/Portals/0/Medias/Nam2021/T11/Khamphahue_me-xung-hue-4.jpg,"Đặc sản quà quê cố đô Huế thơ mộng dẻo dai quánh mịn, kẹo làm bằng bột năng đường mạch nha sên chặt phủ ngập tràn vừng mè rang chín thơm lừng quyện lạc nhân bùi béo.","Mè trắng (vừng) sạch dồi dào: 150g, Đường cát mạch nha dẻo quánh: 200g, Bột năng tạo độ dai dai: 50g, Lạc nhân (đậu phộng) rang giòn bóc vỏ: 100g, Nước cốt chanh tươi, dầu ăn ngon","Chảo chống dính sên kẹo dầy, Vá quấy gỗ phẳng dứt khoát, Khuôn phẳng dẹt lót màng sạch, Dao","Mè trắng sạch đem rang đều trên chảo nhỏ lửa quấy liên tục cho chín thơm phức chuyển màu vàng nhạt nhẹ nhàng trút ra đĩa để riêng, Đun sôi đường mạch nha nước lọc nước cốt chanh trên chảo chống dính hòa bột năng loãng trút vào quấy thật nhanh tay liên tục lửa nhỏ se mịn, Sên khuấy bột đường mạch nha đều đặn dứt khoát trong hai mươi phút đến khi bột chuyển màu trong suốt dai dẻo quánh dính chặt kéo dải sợi dẻo, Trút toàn bộ lạc nhân rang giòn bóc vỏ vào chảo dẻo bột đường đảo nhanh tay vài vòng cho lạc phân bố đều khắp khối kẹo dẻo mịn tắt bếp, Rắc một lớp dày mè trắng rang chín xuống đáy khuôn phẳng dẹt đổ khối kẹo mạch nha lạc nóng hổi ra dùng vá dàn phẳng mượt dẹt mỏng, Rắc tiếp lớp mè trắng phủ ngập tràn bề mặt kẹo dùng thanh cán dẹt chặt chờ nguội cắt miếng vuông chữ nhật vừa ăn bọc màng nilon bảo quản","Quà biếu tặng du lịch đặc sản cố đô miền Trung quý giá thơ mộng, Thưởng trà xanh chát đậm đà tâm tình bè bạn chiều mát mẻ mộc mạc","Người tiểu đường kiêng đồ ngọt đường mạch nha nhiều dính răng khó nhai, Người ăn kiêng cắt giảm lượng calo và tinh bột ngọt đậm carbohydrate"
oc-huong-rang-muoi-ot,Ốc hương rang muối ớt,Nam,main,"lunch, dinner, snack",20,10,easy,280,22,4,8,1,890,2,80000,180000,balanced,"Ốc, Hải sản","Mặn mà đậm vị, Cay nồng xé lưỡi, Giòn sần sật ngọt bùi, Thơm muối sấy",3,2,https://storage.googleapis.com/onelife-public/blog.onelife.vn/2021/10/cach-lam-oc-huong-rang-muoi-ot-pho-mai-mon-nhau-620045477600.jpg,"Món ăn chơi quán ốc biển Sài Gòn cực hút khách, ốc hương giòn ngọt sần sật rang khô trên chảo đượm lớp vỏ phấn muối ớt hạt cay nồng nàn kích thích vị giác đầu lưỡi.","Ốc hương tươi sống mập giòn: 500g, Muối sấy Tây Ninh hoặc muối tinh: 2 muỗng canh, Ớt hiểm cay đỏ rực: 5 quả, Ớt bột cay nồng: 1 muỗng cà phê, Tỏi băm nhuyễn, rau răm tươi, mắm tắc","Chảo rang chống dính phẳng lòng sâu, Cối giã muối ớt nhuyễn mịn, Vá đảo lật nhanh tay liên tục","Ốc hương ngâm nước vo gạo hòa vài lát ớt cắt sạch nhớt cát luộc sơ qua nước sôi hai phút vừa chín tái vớt ra rổ xả nước để thật ráo, Giã thật nhuyễn tỏi củ ớt hiểm tươi đỏ rực cùng muối sấy Tây Ninh đường cát một chút nước mắm hạt nêm quấy đều thành hỗn hợp muối ớt sền sệt, Đun nóng chút dầu ăn phi thơm tỏi băm trút hỗn hợp muối ớt giã sệt vào chảo đun sôi bùng nhẹ bốc mùi hương cay xé mũi nồng nàn, Trút toàn bộ ốc hương tươi ráo vào chảo bật lửa cực lớn đảo lật nhanh tay liên tục cho nước muối bám đều bao quanh vỏ từng con ốc hương mập, Hạ lửa vừa rang quấy liên tục dứt khoát đều tay đến khi nước sốt muối ớt bốc hơi khô ráo hoàn toàn đóng thành lớp phấn trắng hồng cay xè quanh vỏ, Múc ngay ốc hương rang muối ớt khô ráo ra đĩa dùng nóng dùng tay lể thịt ốc giòn sần sật mặn mòi chấm mắm tắc ăn kèm rau răm","Tụ họp liên hoan bè bạn ăn vặt nhâm nhi xế chiều tối muộn quán ốc vỉa hè Sài Gòn, Người đam mê vị cay nồng cực hạn hải sản giòn sật ngọt thịt","Người đau dạ dày nhạy cảm loét bao tử kiêng đồ chua cay mặn xé lưỡi cực hạn, Trẻ em nhỏ tuổi hệ tiêu hóa yếu nhạy cảm với ớt cay nhiều"
thach-gang-hai-phong,Thạch găng Hải Phòng,Bắc,snack,snack,20,10,easy,120,1,28,0,2,40,15,5000,15000,"vegetarian, low-fat",Không,"Thanh mát, Ngọt thanh, Thơm lá găng",0,2,https://vcdn1-dulich.vnecdn.net/2015/04/15/thachgang-1429089888.jpg?w=1200&h=0&q=100&dpr=1&fit=crop&s=9227CYKXrm8VNgsZJmdYeg,"Món quà vặt giải nhiệt mùa hè nổi tiếng của Hải Phòng làm từ thạch lá găng xanh mướt, mềm mịn tan chảy trong nước đường hoa bưởi.","Lá găng rừng phơi khô: 50g, Nước vôi trong: 2 muỗng canh, Nước lọc: 1.5 lít, Đường phèn: 100g, Tinh dầu hoa bưởi: 1 ít","Túi vải lọc, Nồi nấu nước đường, Tô lớn","Rửa sạch lá găng khô cho hết bụi bẩn, Cho lá găng vào túi vải lọc bóp đều trong chậu nước lọc hòa nước vôi trong để vò lấy nước cốt thạch xanh đậm sền sệt, Lọc lại nước cốt găng qua rây mịn vào tô sạch rồi để yên trong 1 tiếng cho thạch tự đông lại, Nấu nước đường phèn với nước lọc đun sôi liu riu rồi thêm tinh dầu hoa bưởi vào làm nước chan để nguội, Dùng muỗng hớt từng lát thạch găng mỏng cho vào ly chan nước đường phèn hoa bưởi mát lạnh vào rồi thưởng thức","Mọi lứa tuổi, Giải nhiệt ngày hè",Người tiểu đường
canh-cua-khoai-so-rau-rut,Canh cua khoai sọ rau rút,Bắc,main,"lunch, dinner",25,20,easy,240,14,22,8,3,680,2,40000,70000,balanced,Cua đồng,"Ngọt đậm vị cua, Bùi béo khoai sọ, Thơm rau rút",0,3,https://encrypted-tbn0.gstatic.com/images?q=tbn:ANd9GcRn-ttCc0U7RaQwomZwiuEg_Qs7htO9WBZPLw&s,"Món canh mùa hè mộc mạc Bắc Bộ với gạch cua đồng béo ngậy, khoai sọ dẻo bùi và rau rút xanh giòn thơm nồng.","Cua đồng xay: 300g, Khoai sọ: 300g, Rau rút: 100g, Gia vị: mắm, muối, mì chính","Nồi nấu canh, Rây lọc cua, Dao","Khoai sọ gọt vỏ bổ đôi luộc sơ qua, Cua đồng xay hòa nước lọc kỹ qua rây lấy nước cốt bỏ bã cua, Đun sôi nước cua trên lửa nhỏ liu riu để gạch cua kết tủa nổi thành mảng lớn rồi vớt ra để riêng, Cho khoai sọ vào nồi nước cua ninh nhỏ lửa đến khi khoai chín dẻo mềm, Nêm nếm gia vị nước mắm muối hạt nêm vừa ăn thả rau rút cắt khúc vào nấu sôi bùng trong 1 phút, Trút canh ra tô xếp mảng gạch cua lên trên mặt ăn nóng cùng cơm","Bữa cơm gia đình ngày hè, Người cần bổ sung canxi","Người bị bệnh gout, Người dị ứng cua đồng"
tao-pho-hoa-nhai-ha-noi,Tào phớ hoa nhài Hà Nội,Bắc,snack,snack,30,20,medium,160,6,32,2,1,60,18,5000,15000,"vegetarian, light",Đậu nành,"Thanh mát, Ngọt thanh, Thơm nức hoa nhài",0,2,https://gcs.tripi.vn/public-tripi/tripi-feed/img/473815kjW/tao-pho-gia-bao-1215901.jpg,"Thức quà vặt tinh tế của Hà Nội cổ kính, những lát phớ đậu nành mềm mịn trắng phau tan ngay đầu lưỡi hòa trong nước đường ướp hoa nhài thơm ngát.","Đậu nành hạt: 200g, Đường nho làm đông: 1 muỗng cà phê, Đường phèn: 100g, Hoa nhài tươi sạch: 10 bông, Nước lọc: 1 lít","Máy xay đậu nành, Túi vải lọc, Nồi nấu, Tô sâu lòng","Ngâm nở đậu nành hạt qua đêm xay nhuyễn với nước lọc rồi vắt kiệt bằng túi vải lấy nước cốt sữa đậu nành tinh khiết, Đun sôi sữa đậu nành trên lửa nhỏ quấy đều tay liên tục tránh bị cháy đáy rồi tắt bếp, Hòa đường nho với chút nước lọc láng đều khắp lòng tô sâu lòng, Trút nhanh dứt khoát sữa đậu nành nóng vào tô đường nho đậy kín nắp để yên 30 phút cho đông mịn thành tào phớ, Nấu nước đường phèn đun sôi thả hoa nhài tươi vào hãm thơm để nguội, Dùng muỗng gạt hớt từng lát tào phớ mỏng mịn vào chén chan nước đường hoa nhài mát lạnh vào thưởng thức","Mọi lứa tuổi giải nhiệt ngày hè, Người thích ăn thanh mát",Bệnh nhân tiểu đường
canh-rau-tap-tang-nau-tom,Canh rau tập tàng nấu tôm,Nam,main,"lunch, dinner",15,10,easy,180,14,8,4,2,540,1,20000,40000,"light, balanced",Tôm,"Ngọt thanh tự nhiên, Thanh mát mát lành",0,3,https://cdn2.fptshop.com.vn/unsafe/800x0/canh_rau_tap_tang_nau_tom_thit_5_24e610b5a0.jpg,"Món canh thanh nhiệt dân dã của gia đình Việt, tập hợp nhiều loại rau đồng vườn nhà nấu cùng tôm giã nhuyễn ngọt nước ngọt lòng.","Rau tập tàng hỗn hợp (mồng tơi, rau dền, bồ ngót): 300g, Tôm tươi bóc vỏ: 100g, Hành tím băm: 1 muỗng canh, Gia vị: tiêu, mắm, hạt nêm","Nồi nấu canh, Dao, Cối giã","Các loại rau nhặt sạch lá úa rửa sạch ráo nước cắt nhỏ khúc vừa ăn, Tôm tươi bóc vỏ rút chỉ đen giã nhuyễn quết chút hành băm và tiêu muối, Phi thơm hành tím băm trên nồi trút tôm giã nhuyễn vào xào săn nhanh cho dậy mùi thơm ngọt, Đổ nước lọc vào nồi đun sôi sùng sục nêm nếm muối hạt nêm vừa vặn vị thanh nhạt, Thả toàn bộ hỗn hợp rau tập tàng vào nồi canh nấu sôi bùng trở lại trong 2 phút cho rau chín xanh giòn rồi tắt bếp múc ra tô","Bữa cơm gia đình ngày hè oi bức, Thanh nhiệt cơ thể",Người dị ứng tôm và hải sản
banh-mi-cay-hai-phong,Bánh mì cay Hải Phòng,Bắc,main,"breakfast, snack",15,10,easy,280,10,35,12,1,620,2,15000,30000,balanced,"Bột mì, Chí chương","Cay nồng nàn kích thích, Giòn rụm, Béo ngậy pate",2,2,https://upload.wikimedia.org/wikipedia/commons/0/0d/Banh_my_que.jpg,"Đặc sản đường phố đất cảng, chiếc bánh mì nhỏ xíu bằng hai ngón tay nướng giòn tan, nhân pate béo ngậy đẫm nước sốt chí chương cay xè.","Bánh mì que Hải Phòng: 5 cái, Pate gan heo béo: 100g, Nước sốt chí chương: 3 muỗng canh","Máy kẹp nướng bánh mì hoặc lò nướng, Dao rạch bánh","Dùng dao rạch một đường dài dọc theo thân chiếc bánh mì que nhỏ, Phết đều một lượng pate gan heo béo ngậy dồi dào vào bên trong lòng bánh mì, Cho bánh mì đã phết pate vào máy kẹp hoặc lò nướng nướng đến khi vỏ bánh vàng giòn rụm rôm rốp, Nhấc bánh mì ra rưới ngập tràn nước sốt chí chương cay nồng nàn đặc sản Hải Phòng vào lòng bánh rồi thưởng thức nóng giòn","Ăn vặt xế chiều giới trẻ tụ họp, Bữa sáng nhanh gọn đậm vị","Người đau dạ dày nhạy cảm cay, Người kiêng đồ béo mỡ"
canh-bong-sung-nau-tom,Canh bông súng nấu tôm,Nam,main,"lunch, dinner",20,15,easy,190,13,12,4,2,580,3,25000,50000,"light, balanced",Tôm,"Chua ngọt thanh dịu, Giòn sần sật bông súng, Thơm ngò ôm",1,3,https://monngonmoingay.com/wp-content/uploads/2015/08/IMG-6189-canh-bong-sung-nau-tom.png,"Thức canh chua mát lành sông nước miền Tây với cọng bông súng tước vỏ giòn sốp, tôm đất tươi ngọt thịt và vị chua thanh của me chín.","Cọng bông súng: 200g, Tôm đất tươi sạch: 150g, Me chua chín: 30g, Cà chua: 1 quả, Ngò ôm, rau ngổ, gia vị mắm đường","Nồi nấu canh, Dao xắt, Chén dầm me","Cọng bông súng tước sạch vỏ bên ngoài ngắt khúc dài rửa sạch ráo nước tôm tươi bóc vỏ chừa đuôi, Dầm me chín với nước ấm lọc lấy nước cốt me chua đổ vào nồi nước đun sôi sùng sục, Cho cà chua xắt múi cau vào nêm nước mắm ngon đường phèn muối hạt cân bằng vị chua ngọt đậm đà miền Tây, Thả tôm đất tươi vào nấu chín nổi lên mặt nước hớt sạch bọt canh trong veo, Cho tiếp cọng bông súng vào nồi đảo nhẹ nấu sôi bùng lên trong 1 phút giữ độ giòn xốp rồi tắt bếp rắc ngò ôm rau ngổ","Bữa ăn giải nhiệt ngày hè oi bức, Thực đơn mộc mạc Nam Bộ",Người dị ứng hải sản tôm
canh-ca-quynh-coi,Canh cá Quỳnh Côi,Bắc,main,"breakfast, lunch",30,45,medium,380,22,52,8,2,790,2,30000,50000,balanced,Cá đồng,"Ngọt đậm đà, Thơm nức nghệ sả, Đậm vị Thái Bình",0,1,https://iv.vnecdn.net/giadinh/images/web/2021/04/15/cach-lam-canh-ca-quynh-coi-tai-nha-1618482014.jpg,"Niềm tự hào ẩm thực Quỳnh Côi - Thái Bình, canh nấu từ bánh đa gạo mỏng dai, cá quả đồng gỡ xương rim nghệ vàng ruộm thơm nức lòng.","Cá quả đồng: 400g, Bánh đa Quỳnh Côi khô: 100g, Nghệ tươi giã nhỏ: 1 muỗng canh, Rau thì là, rau cải xanh: 50g, Gừng, hành tím, gia vị","Nồi ninh nước dùng, Chảo rim cá, Vá lọc xương, Tô lớn","Cá quả làm sạch luộc chín tới với gừng hành tím gỡ lấy phi lê thịt cá sạch xương giã nhỏ xương cá lọc nước ngọt ninh súp, Phi thơm hành tím trút thịt cá quả vào rim săn chín vàng ruộm cùng nước cốt nghệ tươi tiêu muối đậm đà, Trụng chín bánh đa khô Quỳnh Côi đặc sản cho vào tô sạch cùng rau cải xanh thì là xắt nhỏ, Xếp ngập tràn thịt cá quả rim nghệ vàng óng thơm phức lên trên mặt đĩa bánh đa, Chan nước dùng xương cá ngọt lịm nóng hổi sùng sục vào tô rồi thưởng thức cay ấm","Ăn sáng bồi bổ ấm bụng, Khám phá đặc sản Thái Bình mọi lứa tuổi",Người kiêng ăn tinh bột bánh đa
canh-he-dau-hu-thit-bam,Canh hẹ đậu hũ thịt băm,Nam,main,"lunch, dinner",15,10,easy,190,16,6,10,1,480,1,15000,30000,"light, balanced, low-fat",Đậu hũ,"Thanh đạm, Ngọt mát mộc mạc, Thơm thoảng lá hẹ tươi",0,3,https://i.ytimg.com/vi/MBRmDJt0YD4/hq720.jpg?sqp=-oaymwEhCK4FEIIDSFryq4qpAxMIARUAAAAAGAElAADIQj0AgKJD&rs=AOn4CLBUjoFZvXJTFlPmJic3SUUjcaeJHw,"Món canh gia đình thanh mát, nhẹ nhàng giải nhiệt cơ thể với đậu hũ non mềm mịn, thịt băm ngọt nước và lá hẹ xanh tươi thơm mát lành.","Hẹ tươi cắt khúc: 50g, Đậu hũ non mịn: 2 cây, Thịt heo băm nhỏ: 100g, Hành tím băm: 1 muỗng canh, Muối, tiêu, hạt nêm thông dụng","Nồi nấu canh, Dao cắt đậu hũ, Vá múc","Lá hẹ rửa sạch cắt khúc dài bằng hai ngón tay đậu hũ non cắt khoanh tròn miếng vừa ăn nhẹ nhàng tránh vỡ nát, Trộn thịt heo băm với chút tiêu hành muối hạt nêm cho thấm đậm đà, Phi thơm hành tím băm trên nồi trút thịt băm xào săn nhẹ tay ra hết nước ngọt, Đổ nước lọc vào nồi nấu sôi sùng sục nêm chút muối hạt nêm cho vị canh thanh nhạt ngọt khiết, Thả đậu hũ non và lá hẹ cắt khúc vào nồi canh đun sôi bùng lại trong 1 phút rồi tắt bếp múc ra tô","Bữa cơm gia đình hằng ngày mát lành, Thanh nhiệt cơ thể giải độc",Người dị ứng với các sản phẩm từ đậu nành
bun-ca-ro-dong-hai-duong,Bún cá rô đồng Hải Dương,Bắc,main,"breakfast, lunch",30,45,medium,410,24,55,10,2,820,2,35000,55000,balanced,Cá rô đồng,"Ngọt đậm đà, Thịt cá chiên bùi béo, Chua thanh dịu nhẹ",0,1,https://images.baoangiang.com.vn/image/fckeditor/upload/2023/20230419/images/bun-ca-ro-dong-hai-duong-1237.png,"Thức quà sáng nức tiếng Hải Dương, nước dùng ninh từ xương cá rô ngọt lịm đậm đà, cá rô đồng gỡ xương chiên vàng giòn rụm bùi béo ăn cùng dọc mùng hoặc rau cải.","Cá rô đồng tươi mập: 500g, Bún tươi sợi nhỏ: 150g, Nghệ bột: 1 muỗng cà phê, Dọc mùng hoặc cải xanh: 50g, Hành tỏi băm gừng, Gia vị mắm tiêu dầu ăn","Nồi hầm nước dùng xương cá, Chảo chiên cá rô, Rây lọc, Dao thớt","Cá rô đồng luộc chín với gừng khéo léo gỡ lấy thịt phi lê nguyên vẹn đem tẩm nghệ tiêu rồi chiên vàng giòn ngập dầu, Phần xương và đầu cá rô giã nhỏ lọc lấy nước ngọt trong vắt đem nấu súp nêm nếm muối mắm đường phèn đậm đà chua dịu me, Trụng bún tươi và dọc mùng bóp muối xanh giòn xếp gọn gàng đáy tô sâu lòng lớn, Sắp thịt cá rô đồng chiên giòn rụm vàng óng ả bùi béo phủ kín mặt tô bún, Chan ngập nước dùng xương cá sôi sùng sục tỏa hương thơm phức rắc thì là hành lá ăn nóng kèm măng ớt cay","Bồi bổ bữa sáng dồi dào dinh dưỡng, Khám phá đặc sản Hải Dương","Người kiêng đồ chiên rán nhiều mỡ, Người sợ xương cá dăm"
canh-tan-o-thit-bam,Canh tần ô thịt băm,Nam,main,"lunch, dinner",15,10,easy,170,12,8,5,2,450,1,15000,30000,"light, balanced, low-fat",Không,"Thanh đạm, Ngọt mát bùi, Thơm hăng nhẹ đặc trưng rau tần ô",0,3,https://encrypted-tbn0.gstatic.com/images?q=tbn:ANd9GcQep2_U7rydIwJKAEa1WIXqpPA8oNopIwxQ0Q&s,"Món canh giản dị ấm lòng ngày đông hoặc giải nhiệt ngày hè với rau cải cúc tần ô xanh mướt, nhanh chín, nấu cùng thịt nạc dăm băm ngọt nước thanh tao.","Rau tần ô tươi sạch: 300g, Thịt heo nạc dăm băm: 100g, Hành tím băm: 1 muỗng canh, Muối, tiêu đen xay, hạt nêm thông dụng","Nồi nấu canh, Dao thái khúc, Vá khuấy","Rau tần ô nhặt bỏ rễ rửa sạch thái khúc vừa ăn bằng ngón tay thịt heo băm trộn đều tiêu hành muối ấm, Phi thơm hành tím băm với chút dầu ăn trút thịt băm xào săn chín tái tiết nước ngọt đậm đà, Đổ nước lọc vào nồi nấu sôi bùng lên nêm nếm gia vị muối đường hạt nêm cho vừa miệng vị thanh đạm, Thả nhanh toàn bộ rau tần ô vào nồi canh nhấn nhẹ đun lửa lớn sôi bùng trong 30 giây cho rau vừa chín tới xanh mướt giữ độ giòn ngọt, Tắt bếp múc canh tần ô ra tô rắc tiêu đen xay ấm nồng ăn nóng cơm gia đình","Bữa cơm gia đình nhanh gọn dồi dào vitamin, Người bị ho giải cảm nhẹ",Không
bun-be-be-quang-ninh,Bún bề bề Quảng Ninh,Bắc,main,"breakfast, lunch, dinner",25,35,medium,430,26,58,9,2,860,3,40000,75000,balanced,"Bề bề, Hải sản","Ngọt thanh đậm đà vị hải sản, Chua nhẹ, Thơm hành tỏi phi",1,1,https://static.vinwonders.com/production/bun-be-be-1.jpeg,"Đặc sản vùng biển Hạ Long - Quảng Ninh quyến rũ thực khách bởi nước dùng ngọt lịm ninh từ cua ghẹ vỏ bề bề, ăn cùng những con bề bề luộc lột vỏ đỏ hồng chắc nịch ngọt thịt.","Bề bề tươi sống: 300g, Bún tươi sợi vừa: 150g, Cà chua: 2 quả, Đậu hũ chiên vàng miếng: 50g, Hành lá, rau muống chẻ, ngò rí, gia vị mắm muối đường phèn","Nồi luộc hấp hải sản, Kéo cắt bóc vỏ bề bề, Nồi nấu súp, Tô lòng sâu lớn","Bề bề luộc chín cùng sả gừng khéo léo dùng kéo cắt dọc hai bên cạnh vỏ lột lấy phi lê thịt nguyên vẹn mọng nước, Phần đầu và vỏ bề bề giã nhỏ ninh cùng xương ống tôm khô lấy nước súp ngọt đậm đặc hải sản lọc trong bỏ cặn, Xào chín cà chua múi cau tạo màu óng ánh với dầu điều trút vào nồi nước dùng nấu sôi thả đậu hũ chiên nêm gia vị vừa vị chua ngọt thanh khiết, Trụng bún tươi xếp đáy tô sắp đều thịt bề bề luộc chắc ngọt chả cá hành lá ngò rí lên mặt đĩa, Chan ngập nước dùng súp bề bề nóng hổi sùng sục tỏa khói rầm rộ ăn kèm rau sống chanh ớt cực bắt vị","Bữa sáng hải sản sang trọng bồi bổ cơ thể, Khách du lịch biển Hạ Long","Người dị ứng hải sản tôm tít bề bề, Bệnh nhân gout nặng"
canh-xa-lach-xoong-nau-suon,Canh xà lách xoong nấu sườn,Nam,main,"lunch, dinner",20,30,easy,320,18,10,16,2,520,2,35000,65000,balanced,Không,"Ngọt thanh đậm, Béo nhẹ sườn non, Thơm mát nồng hăng cải xoong",0,3,https://encrypted-tbn0.gstatic.com/images?q=tbn:ANd9GcRr4Vy5Wdj3Ln-1BRPrSC00B1l4038FLiO05A&s,"Món canh bồi bổ bổ dưỡng quen thuộc dạt dào sắt, sườn non heo chặt nhỏ ninh nhừ lấy nước dùng ngọt đậm đà hòa cải xà lách xoong giòn mát thanh nhiệt xanh mướt.","Rau xà lách xoong: 300g, Sườn non heo tươi sạch: 300g, Hành tím củ đập dập: 3 củ, Gia vị thông dụng muối tiêu hạt nêm đường phèn","Nồi ninh sườn lớn, Vá hớt bọt, Dao chặt thớt","Sườn non chặt miếng vừa ăn trần qua nước sôi sạch bọt bẩn xả sạch để ráo rau cải xoong nhặt khúc gốc cứng rửa kỹ ráo nước, Cho sườn non heo và hành tím củ đập dập vào nồi đổ ngập nước ninh liu riu lửa nhỏ hớt bọt liên tục trong 30 phút cho sườn chín mềm rục ngọt nước súp, Nêm nếm muối hạt nêm chút đường phèn vừa miệng vị thanh mát ngọt đậm đà sườn heo thịt, Bật lửa lớn đun sôi sùng sục trút toàn bộ rau xà lách xoong vào nồi dùng vá nhấn chìm đun sôi lại nhanh trong 1 phút cho rau vừa chín tới xanh mướt, Múc ngay canh sườn cải xoong ra tô lớn rắc tiêu xay ấm cúng bữa ăn cơm nóng hổi gia đình","Bồi bổ sức khỏe người thiếu máu bổ sung sắt, Thanh nhiệt ngày hè mát lành",Người cần kiêng cắt giảm chất béo động vật
bun-ca-cay-hai-phong,Bún cá cay Hải Phòng,Bắc,main,"breakfast, lunch, dinner",30,50,medium,460,25,62,12,2,890,4,35000,60000,balanced,"Cá biển, Cá đồng","Cay nồng xé lưỡi kích thích, Chua dịu đậm đà, Thơm phức da cá chiên",2,1,https://static.vinwonders.com/production/bun-ca-cay-hai-phong-o-ha-noi-12.jpg,"Tuyệt tác đặc sản đất cảng làm nức lòng thực khách, tô bún đẫm cá thu hoặc cá quả chiên giòn, chả cá thu dẻo dai chan nước dùng chua cay nồng nàn từ ớt hiểm và cốt xương cá đồng lịm ngọt.","Cá thu phi lê hoặc cá quả đồng: 300g, Chả cá thu Hải Phòng: 50g, Bún tươi sợi vừa: 150g, Cà chua, dọc mùng, rau muống chẻ, ớt hiểm băm, gia vị mắm muối đường điều","Nồi ninh nấu nước dùng, Chảo sâu lòng chiên ngập dầu, Vá lỗ lọc bã, thớt dao","Cá thái miếng dày chiên ngập dầu cùng bột nghệ cho vàng giòn rụm lớp vỏ ráo dầu mỡ chả cá chiên cắt lát dẻo bùi dọc mùng bóp muối vắt sạch, Ninh đầu và xương cá biển xương heo cùng hành tím gừng nướng trong nhiều giờ lọc lấy cốt nước dùng trong ngọt đậm hải sản lịm tim, Phi thơm tỏi ớt hiểm băm dầu điều xào chín cà chua múi cau trút vào nồi súp nêm mắm ngon đường phèn dấm bỗng cho ra vị chua cay nồng nàn xé mũi, Trụng bánh bún tươi và dọc mùng xanh giòn đặt đáy tô sâu lòng sắp cá chiên giòn chả cá dọc mặt tô dồi dào, Chan ngập nước súp cá chua cay bỏng giòn nóng hổi sùng sục tỏa hương thơm phức rắc ngập tràn hành lá thì là ớt sừng ăn nóng","Người đam mê vị cay nồng nàn kích thích vị giác, Khám phá đặc sản Hải Phòng đất cảng","Người bị loét đau dạ dày nhạy cảm chua cay, Trẻ em nhỏ tuổi"
canh-bau-nau-ngheu,Canh bầu nấu nghêu,Nam,main,"lunch, dinner",15,15,easy,190,14,15,3,2,590,2,20000,40000,"light, balanced, low-fat",Nghêu,"Ngọt thanh dịu khiết tự nhiên, Mát lành thanh mát, Thơm thoảng hành ngò tiêu xay",0,3,https://cdn.tgdd.vn/Files/2020/02/05/1234519/cach-lam-canh-bau-nau-ngheu-thanh-mat-ngon-com-202002051608159291.jpg,"Thức canh giải nhiệt thanh đạm của bữa cơm ngày hè nắng cháy, quả bầu tươi băm sợi ngọt bùi nấu trong nước nghêu luộc ngọt lịm mát lành sảng khoái cơ thể.","Quả bầu non tươi sạch: 400g, Nghêu nguyên con vỏ: 1kg, Hành tím băm nhuyễn: 1 muỗng canh, Hành lá ngò rí tươi xắt nhỏ, Gia vị muối hạt nêm mắm tiêu đen","Nồi nấu canh sâu lòng lớn, Rổ đãi nghêu lọc nước, Dao băm bầu thớt sạch","Nghêu ngâm nước ớt nhả sạch cát bụi luộc chín há miệng gỡ lấy phần thịt nghêu lọc lấy nước luộc nghêu trong vắt ngọt tự nhiên để riêng, Quả bầu non gọt vỏ dùng dao băm dọc xung quanh rồi thái sợi mỏng dài vừa phải hành ngò xắt nhỏ tiêu giã, Phi thơm hành tím băm trút thịt nghêu vào xào nhanh tay trong 1 phút với chút gia vị tiêu muối cho thịt nghêu săn chắc thơm ngọt mọng, Đổ phần nước luộc nghêu lọc trong vào nồi đun sôi sùng sục nêm chút xíu gia vị muối hạt nêm vừa vặn vị ngọt khiết thanh mát lạnh, Thả bầu băm sợi vào nồi canh quấy nhẹ đun lửa lớn sôi bùng trong 1 đến 2 phút cho bầu chín trong dẻo ngọt dai xanh rắc hành ngò tiêu múc ra","Bữa cơm gia đình giải nhiệt thanh lọc cơ thể ngày hè nắng oi bức, Mọi lứa tuổi yêu vị thanh ngọt tự nhiên","Người cơ địa bụng yếu lạnh bụng nhạy cảm hệ tiêu hóa, Bệnh nhân bị bệnh gout nặng kiêng đạm thủy sản vỏ cứng"
com-nieu-dap,Cơm niêu đập,Nam,main,"lunch, dinner",20,40,medium,420,8,72,10,1,380,1,40000,90000,balanced,Không,"Giòn rụm rôm rốp ngoài, Bùi dẻo thơm hạt cơm bên trong, Thơm bơ mỡ hành",0,2,https://encrypted-tbn0.gstatic.com/images?q=tbn:ANd9GcRs-hioecQAwr3I2PlTznr6CjE-EzoTzuDUsA&s,"Trải nghiệm ẩm thực độc đáo đầy thú vị tại các quán cơm niêu Việt Nam, cơm được nấu chín se cháy vàng giòn rụm đều quanh thành niêu đất nhỏ, đập vỡ niêu lấy mảng cơm giòn rưới mỡ hành thơm nức.","Gạo tám thơm dẻo: 300g, mỡ heo hoặc dầu ăn ngon: 2 muỗng canh, Hành lá tươi cắt nhỏ: 30g, Nước lọc tinh khiết sạch nấu cơm, Niêu đất nhỏ","Niêu đất nhỏ, Bếp than lò nướng nhiệt cao, Búa nhỏ đập niêu gỗ, Đĩa phẳng lớn","Gạo vo sạch để ráo cho vào niêu đất thêm nước lượng vừa đủ ít hơn nấu cơm thường đậy kín nắp đất nung cố định chắc, Đặt niêu đất lên bếp than lửa hồng hoặc lò nướng nhiệt độ cao nấu sôi rồi hạ lửa nhỏ vùi tro nóng xoay liên tục thành niêu se cháy vàng, Đun xoay liên tục dứt khoát trong 35 đến 40 phút cho hạt cơm bám quanh lòng niêu se lớp vỏ cháy vàng ruộm giòn tan rôm rốp ráo bên trong mềm, Làm mỡ hành dội dầu đun sôi vào hành lá thái nhỏ béo ngậy tỏa hương thơm lừng đậm đà hạt muối tiêu ngào đường dịu, Khi ăn phục vụ dùng búa gỗ nhỏ gõ đập nhẹ ngoài thành niêu đất cho vỡ vụn tách lấy nguyên khối mảng cơm cháy giòn rụm vàng ruộm óng ả ra đĩa lớn, Rưới ngập tràn hỗn hợp mỡ hành hành phi béo ngậy lên khắp đĩa cơm cháy đập giòn rôm rốp cắt miếng vừa ăn nóng kèm kho quẹt cá kho tộ cực hao cơm","Bữa cơm liên hoan gia đình bè bạn họp mặt trải nghiệm văn hóa ẩm thực truyền thống Việt Nam độc đáo, Mọi lứa tuổi ưa giòn rụm","Người răng yếu nhai đồ cứng khó khăn nặng, Người ăn kiêng cắt giảm tối đa tinh bột mỡ động vật dầu rán"
canh-mang-tuoi-nau-vit,Canh măng tươi nấu vịt,Bắc,main,"lunch, dinner",20,40,easy,380,22,8,24,2,720,2,80000,150000,balanced,Thịt vịt,"Ngọt thanh, Đậm đà, Thơm măng tươi",1,4,https://encrypted-tbn0.gstatic.com/images?q=tbn:ANd9GcQa8e41D0h6r4B_3KnFAnSn3UKAvaK6nE2Lvw&s,Món canh ấm áp đậm đà đưa cơm với thịt vịt xiêm béo ngọt hầm cùng măng tươi giòn sần sật thanh nhiệt cơ thể.,"Thịt vịt xiêm: 1kg, Măng tươi: 400g, Hành tím băm: 2 muỗng canh, Gừng tươi: 1 củ, Hành lá rau mùi tàu: 30g, Gia vị mắm muối tiêu: 1 ít","Nồi hầm lớn, Dao thái, Thớt sạch","Thịt vịt xát muối gừng rượu trắng khử mùi hôi chặt miếng vừa ăn, Măng tươi luộc qua với nước muối vài lần để khử độc và vị đắng gắt rồi xắt miếng vừa ăn, Phi thơm hành tím băm trút thịt vịt vào xào săn cho cháy cạnh, Cho măng tươi vào đảo đều cùng thịt vịt nêm nước mắm hạt nêm cho thấm vị, Đổ nước lọc ngập mặt thịt đun sôi rồi hạ lửa nhỏ ninh liu riu hớt bọt liên tục trong 30 phút đến khi thịt vịt chín mềm nhừ, Nêm nếm lại gia vị cho vừa miệng rắc hành lá mùi tàu xắt nhỏ rồi múc ra tô ăn nóng","Bữa cơm gia đình ngày mưa lạnh, Người cần bổ sung năng lượng","Người bị bệnh gout, Người mỡ máu cao"
banh-tai-heo-phu-tho,Bánh tai heo Phú Thọ,Bắc,snack,"breakfast, snack",45,30,medium,240,8,38,6,1,420,1,5000,15000,balanced,Không,"Bùi dẻo, Thơm thịt heo hành tím, Đậm đà dịu nhẹ",0,2,https://cdn.tgdd.vn/2021/11/CookRecipe/Avatar/1200-13.jpg,"Món bánh dân dã vùng đất tổ Phú Thọ có hình dáng cong cong như chiếc tai heo, làm bằng bột gạo tẻ dẻo bùi ôm lấy nhân thịt heo băm đậm đà.","Gạo tẻ ngon hạt tròn: 500g, Thịt ba chỉ hoặc nạc vai heo: 200g, Hành tím: 50g, Muối: 1 muỗng cà phê, Tiêu đen xay: 1 muỗng cà phê, Hạt nêm: 1 muỗng cà phê","Máy xay bột mịn, Nồi hấp cách thủy, Thau nhào bột, Dao thớt","Gạo tẻ ngâm nước vài tiếng đem xay mịn với nước lọc rồi ép ráo để thu được khối bột dẻo dính tinh khiết, Thịt heo băm nhỏ trộn hành tím băm muối tiêu hạt nêm rồi xào sơ qua làm nhân bánh, Nhào khối bột gạo tẻ thật kỹ rồi chia thành từng viên nhỏ nặn dẹt tròn, Cho nhân thịt heo vào giữa miếng bột gập đôi bột lại miết nhẹ mép bánh tạo hình cong dẹt giống chiếc tai heo, Xếp lần lượt bánh tai vào xửng hấp cách thủy trên lửa lớn trong vòng 30 phút đến khi vỏ bột chín chuyển màu trắng trong dẻo bùi","Ăn sáng bình dân mộc mạc, Quà quê truyền thống mọi lứa tuổi",Người thực hiện chế độ ăn kiêng tinh bột
canh-mit-non-nau-tom,Canh mít non nấu tôm,Trung,main,"lunch, dinner",20,20,easy,210,14,15,5,3,560,2,25000,50000,"light, balanced","Tôm, Hải sản","Ngọt bùi mộc mạc, Thanh mát, Thơm rau lốt",0,3,https://cdn.tgdd.vn/Files/2021/09/21/1384312/cach-nau-canh-mit-non-tom-tuoi-va-la-lot-thom-ngon-chuan-vi-202206061513171828.jpg,Món canh mộc mạc đậm tình quê miền Trung với mít non bùi béo kết hợp tôm tươi ngọt nước tự nhiên và hương rau lốt thơm nồng nàn.,"Mít non tước vỏ: 300g, Tôm tươi luộc lột vỏ: 150g, Lá rau lốt tươi: 50g, Hành tím băm: 1 muỗng canh, Gia vị mắm muối hạt nêm: 1 ít","Nồi nấu canh, Dao thái sợi, Thớt sạch","Mít non tước bỏ sạch vỏ gai ngoài ngâm nước vo gạo cho bớt mủ rồi thái lát mỏng xắt sợi vừa ăn, Tôm tươi bóc vỏ rút chỉ đen giã nhuyễn quết chút hành băm và tiêu muối hạt nêm, Phi thơm hành tím băm trút tôm giã vào xào nhanh trên lửa lớn cho săn dậy mùi ngọt, Đổ nước lọc vào nồi nấu đun sôi sùng sục, Thả mít non xắt sợi vào nồi đun lửa vừa đến khi thớ mít chín mềm bùi dẻo, Nêm nước mắm muối hạt nêm cho canh vừa vị thanh nhạt, Thả rau lốt xắt sợi vào đảo đều đun sôi bùng lại trong 1 phút rồi múc ra tô lớn thưởng thức","Bữa cơm thanh mát giải nhiệt ngày hè, Mọi lứa tuổi gia đình",Người dị ứng hải sản tôm
bun-hen-xu-hue,Bún hến xứ Huế,Trung,main,"breakfast, lunch, dinner",30,30,medium,360,14,55,8,2,780,2,20000,35000,balanced,"Hến, Thủy sản","Đậm đà vị mắm ruốc, Chua cay xé lưỡi, Ngọt thanh nước hến",3,1,https://encrypted-tbn0.gstatic.com/images?q=tbn:ANd9GcRBI2kLvFdqZIFwDI57sYjxSBkH6mtrAG3oOQ&s,"Đặc sản bình dân cố đô Huế, bún nguội trộn thịt hến xào đậm đà, da heo chiên giòn, bắp chuối, rau muống chẻ chan mắm ruốc cay nồng xé lưỡi kèm súp hến ngọt ấm.","Thịt hến tươi luộc: 150g, Bún tươi sợi nhỏ: 150g, Nước luộc hến trong: 300ml, Mắm ruốc Huế ngon: 1 muỗng canh, Da heo chiên giòn: 20g, Bắp chuối bào, rau muống chẻ, hành tỏi băm, ớt sa tế, đậu phộng rang","Chảo xào hến, Nồi đun súp, Tô lòng sâu lớn, Chày cối","Hến rửa thật sạch cát bẩn rồi đem xào săn trên chảo với hành tỏi băm và gia vị tiêu mắm đậm đà, Nước luộc hến gạn lấy phần nước trong đun sôi nêm chút gừng sả băm và mắm ruốc giữ độ nóng ngọt, Làm sạch xắt mịn rau ăn kèm gồm bắp chuối môn dọc mùng rau muống chẻ, Xếp rau sống và bún tươi sợi nhỏ vào đáy tô lòng sâu lớn, Múc thịt hến xào rắc đậu phộng rang hành phi da heo chiên giòn sa tế ớt lên mặt tô bún, Chan một ít mắm ruốc Huế pha loãng mặn ngọt vào tô trộn đều, Thực khách dùng kèm bát nước súp hến ngọt thanh nóng hổi bốc khói kế bên","Người mê vị cay nồng đậm vị cố đô, Khám phá đặc sản xứ Huế","Người đau dạ dày nặng nhạy cảm vị chua cay mặn, Người dị ứng thủy sản"
canh-bap-cai-cuon-thit,Canh bắp cải cuộn thịt,Bắc,main,"lunch, dinner",20,15,easy,220,16,12,10,2,510,3,25000,50000,"light, balanced, low-fat",Không,"Thanh nhẹ ngọt dịu, Thơm mộc mạc",0,3,https://i.ex-cdn.com/nongnghiepmoitruong.vn/files/dungct/2021/06/23/mon-ngon-moi-ngay-canh-bap-cai-cuon-thit-bam-093613_20210623_524.jpg,"Món canh thanh đạm bổ dưỡng mát lành với lá bắp cải cuộn chặt nhân thịt heo băm nhuyễn mộc nhĩ hành củ, nấu trong nước súp ngọt lịm tự nhiên.","Lá bắp cải trắng bản lớn: 10 lá, Thịt heo băm nhỏ: 200g, Mộc nhĩ ngâm nở băm nhỏ: 20g, Hành lá tươi nguyên cọng: 10 cọng, Hành tím băm: 1 muỗng canh, Gia vị tiêu muối hạt nêm","Nồi nấu canh, Dao thái thớt, Tô trộn nhân bánh","Lá bắp cải cắt bớt phần cuống dày cứng đem trần sơ qua nước sôi cho mềm dẻo hành lá trần sơ làm dây buộc, Trộn đều thịt heo băm mộc nhĩ hành tím băm muối tiêu hạt nêm làm hỗn hợp nhân đậm đà, Trải phẳng lá bắp cải múc một muỗng nhân thịt vào giữa cuộn tròn chặt tay gập mép hai đầu, Dùng cọng hành lá đã trần buộc cố định chặt quanh cuốn bắp cải, Đun sôi nồi nước lọc hoặc nước dùng xương nêm gia vị thanh nhạt vừa miệng, Thả lần lượt các cuộn bắp cải thịt vào nồi đun lửa vừa trong mười lăm phút cho chín thấu nhân trong, Múc canh ra tô rắc hành lá tiêu xay ăn nóng","Bữa cơm thanh nhiệt giải độc cơ thể ngày hè, Chế độ ăn lành mạnh ít béo",Không
cha-ca-la-vong,Chả cá Lã Vọng,Bắc,main,"lunch, dinner",30,20,medium,450,28,12,32,1,820,2,150000,300000,balanced,"Cá, Mắm tôm, Đậu phộng","Bùi béo ngậy, Đậm đà mắm tôm, Thơm nức thì là củ nghệ",1,2,https://i-giadinh.vnecdn.net/2025/12/01/Cha-ca-la-vong-7-vnexpress-176-8776-9111-1764583068.jpg,"Tinh hoa ẩm thực Hà Thành cổ kính, phi lê cá lăng nướng nghệ vàng ruộm rồi đảo nóng trên chảo mỡ cùng thật nhiều thì là, hành hoa chấm mắm tôm béo ngậy bùi thơm.","Phi lê cá lăng tươi: 500g, Nghệ tươi giã nhỏ: 2 muỗng canh, Riềng tươi giã: 1 muỗng canh, Mẻ chua: 2 muỗng canh, Mắm tôm ngon đặc sản: 3 muỗng canh, Thì là hành hoa nguyên cọng: 150g, Đậu phộng rang, bún tươi sợi nhỏ","Chảo gang lòng nông phục vụ tại bàn, Vỉ nướng than hoa, Bếp cồn nhỏ, Dao thái thớt","Cá lăng lọc bỏ xương cắt miếng vuông dày vừa ăn đem ướp nước cốt nghệ riềng mẻ chua mắm tôm tiêu đường trong 30 phút, Kẹp cá vào vỉ nướng sơ trên bếp than hoa cho săn chắc thịt chín tái và xém vàng đều hai mặt, Chuẩn bị chảo gang nóng trên bếp cồn tại bàn ăn cho một lượng mỡ heo hoặc dầu ăn đun sôi sùng sục, Trút cá nướng vào chảo đảo nhẹ tay rải ngập tràn hành hoa nguyên cọng và rau thì là cắt khúc dài vào đảo cùng béo ngậy, Khi rau vừa chín tái tỏa hương thơm nức mũi gắp miếng cá cùng rau thì là ra chén bún tươi, Rưới mắm tôm ngon đã đánh bông chanh đường cay nồng rắc đậu phộng rang giã dập rồi thưởng thức","Tiệc tiếp khách sang trọng, Khám phá văn hóa ẩm thực Hà Nội","Người béo phì kiêng đồ dầu mỡ nhiều chất béo, Người không ăn được mắm tôm"
nom-hoa-chuoi-tai-heo,Nộm hoa chuối tai heo,Bắc,main,"lunch, dinner, snack",25,15,easy,290,15,12,18,3,640,4,35000,65000,"light, balanced",Đậu phộng,"Chua ngọt thanh mát, Giòn sần sật tai heo, Chát nhẹ hoa chuối bùi bùi",1,3,https://encrypted-tbn0.gstatic.com/images?q=tbn:ANd9GcRhbncYqFF5qZE5FhAU2sjRr1Sa0SlvXNBVew&s,"Món khai vị thanh mát giòn tai ngon miệng vị chua ngọt hài hòa, hoa chuối bào sợi mỏng kết hợp tai heo luộc giòn sần sật và đậu phộng rang bùi béo bùi bùi.","Hoa chuối bào mỏng: 300g, Tai heo sạch trắng: 1 cái, Cà rốt bào sợi: 50g, Nước mắm ngon: 3 muỗng canh, Nước cốt chanh đường tỏi ớt băm nhuyễn, Đậu phộng rang giã dập, rau thơm rau răm","Tô trộn lớn sạch, Dao thái sắc, Chậu ngâm chanh đá","Tai heo bóp muối giấm luộc chín với gừng vớt ra ngâm ngay vào nước đá lạnh cho trắng giòn rồi thái lát thật mỏng, Hoa chuối bào sợi mỏng ngâm ngay vào chậu nước pha chanh muối loãng để không bị thâm và bớt chát rồi vớt ra vắt ráo nước, Pha nước sốt nộm trộn chua ngọt mặn cay cân bằng từ nước cốt chanh tươi đường cát tỏi ớt băm và nước mắm ngon, Cho hoa chuối tai heo cà rốt xắt sợi rau thơm vào tô trộn lớn sạch, Rưới nước sốt trộn đều bóp thấu nhẹ tay liên tục trong năm phút cho các nguyên liệu ngấm đượm vị sốt, Bày nộm ra đĩa rắc đậu phộng rang giã dập hành phi thưởng thức mát giòn xôm xốp","Món khai vị mâm cỗ liên hoan tụ họp, Bữa ăn giải nhiệt thanh nhiệt mùa hè",Người đau dạ dày nặng nhạy cảm đồ chua
banh-tet-tra-cuon,Bánh tét Trà Cuôn,Nam,main,"breakfast, lunch, dinner",60,480,hard,460,14,68,16,2,520,1,60000,120000,balanced,Trứng muối,"Bùi béo đậm đà, Thơm nếp ngon lá ngót dẻo quánh dính",0,6,https://cdn.tgdd.vn/Files/2020/10/15/1299133/mua-banh-tet-tra-cuon-o-tphcm-o-dau-202201050943262616.jpg,"Đặc sản Trà Vinh nức tiếng lừng danh phương Nam, đòn bánh gói chắc tay, nếp xanh nhuộm nước lá ngót, nhân đậu xanh bùi béo, thịt mỡ và trứng muối béo ngậy đậm đà.","Gạo nếp ngon dẻo: 1kg, Nước cốt lá ngót tạo màu xanh: 100ml, Đậu xanh tách vỏ luộc nhuyễn: 300g, Thịt ba chỉ heo mỡ nhiều: 300g, Lòng đỏ trứng muối: 6 quả, Lá chuối sạch gói bánh, dây lạt tre","Nồi luộc bánh cỡ lớn, Thau trộn nếp, Lạt tre buộc chặt","Gạo nếp vo sạch trộn đều với nước cốt lá ngót tạo màu xanh đậm tự nhiên xóc chút muối hạt cho đậm đà, Thịt ba chỉ heo cắt thỏi dài bằng đòn bánh ướp muối đường nhiều tiêu sọ cho mỡ trong dẻo bùi, Đậu xanh hấp chín giã mịn bao bọc quanh nhân thịt heo trứng muối vo tròn thỏi dài, Trải nhiều lớp lá chuối sạch phẳng ra dàn đều một lớp nếp xanh rồi đặt đòn nhân đậu xanh thịt trứng muối vào giữa, Khéo léo cuộn tròn chặt tay đòn bánh tét gấp kín hai đầu buộc lạt tre cố định chắc chắn quanh thân bánh, Xếp bánh vào nồi lớn đổ ngập nước luộc liên tục lửa củi từ 8 đến 10 tiếng cho nếp chín nhừ dẻo quánh, Vớt bánh ra rửa nước lạnh treo thoáng ráo cắt khoanh thưởng thức","Dịp lễ Tết cổ truyền sum họp, Quà biếu đặc sản phương Nam ý nghĩa","Người tiểu đường, Người thừa cân béo phì kiêng mỡ động vật"
goi-ngo-sen-tai-heo,Gỏi ngó sen tai heo,Nam,main,"lunch, dinner, snack",20,15,easy,270,14,16,12,2,580,5,40000,80000,"light, balanced",Đậu phộng,"Chua ngọt giòn mát sảng khoái, Đậm đà thơm mỡ hành",1,3,https://cdn2.fptshop.com.vn/unsafe/1920x0/filters:format(webp):quality(75)/2023_10_23_638336964714581762_goi-ngo-sen-tai-heo.jpg,"Món nộm giải nhiệt giòn tan bắt miệng Nam Bộ, ngó sen trắng muốt ngấm sốt chua ngọt phối hợp tai heo luộc thái mỏng giòn sật và đậu phộng bùi béo bùi bùi.","Ngó sen tươi sạch: 200g, Tai heo luộc chín trắng: 1 cái, Cà rốt bào sợi: 50g, Nước mắm tỏi ớt chanh đường trộn gỏi, Đậu phộng rang chín, rau răm rau húng tươi","Tô trộn lớn sạch, Chậu ngâm đá chanh, Dao thái sắc mỏng","Tai heo luộc chín xắt lát thật mỏng ngâm nước đá loãng cho trắng giòn ráo nước, Ngó sen chẻ đôi tước sợi ngâm chậu nước giấm chanh đá lạnh cho trắng phau giòn xốp vắt ráo bóp chút đường cát, Pha nước sốt mắm gỏi keo tương gồm mắm ngon đường cát nước tắc chanh tươi tỏi ớt giã nhuyễn chua ngọt vừa vặn, Cho ngó sen tai heo cà rốt xắt sợi vào tô trộn lớn rưới nước sốt mắm vào trộn đều tay nhẹ nhàng bóp thấu nhẹ mười phút, Thả rau răm húng lủi xắt nhỏ vào trộn sơ một lượt dứt khoát cho thấm vị, Bày gỏi ngó sen ra đĩa rắc đậu phộng rang giã dập hành phi ăn kèm bánh phồng tôm chiên giòn","Món khai vị bàn tiệc gia đình liên hoan, Giải nhiệt giải ngấy cơ thể ngày hè",Người bị loét dạ dày nhạy cảm vị chua mặn
banh-phu-the-bac-ninh,Bánh phu thê Bắc Ninh,Bắc,snack,snack,45,30,hard,260,3,58,4,1,90,18,5000,15000,vegetarian,"Mè, Đậu xanh","Ngọt bùi béo ngậy, Giòn sần sật đu đủ, Dẻo dính dai",0,4,https://cdn3.ivivu.com/2022/12/banh-phu-the-dinh-bang-ivivu-13.jpg,"Món bánh cưới hỏi truyền thống làng Đình Bảng - Bắc Ninh, bột nếp lọc nhuộm màu quả dành dành vàng óng dai dẻo sần sật sợi đu đủ ôm nhân đậu xanh dừa bùi béo ngậy.","Bột nếp lọc tinh khiết: 300g, Nước quả dành dành tạo màu vàng: 50ml, Đu đủ xanh bào sợi ngâm giòn: 50g, Đậu xanh không vỏ sên nhuyễn: 150g, Đường cát phèn: 120g, Sợi dừa nạo mỡ heo ngào đường, Hộp lá dừa khuôn bánh","Nồi quấy bột dầy, Khuôn hộp lá dừa vuông, Xửng hấp cách thủy, Đũa cả lớn","Hòa bột nếp lọc với nước quả dành dành tạo màu vàng tươi óng nước đường cát và sợi đu đủ xanh vắt ráo nước hoàn toàn, Đun nhỏ lửa quấy bột đều tay liên tục trên chảo đến khi hỗn hợp bột đặc nửa sống nửa chín dẻo quánh se lại, Đậu xanh hấp chín giã mịn sên với đường trộn sợi dừa nạo mỡ heo hạt lựu ngào đường làm nhân viên tròn dẹt, Lót lá chuối phết dầu vào khuôn lá dừa vuông nhỏ múc một lớp bột vàng đặt nhân đậu xanh dừa vào phủ tiếp lớp bột vàng kín nhân, Đậy nắp hộp lá dừa xếp vuông vắn vào xửng hấp cách thủy trên lửa lớn hông chín, Hấp trong vòng 30 phút đến khi bột bánh chín hoàn toàn trong suốt nhìn thấu nhân dẻo dai sần sật đầu lưỡi","Đám cưới dạm ngõ đám hỏi truyền thống, Quà biếu ý nghĩa đậm đà nét đẹp Kinh Bắc mọi lứa tuổi",Bệnh nhân tiểu đường tăng đường huyết nặng
goi-du-du-ba-khia-mien-tay,Gỏi đu đủ ba khía miền Tây,Nam,main,"lunch, dinner, snack",20,5,easy,280,12,22,9,2,890,6,30000,60000,"light, balanced","Ba khía, Thủy sản","Chua cay mặn ngọt đậm đà xộc mùi, Giòn sần sật đu đủ",2,2,https://giadinh.mediacdn.vn/zoom/740_463/2017/photo-9-1494395930406.jpg,"Món ăn vặt đường phố miền Tây Nam Bộ cực bắt vị kích thích, đu đủ xanh bào sợi giòn đâm giã giập cùng ba khía muối mặn mòi, chanh đường tỏi ớt cay xè nồng nàn.","Đu đủ xanh bào sợi giòn: 250g, Con ba khía muối miền Tây: 2 con, Nước cốt chanh tắc tươi: 3 muỗng canh, Đường thốt nốt dẻo: 2 muỗng canh, Tỏi củ, ớt hiểm tươi cay, cà chua bi, rau răm đậu phộng","Cối đâm gỏi lớn bằng gỗ, Chày gỗ lớn, Dao bào sợi mỏng","Ba khía muối rửa sạch nước ấm tách mai xé nhỏ càng và thân ngâm chanh đường tỏi ớt cho dịu bớt mặn chát, Cho tỏi củ ớt hiểm đỏ đường thốt nốt vào cối gỗ giã thật nhuyễn nát tạo hỗn hợp sốt keo cay xè, Thả các miếng ba khía muối đã xé vào cối dùng chày đâm giã nhẹ tay cho ba khía tiết nước mặn mòi quyện sốt đường chanh, Cho đu đủ xanh bào sợi giòn cà chua bi rau răm vào cối đâm trộn cùng, Dùng chày đâm trộn nhẹ tay liên tục đồng thời quấy đều cho sợi đu đủ thấm đẫm nước sốt ba khía chua mặn ngọt cay nồng nàn xộc mũi, Trút gỏi ra đĩa rắc đậu phộng rang giã dập hành phi thưởng thức ngay giòn sật ngọt bùi","Tụ tập ăn vặt chiều tối muộn quán cóc, Người thích ăn chua cay đậm mùi miền Tây sông nước","Người bị loét đau dạ dày, Phụ nữ mang thai, Người kiêng ăn mặn"
chao-chan-gio-kim-son,Chạo chân giò Kim Sơn,Bắc,main,"lunch, dinner",30,30,medium,420,26,5,32,1,610,1,80000,150000,Keto / Low-carb,Không,"Thơm nức mùi thính gạo nếp, Đậm đà, Bùi béo mềm ngọt, Cay nồng",1,3,https://encrypted-tbn0.gstatic.com/images?q=tbn:ANd9GcRbhhRErE8IyCcuE0XFujhfX7yA1PufN1wKOA&s,"Đặc sản đất cố đô Ninh Bình lừng danh thịt chân giò heo thui rơm vàng rộm xắt mỏng áp chảo, trộn đều thính gạo nếp sả lát lá chanh thơm nức mũi đưa cơm bùi béo.","Thịt chân giò heo ngon rút xương: 600g, Thính gạo nếp rang thơm nức: 50g, Sả cây tươi xắt lát mỏng: 30g, Lá chanh tươi: 10 lá, Gừng tươi tỏi ớt, khế chua cắt lát, muối mắm tinh tương bần","Bếp thui rơm hoặc súng khò gas, Chảo gang áp chảo, Tô trộn lớn, Dao thái thật sắc","Thịt chân giò heo đem thui rơm hoặc dùng súng khò gas cho lớp da ngoài vàng rộm cháy xém thơm nức rồi cạo sạch rửa ráo nước, Dùng dao sắc thái thịt chân giò thui thành từng lát mỏng bản dài vừa ăn, Cho thịt chân giò thái mỏng vào chảo gang áp chảo nhanh trên lửa lớn cho thịt chín thấu săn mọng bùi béo tự ra mỡ se cạnh da giòn, Trút thịt chân giò áp chảo nóng hổi ra tô trộn lớn sạch, Rắc đều thính gạo nếp rang sả xắt lát mỏng khế chua lá chanh thái sợi chỉ vào tô thịt, Dùng tay bóp trộn quấy đều nhẹ tay cho thính bám phủ kín mướt mát miếng thịt chân giò thơm phức, Bày ra đĩa cuốn lá sung đinh lăng chấm tương bần đậm đà núi rừng","Tiệc rượu tiếp khách sum họp cuối tuần bạn bè, Chế độ ăn kiêng ít tinh bột Keto dinh dưỡng",Người thừa cân béo phì kiêng mỡ chất béo động vật dồi dào
ba-khia-muoi-mien-tay,Ba khía muối miền Tây,Nam,main,"lunch, dinner",15,0,easy,180,14,6,4,0,1200,4,20000,45000,low-fat,"Ba khía, Thủy sản","Mặn mòi đậm đà cực hạn, Chua cay ngọt nồng, Thơm đặc trưng mắm cốt",2,2,https://cdn.tgdd.vn/2022/10/CookDish/2-cach-tron-ba-khia-goi-ba-khia-mien-tay-gay-nghien-avt-1200x676-1.jpg,"Món mắm hải sản độc đáo miền sông nước Tây Nam Bộ, con ba khía rừng ngập mặn muối mặn xé nhỏ trộn đẫm nước cốt chanh đường tỏi ớt cực kỳ hao cơm mặn mà.","Con ba khía muối nguyên vẹn chắc thịt: 4 con, Tỏi băm nhuyễn: 2 muỗng canh, Ớt hiểm tươi băm giã cay xè: 1 muỗng canh, Đường cát trắng đường thốt nốt: 3 muỗng canh, Nước cốt chanh tươi đậm đặc: 2 muỗng canh","Tô trộn mắm sạch, Đũa quấy mặn, Chén dập tỏi ớt băm nhuyễn","Rửa sạch ba khía muối vài lần bằng nước ấm hoặc nước sôi để giảm bớt độ mặn gắt ngoài vỏ tách bỏ phần mai cứng yếm bẩn, Khéo léo dùng tay bẻ xé thân ba khía làm đôi làm tư bẻ các càng nhỏ đập dập nhẹ càng lớn cho dễ ngấm vị, Cho ba khía xé nhỏ vào một tô trộn sạch khô ráo, Trút toàn bộ tỏi băm nhuyễn ớt hiểm tươi giã cay xè đường cát thốt nốt và nước cốt chanh tươi vào tô mắm ba khía, Dùng đũa trộn quấy thật đều liên tục mạnh tay cho các gia vị chanh đường tỏi ớt ngấm sâu hòa tan điều hòa vị mặn mòi, Đậy kín tô mắm ngâm trong ngăn mát tủ lạnh ít nhất 2 tiếng cho mắm ba khía dịu vị chua cay nồng nàn múc ra đĩa ăn kèm cơm nóng khoai mì luộc","Bữa cơm mộc mạc dân dã sông nước Nam Bộ cực kì đưa cơm, Tín đồ đam mê món mắm muối lên men đậm vị vùng miền","Bệnh nhân bị cao huyết áp suy thận cần kiêng mặn muối gắt, Phụ nữ mang thai"
ga-nuong-dat-set,Gà nướng đất sét,Nam,main,"lunch, dinner",35,60,hard,420,32,2,24,0,540,1,150000,280000,Keto / Low-carb,Không,"Ngọt mọng nước thanh khiết dồi dào, Thơm lá chanh sả nồng nàn hương đất",0,4,https://cdn11.dienmaycholon.vn/filewebdmclnew/public/userupload/files/kien-thuc/cach-lam-ga-dap-dat-set/cach-lam-ga-dap-dat-set-9.jpg,"Cách chế biến dã ngoại độc đáo miền Tây sông nước, gà ta nguyên con đắp bùn đất sét bọc kín nướng vùi bếp củi rơm rực lửa giữ trọn vẹn vị ngọt mọng nước tự nhiên thơm nức.","Gà ta thả vườn nguyên con làm ruột: 1.2kg, Đất sét hoặc bùn ruộng sạch dẻo dính: 2kg, Lá chanh tươi sả cây tươi: 50g, Lá sen tươi sạch bản lớn: 3 lá, Muối hạt tinh chanh ớt tươi","Bếp củi rơm lớn dã ngoại hoang dã, Mâm sạch đắp đất, Dao chặt lớn thớt dầy","Gà ta cắt tiết làm ruột sạch giữ nguyên bộ lông ngoài không vặt rửa sạch trong bụng xóc muối tiêu sả lá chanh băm nhỏ cho thấm vị, Nhét thật nhiều sả cây đập dập và lá chanh tươi nguyên cọng vào trong khoang bụng gà để lấy mùi thơm ngọt, Bọc kín toàn bộ con gà bằng nhiều lớp lá sen tươi sạch lớn bên ngoài lớp lông mượt, Nhào đất sét dẻo dính đều đặn đắp bao bọc phủ ngập kín một lớp dày khoảng hai xăng ti mét quanh bọc lá sen thành khối thuôn tròn chặt tay, Đào hố nhỏ xếp củi rơm rực lửa đặt bọc gà đất sét vào chính giữa vùi rơm khô đốt cháy liên tục lửa lớn hầm nướng trong vòng một tiếng, Khi khối đất sét nứt nẻ khô cứng cong giòn vớt ra dùng búa gõ nhẹ lớp đất sét khô bong ra kéo theo toàn bộ lớp lông gà dính chặt rụng sạch, Lột bỏ lá sen lộ thịt gà chín vàng mọng nước bốc khói ngọt lịm tự nhiên xé chấm muối ớt lá chanh cay ấm","Tiệc nướng dã ngoại ngoài trời sum họp bạn bè trải nghiệm hoang dã dân dã, Chế độ dinh dưỡng ăn kiêng ít tinh bột Keto Low-carb",Không
goi-tai-heo-hoa-chuoi,Gỏi tai heo hoa chuối,Nam,main,"lunch, dinner, snack",25,15,easy,290,15,12,18,3,640,5,35000,65000,"light, balanced",Đậu phộng,"Chua ngọt thanh mát, Giòn sần sật tai heo, Chát nhẹ hoa chuối bùi béo",1,3,https://i-giadinh.vnecdn.net/2023/04/15/Thanh-pham-1-1-1380-1681544604.jpg,"Món gỏi trộn miền Nam giòn sật bắt miệng vị chua ngọt hài hòa mướt mát thơm hành, bắp chuối bào mỏng trộn tai heo luộc dẻo giòn, nước sốt tắc đường ngọt đậm đà phương Nam.","Bắp chuối hột bào mỏng mượt: 300g, Tai heo sạch trắng giòn dẻo: 1 cái, Cà rốt bào sợi mỏng: 50g, Đậu phộng rang chín giã dập: 2 muỗng canh, Nước cốt tắc ngọt thơm đường cát nước mắm ngon đặc sản, rau răm rau húng nhủi tươi xắt nhỏ, hành phi giòn","Tô trộn lớn sạch khô ráo, Dao bào mỏng bắp chuối thớt sắc mỏng, Thau ngâm chanh đá lạnh","Tai heo cạo sạch lông bóp muối giấm luộc chín tới cùng hành tím gừng vớt ra ngâm ngay thau nước đá lạnh pha chanh cho giòn trắng rồi dùng dao thái lát mỏng tang, Bắp chuối bào sợi mỏng ngâm chậu nước pha cốt chanh tươi đá lạnh cho trắng phau giòn xốp xả sạch vắt ráo bóp chút đường cát mịn cho bớt chát, Pha nước sốt trộn gỏi Nam Bộ đậm đà ngọt dịu từ nước cốt tắc tươi đường cát trắng tỏi ớt băm nhuyễn và nước mắm ngon đặc sản keo sánh, Cho bắp chuối sợi tai heo thái mỏng cà rốt sợi vào tô trộn lớn rưới ngập tràn nước sốt trộn đều tay bóp thấu nhẹ nhàng năm phút cho ngấm thấu vị, Rắc rau răm húng lủi thái nhạt đậu phộng rang giã dập hành phi giòn lên trên mặt đĩa trộn đều nhẹ tay một lượt, Múc gỏi tai heo ra đĩa lớn ăn kèm bánh phồng tôm chiên giòn tan chấm mắm chua ngọt cực ngon miệng","Món khai vị bàn tiệc liên hoan cuối tuần ấm cúng, Bữa ăn thanh nhiệt giải độc giải ngấy cơ thể ngày hè oi bức đưa vị",Người bị loét đau dạ dày nặng nhạy cảm vị chua
ca-bong-song-tra-kho-tieu,Cá bống sông Trà kho tiêu,Trung,main,"lunch, dinner",20,30,easy,280,22,2,12,0,850,2,50000,100000,balanced,Cá,"Đậm đà, Mặn ngọt béo, Cay nồng vị tiêu",2,3,https://encrypted-tbn0.gstatic.com/images?q=tbn:ANd9GcRerBZwgUpXdxz3QmL9nNlAHWw6vuFVbsP00Q&s,"Đặc sản lừng danh Quảng Ngãi, cá bống sông Trà nhỏ bằng ngón tay kho tiêu keo sệt, thịt chắc dai mặn ngọt đậm đà cực kỳ hao cơm.","Cá bống sông Trà tươi: 400g, Tiêu đen xay mịn: 2 muỗng cà phê, Nước mắm ngon: 3 muỗng canh, Đường cát: 2 muỗng canh, Hành tím băm: 1 muỗng canh, Ớt tươi, Dầu ăn","Nồi đất kho cá, Đũa, Vá","Làm sạch cá bống bóp chút muối để khử tanh xả sạch để ráo nước hoàn toàn, Ướp cá bống với nước mắm đường tiêu hành tím băm và chút dầu ăn trong 30 phút cho thịt cá săn chắc, Thắng đường cát với dầu ăn trên nồi đất để tạo nước màu vàng cánh gián thơm phức, Trút cá bống đã ướp vào nồi đất đun lửa lớn cho sôi bùng lên se mặt cá, Hạ lửa nhỏ liu riu kho cá không đảo đun từ từ cho gia vị thấm sâu vào thớ thịt, Kho đến khi nước cạn sánh kẹo lại bám đều quanh thân cá bống rắc thêm thật nhiều tiêu đen và vài lát ớt tươi rồi tắt bếp","Bữa cơm gia đình ngày mưa, Người sành ăn đặc sản miền Trung","Người cần kiêng mặn, Người cao huyết áp"
banh-khoai-mi-nuong,Bánh khoai mì nướng,Nam,snack,snack,30,45,medium,360,4,62,11,2,110,22,15000,30000,vegetarian,"Nước cốt dừa, Trứng, Sữa","Ngọt béo ngậy, Thơm nức sầu riêng dừa, Bùi dẻo",0,4,https://cdn.tgdd.vn/2020/11/CookProduct/1260-1200x676-5.jpg,"Món bánh ngọt dân dã Nam Bộ với khoai mì mài nhuyễn quyện cốt dừa đặc béo ngậy, sữa đặc và bơ đem nướng lò vàng ruộm, dẻo bùi dạt dào.","Khoai mì (sắn) tươi: 1kg, Nước cốt dừa đặc: 250ml, Sữa đặc có đường: 100g, Đường cát: 100g, Bơ lạt đun chảy: 50g, Trứng gà: 1 quả, Bột năng: 2 muỗng canh, Muối tinh","Lò nướng bánh, Khuôn bánh tròn, Máy mài khoai mì, Túi vắt nước","Khoai mì gọt vỏ ngâm nước vài tiếng mài nhuyễn thành bột rồi cho vào túi vải vắt kiệt phần nước chắt lấy phần tinh bột lắng đáy, Trộn đều khoai mì mài với tinh bột khoai nước cốt dừa đặc sữa đặc bơ lạt đun chảy đường cát trứng gà bột năng và chút muối hạt, Phết một lớp bơ mỏng quanh khuôn bánh để chống dính rồi trút toàn bộ hỗn hợp bột khoai mì vào dàn phẳng mượt mặt bánh, Bật lò nướng ở nhiệt độ 180 độ C làm nóng lò trước mười phút, Cho khuôn bánh vào nướng trong vòng 40 đến 45 phút đến khi lớp vỏ ngoài vàng ruộm dậy mùi thơm nức béo ngậy, Lấy bánh ra để nguội hoàn toàn cho bánh se chặt lại rồi cắt miếng nhỏ thưởng thức","Ăn vặt chiều muộn, Tín đồ mê vị béo ngậy của cốt dừa khoai mì","Người bị tiểu đường, Người thừa cân béo phì"
chim-bo-cau-quay-mat-ong,Chim bồ câu quay mật ong,Bắc,main,"lunch, dinner",25,30,medium,420,28,5,26,0,640,4,100000,180000,balanced,Không,"Ngọt dịu mật ong, Đậm đà, Thơm nức ngũ vị hương da giòn thịt mềm",0,2,https://encrypted-tbn0.gstatic.com/images?q=tbn:ANd9GcR0LdSec_K34aDLiqYmWOY4U_vGG9_1J65KgQ&s,"Món ăn bổ dưỡng cao cấp, chim bồ câu non thịt mềm ngọt lịm được tẩm ướp mật ong ngũ vị hương tinh tế rồi quay chiên vàng giòn rụm da óng ả.","Chim bồ câu non sạch: 2 con, Mật ong nguyên chất: 3 muỗng canh, Ngũ vị hương: 1 muỗng cà phê, Tỏi băm hành băm: 2 muỗng canh, Dầu hào: 1 muỗng canh, Gia vị mắm muối tiêu, Dầu ăn chiên","Chảo chiên ngập dầu, Cọ phết sốt nướng, Dao thớt chặt lớn","Chim bồ câu làm sạch sát rượu gừng khử mùi hôi để ráo nước hoàn toàn xăm nhẹ lên thịt, Pha hỗn hợp sốt ướp gồm mật ong ngũ vị hương dầu hào nước tương hành tỏi băm tiêu gia vị muối đường, Thoa đều hỗn hợp sốt lên khắp thân và trong bụng bồ câu để thấm trong vòng 45 phút cho ngấm sâu, Cho bồ câu vào xửng hấp sơ qua mười phút cho thịt chín tái săn lại không bị mất nước ngọt khi quay, Đun nóng ngập dầu ăn trên chảo sâu lòng thả bồ câu vào chiên quay dội dầu liên tục lên da chim, Quay chiên đến khi da chim bồ câu vàng ruộm giòn tan óng ả tỏa hương thơm nức nhấc ra ráo dầu chặt miếng bày đĩa","Bồi bổ người ốm dậy, Tiệc liên hoan sang trọng ấm cúng gia đình",Người mỡ máu cao kiêng đồ dầu mỡ chất béo nhiều
banh-chuoi-hap-nuoc-cot-dua,Bánh chuối hấp nước cốt dừa,Nam,snack,snack,20,25,easy,310,3,64,8,2,120,20,15000,25000,vegetarian,"Nước cốt dừa, Đậu phộng","Ngọt ngào, Béo ngậy nước cốt dừa, Dẻo dai bùi bùi chuối sứ",0,3,https://encrypted-tbn0.gstatic.com/images?q=tbn:ANd9GcT8E7d3lv_eeaoBv5UU23tgTNiJCueAUrp3uw&s,"Thức quà vặt Nam Bộ ngọt lịm tim, bánh chuối dẻo dai màu vàng óng ả từ bột năng hòa chuối sứ chín, chan ngập sốt nước cốt dừa bột báng béo ngậy dồi dào.","Chuối sứ chín mùi: 5 quả, Bột năng: 200g, Bột gạo: 50g, Đường cát: 100g, Nước cốt dừa béo đặc: 200ml, Bột báng luộc chín dẻo: 20g, Đậu phộng rang, muối tinh","Nồi hấp cách thủy, Khuôn đổ bánh phẳng, Tô lớn trộn bột, Dao thái xéo","Chuối sứ lột vỏ thái lát mỏng ngang hoặc dọc quả bóp nhẹ một ít chuối với đường cát cho ra mật dẻo ngọt, Hòa bột năng bột gạo đường cát nước lọc thành hỗn hợp sệt loãng vừa vặn trút phần chuối lát vào trộn đều tay nhẹ, Phết mỡ mỏng lên khuôn trút hỗn hợp bột chuối vào dàn mỏng xếp vài lát chuối đẹp đẽ lên mặt bánh làm trang trí, Đặt khuôn bánh chuối vào xửng hấp cách thủy trên lửa lớn trong vòng 20 đến 25 phút đến khi bột trong suốt chín dẻo, Nấu nồi nước cốt dừa bột báng với đường phèn ít muối hạt sệt sánh béo ngậy ngào ngạt hương dứa để riêng, Cắt bánh chuối hấp chín dẻo thành các miếng hình thoi vừa ăn ra đĩa rưới ngập nước cốt dừa bột báng rắc đậu phộng rang giã dập","Ăn vặt chiều muộn tụ họp, Người đam mê các món ngọt béo ngậy Nam Bộ","Bệnh nhân tiểu đường tăng đường huyết, Người kiêng tinh bột"
banh-khao-cao-bang,Bánh khảo Cao Bằng,Bắc,snack,snack,40,0,medium,380,4,78,6,1,80,28,20000,50000,balanced,Không,"Ngọt đậm, Bùi béo nhân mỡ heo đậu xanh, Thơm nức bột nếp rang",0,4,https://encrypted-tbn0.gstatic.com/images?q=tbn:ANd9GcSQ0VKRy8VODSiwoVubPYTE44nKsrSxdVOdGw&s,"Bánh Tết thiêng liêng của người Tày Nùng Cao Bằng, làm từ bột nếp rang phơi sương hạ thổ dẻo mịn, kẹp nhân mỡ heo đường cát hoặc đậu xanh bùi béo ngọt đậm.","Gạo nếp ngon rang nổ xay bột mịn: 500g, Đường phèn đặc sản hoặc đường cát: 300g, Mỡ gáy heo luộc xắt hạt lựu ngào đường: 100g, Đậu xanh tách vỏ sên nhuyễn: 100g","Khuôn ép bánh khảo, Chảo dầy rang nếp, Khay phẳng ép, Trục cán gỗ","Gạo nếp rang trên chảo dầy cho chín thơm nổ bỏng đem xay nghiền thành bột cực kỳ mịn mượt rồi phơi sương cho bột dẻo, Nấu nước đường phèn cho đặc quánh kẹo lại đem giã trộn đều tay dứt khoát với bột nếp rang cho bột thấm đường tơi xốp, Mỡ gáy heo luộc xắt hạt lựu ngào với đường cát cho trong veo dẻo quánh đậu xanh hấp chín giã mịn sên nhuyễn làm nhân bánh, Rải một lớp bột bánh khảo tơi xốp xuống đáy khuôn gỗ hình chữ nhật ép nhẹ tay cho phẳng đều mượt mà, Sắp lớp nhân đậu xanh trộn mỡ heo hạt lựu ngào đường vào giữa lòng khuôn rải tiếp lớp bột nếp khảo phủ ngập kín nhân, Dùng trục cán gỗ ép thật chặt tay dứt khoát khối bánh khảo vuông vức cắt miếng vừa ăn bọc giấy gương bảo quản","Dịp Tết Nguyên Đán sum họp, Thưởng trà xanh quê hương vị đậm đà","Bệnh nhân tiểu đường, Người béo phì kiêng mỡ động vật"
chuoi-nep-nuong-sai-gon,Chuối nếp nướng Sài Gòn,Nam,snack,snack,30,20,easy,340,3,64,8,2,140,22,15000,25000,vegetarian,"Nước cốt dừa, Đậu phộng","Ngọt ngào béo ngậy, Thơm nức chuối nướng da nếp giòn dẻo rôm rốp",0,2,https://encrypted-tbn0.gstatic.com/images?q=tbn:ANd9GcT6qBujSKhRHy2zuWtA3Ixp8WUpcatkPkSPkQ&s,"Món ăn vặt đường phố nổi tiếng Sài Gòn, quả chuối sứ bọc xôi nếp dẻo quấn lá chuối nướng bếp than vàng giòn thơm nức, chan ngập nước cốt dừa bột báng béo ngậy bùi béo.","Chuối sứ chín ngọt: 4 quả, Gạo nếp ngon đồ xôi: 200g, Nước cốt dừa đặc: 250ml, Đường cát phèn: 100g, Bột báng dẻo luộc chín: 20g, Lá chuối tươi gói nướng, Đậu phộng giã","Bếp nướng than hoa, Nồi nấu cốt dừa, Màng bọc ép xôi bột nếp, Đũa kéo lật","Gạo nếp đồ chín thành xôi nếp dẻo dính trộn chút cốt dừa và đường cán mỏng thành các tấm nếp vuông bọc kín quả chuối sứ lột vỏ bên trong, Quấn chặt quanh viên chuối nếp các lớp lá chuối tươi sạch cố định chắc chắn, Đặt các cuộn chuối lên bếp than hoa nướng lửa nhỏ liu riu cho lá chuối cháy xém giòn phồng se dẻo lớp vỏ nếp vàng ươm thơm phức, Nấu nồi nước cốt dừa bột báng với đường và chút xíu muối hạt cho sánh sệt béo ngậy thơm dứa ngào ngạt, Dùng kéo cắt chuối nướng chín giòn thành khoanh vừa ăn ra đĩa rưới ngập nước cốt dừa bột báng rắc đậu phộng rang giã dập ăn nóng xế chiều","Ăn vặt đường phố chiều tối mát mẻ Nam Bộ, Tín đồ mê cốt dừa béo mượt","Người tiểu đường tăng đường huyết, Người kiêng ăn đồ dẻo dính"
banh-mi-chao,Bánh mì chảo,Bắc,main,"breakfast, lunch, dinner",15,15,easy,520,24,42,28,1,890,3,30000,60000,balanced,"Bột mì, Trứng, Sữa","Đậm đà mặn ngọt, Béo ngậy bơ pate trứng ốp la, Thơm nồng sốt cà chua",0,1,https://cdn.tgdd.vn/2021/12/CookRecipe/Avatar/banh-mi-chao-thap-cam-thumbnail.jpg,"Món ăn sáng hiện đại phổ biến tại các đô thị lớn, bánh mì giòn chấm nước sốt cà chua nóng hổi xèo xèo cùng trứng ốp la, pate béo, xúc xích và thịt nguội.","Bánh mì giòn: 1 cái, Trứng gà tươi: 1 quả, Pate gan heo: 50g, Xúc xích cắt hoa: 1 cây, Sốt cà chua băm sệt: 4 muỗng canh, Bơ lạt phết chảo: 1 muỗng canh, Hành tây, ngò rí, tiêu","Chảo gang nhỏ nông chuyên dụng, Bếp ga lửa mạnh, Dao cắt thái","Làm nóng chiếc chảo gang nhỏ chuyên dụng trên bếp lửa mạnh cho một muỗng bơ lạt vào đun nóng chảy bốc mùi thơm lừng bơ béo, Đập một quả trứng gà tươi vào chảo làm trứng ốp la lòng đào dẻo bùi xếp pate xúc xích khía hoa thịt nguội vào cạnh chảo gang, Trút ngập tràn nước sốt cà chua băm sánh sệt đun nấu sôi sùng sục xèo xèo óng ánh óng ả bám dính các nguyên liệu đậm đà mặn ngọt, Thả vài lát hành tây xắt mỏng ngò rí rau thơm rắc chút tiêu đen xay ấm nồng lên khắp mặt chảo gang rồi nhấc chảo ra đặt lên đế gỗ, Phục vụ nóng hổi xèo xèo bốc khói nghi ngút tại bàn ăn thực khách dùng bánh mì giòn rụm bẻ chấm ngập lòng sốt pate trứng béo bùi ngon miệng","Bữa ăn sáng dồi dào năng lượng giàu đạm protein giới trẻ học sinh sinh viên văn phòng, Ngày se lạnh mát mẻ ấm cúng vị sốt bơ","Người thừa cân béo phì kiêng chất béo động vật, Người cao huyết áp"
khoai-mi-hap-nuoc-cot-dua,Khoai mì hấp nước cốt dừa,Nam,snack,snack,20,30,easy,290,2,58,7,3,90,8,10000,20000,"vegetarian, low-fat","Nước cốt dừa, Mè","Bùi béo ngậy, Ngọt nhạt dịu thanh, Thơm phức lá dứa nước cốt dừa dạt dào",0,2,https://i.ytimg.com/vi/puU764Uyh_g/maxresdefault.jpg,"Món ăn mộc mạc đậm đà hồn quê Nam Bộ, củ khoai mì sắn luộc chín hấp nhừ bở tơi quyện chặt thớ súp nước cốt dừa béo ngậy ngào ngạt hương lá dứa dạt dào bùi béo.","Củ khoai mì (sắn) tươi mập: 1kg, Nước cốt dừa đậm đặc: 200ml, Đường cát trắng: 3 muỗng canh, Lá dứa tươi sạch: 5 lá, Muối hạt tinh: 1/2 muỗng cà phê, Mè trắng rang vàng dập","Nồi nấu hấp dầy khít nắp, Dao lột vỏ thớt, Tô dầm khoai quấy cốt dừa","Khoai mì khía vỏ lột sạch ngâm chậu nước muối loãng từ bốn đến sáu tiếng cho nhả hết độc tố sắn xả sạch chặt khúc cắt dọc lõi, Xếp sả lá dứa tươi lót đáy nồi trút các khúc khoai mì vào đổ nước lọc sâm sấp mặt đun sôi bùng lửa lớn luộc chín mềm nứt nanh bở tơi, Gạn sạch phần nước luộc khoai mì còn thừa trong nồi ra ngoài để khoai ráo se mặt lại trên bếp lửa ấm liu riu, Hòa nước cốt dừa đậm đặc với đường cát trắng và một chút muối hạt hạt muối tinh quấy đều cho tan hoàn toàn béo ngậy, Rưới ngập tràn nước nước cốt dừa béo đặc lên khắp các khúc khoai mì bở tơi đang nóng trong nồi thả vài cọng lá dứa lên đậy khít nắp hầm hấp mười phút, Khi nước cốt dừa sánh đặc kẹo quánh bám chặt hút sâu vào thớ củ khoai mì mịn bùi béo dẻo tắt bếp nhấc ra đĩa rắc mè rang dập thơm bùi","Ăn vặt quà quê dân dã xế chiều mùa mưa mát mẻ mộc mạc Nam Bộ vị bùi béo dồi dào, Người ăn chay trường","Bệnh nhân tiểu đường đái tháo đường, Người kén ăn đồ béo nước cốt dừa"
oc-len-xao-dua,Ốc len xào dừa,Nam,main,"lunch, dinner, snack",30,15,easy,320,16,12,18,1,710,4,50000,100000,balanced,"Ốc, Nước cốt dừa, Hải sản","Béo ngậy ngọt ngào, Ngọt thịt ốc giòn sần sật, Thơm nức sả ớt rau răm",1,2,https://cdn.tgdd.vn/Files/2021/07/31/1372103/2-cach-lam-oc-len-xao-dua-va-xao-sa-ot-thom-ngon-beo-ngay-don-gian-tai-nha-202107311825254395.jpg,"Đặc sản ốc miền Tây sông nước và quán vỉa hè Sài Gòn mê đắm lòng người, con ốc len thịt ngọt giòn sần sật hầm xào ngập tràn sốt cốt dừa béo ngậy sánh mịn cay ấm.","Ốc len biển tươi sống mập: 500g, Nước cốt dừa đậm đặc: 250ml, Sả cây băm nhuyễn sả đập dập: 3 muỗng canh, Ớt hiểm tươi băm cay: 1 muỗng cà phê, Rau răm tươi cắt nhỏ hành tỏi băm: 30g, Gia vị mắm đường muối phèn dừa dạt dào","Chảo xào lớn lòng sâu dầy dặn, Kìm bấm đuôi vỏ ốc chuyên dụng, Vá đảo lật nhanh tay liên tục, Chén đựng cốt dừa","Ốc len ngâm nước vo gạo sạch cát nhớt dùng kìm bấm bỏ phần đuôi nhọn vỏ ốc sâu khoảng hai khoanh để khi hút dễ dàng thịt ốc ráo nước sạch sẽ, Phi thơm hành tỏi băm sả băm nhuyễn và sả cây đập dập trên chảo sâu lòng lớn với mỡ heo hoặc dầu ăn cho dậy hương thơm nức quạt mũi cay nồng, Trút toàn bộ ốc hương ốc len tươi sạch đuôi vào chảo bật lửa lớn đảo lật nhanh tay liên tục trong hai phút cho vỏ ốc nóng già se thịt săn ngọt mọng nước, Đổ nước cốt dừa dão và hỗn hợp nước mắm ngon đường phèn cát chút muối hạt vào chảo đun sôi hạ lửa vừa hầm xào liu riu mười phút cho ngấm, Khi nước cốt dừa sánh sệt đặc kẹo quánh bao bọc ngập tràn quanh thân vỏ ốc len trút phần nước cốt dừa đặc dồi dào béo ngậy và ớt băm vào quấy nhẹ sôi bùng, Thả thật nhiều rau răm tươi xắt nhạt đảo đều một vòng tắt bếp múc ra đĩa sâu lòng phục vụ nóng hổi thực khách đưa miệng hút mạnh tận hưởng béo bùi","Tụ tập ăn chơi quán ốc vỉa hè Sài Gòn chiều tối muộn nhâm nhi tán gẫu bạn bè, Tín đồ mê hương vị béo ngậy dồi dào","Người thừa cân béo phì kiêng chất béo nước cốt dừa, Người có hệ tiêu hóa yếu nhạy cảm"
che-khoai-mo,Chè khoai mỡ,Nam,snack,snack,25,20,easy,290,2,62,6,2,80,18,10000,20000,vegetarian,"Nước cốt dừa, Sữa","Ngọt ngào thanh dịu, Bùi bơ dẻo mịn mượt, Màu tím óng ả bắt mắt quyến rũ",0,3,https://cdn.tgdd.vn/2021/05/CookRecipe/Avatar/che-troi-nuoc-khoai-mo-thumbnail.jpg,"Món quà bánh chè ngọt bắt mắt màu tím mộng mơ óng ả óng ánh, khoai mỡ tím luộc chín tán nhuyễn mịn màng nấu sánh dẻo quánh cùng bột năng bột báng béo ngậy nước cốt dừa bùi béo ngọt lịm.","Củ khoai mỡ tím ngon đậm màu: 400g, Bột năng tạo độ dai dẻo: 50g, Nước cốt dừa đặc sánh béo: 200ml, Sữa tươi không đường sữa đặc: 50ml, Đường cát phèn hạt son ngon ngọt: 120g, Lá dứa tươi thơm phức, chút muối","Nồi hầm nấu chè lớn dầy, Vá quấy phẳng dứt khoát khuấy nhẹ, Máy xay bột mịn, Tô dầm khoai quấy cốt dừa","Khoai mỡ gọt sạch vỏ thái lát mỏng ngâm rửa sạch mủ đem hấp hoặc luộc chín nhừ tơi dùng muỗng dầm tán giã thật nhuyễn mịn màng không xơ sạn, Trộn khối khoai mỡ tím giã nhuyễn bột năng bột gạo đường cát phèn trắng và sữa đặc nhào bóp đều tay thành hỗn hợp mịn dẻo mượt sệt màu tím óng, Đun sôi nồi nước lọc cùng vài cọng lá dứa tươi cho tỏa hương thơm phức ngào ngạt trút toàn bộ phần bột khoai mỡ năng tán mịn vào nồi khuấy đều tay dứt khoát lửa vừa, Nấu hạ lửa nhỏ liu riu quấy quện đều liên tục cho bột chín trong dẻo sánh đặc quánh mượt mà óng ả bám dính lấy lòng nồi nếm gia vị vừa ngọt thanh khiết, Đổ nước cốt dừa đặc sánh đậm béo vào nồi chè khoai mỡ khuấy nhẹ vòng tròn nêm chút hạt muối tinh cho cân bằng điều hòa vị ngọt béo ngậy ngào ngạt bùng, Tắt bếp nhấc nồi múc chè khoai mỡ tím lịm ra chén nhỏ trang trí sợi dừa nạo mè rang ăn nóng ấm bụng ngày mưa lạnh","Ăn vặt xế chiều ngọt ngào bắt mắt cho giới trẻ học sinh văn phòng, Thực đơn chay ngọt thanh đạm bồi bổ cơ thể","Người bị bệnh tiểu đường đái tháo đường, Người ăn kiêng giảm cân"
goi-tai-heo-du-du,Gỏi tai heo đu đủ,Nam,main,"lunch, dinner, snack",25,15,easy,310,16,14,14,2,650,5,35000,70000,"light, balanced",Đậu phộng,"Chua ngọt thanh mát, Giòn sần sật tai heo đu đủ rôm rốp xanh giòn bùi béo",1,3,https://cdn.tgdd.vn/Files/2021/07/31/1372107/cach-lam-nom-du-du-tai-heo-gion-ngon-la-mieng-202201071418512429.jpg,"Món gỏi trộn ăn vặt quốc dân cực bắt miệng giải nhiệt ngày hè nắng cháy Nam Bộ, quả đu đủ xanh bào sợi giòn rôm rốp trộn đẫm sốt mắm tắc chua ngọt cay nồng, tai heo luộc thái mỏng giòn sật bùi béo đậu phộng hành phi thơm nức.","Quả đu đủ xanh mỏ vịt giòn: 300g, Tai heo sạch trắng giòn dẻo heo mập: 1 cái, Cà rốt bào sợi mỏng mảnh: 50g, Đậu phộng rang chín giã dập: 2 muỗng canh, Nước mắm ngon đặc sản nước cốt chanh tắc đường cát trắng ngọt tỏi ớt hiểm giã nhuyễn cay, rau răm húng quế tươi xắt nhỏ","Tô trộn gỏi lớn sạch khô ráo, Dao bào sợi đu đủ sắc ngọt, Chậu ngâm chanh đá lạnh, Chén pha sốt mắm gỏi keo kẹo","Tai heo làm sạch cạo lông bóp muối giấm luộc chín tới cùng hành gừng đập dập vớt ra ngâm ngay chậu nước đá chanh lạnh cho giòn trắng phau thái lát thật mỏng mượt, Đu đủ xanh gọt vỏ bào sợi mỏng dài ngâm ngay vào lòng chậu nước pha nước cốt chanh tươi đá viên lạnh cho nhả sạch mủ đắng giữ độ giòn tan rôm rốp vắt thật kiệt ráo nước, Giã nhuyễn mịn tỏi củ ớt hiểm đỏ cay với đường cát hòa nước mắm ngon cốt tắc tươi quấy đều thành nước sốt trộn gỏi đậm đà mặn ngọt chua cay keo sánh đặc quánh bám, Cho đu đủ sợi tai heo thái mỏng cà rốt sợi vào tô trộn lớn rưới ngập tràn chén nước sốt mắm tắc vào dùng tay bóp thấu trộn đều nhẹ nhàng liên tục năm phút ngấm, Thả rau răm húng lủi thái nhạt hành phi giòn đảo đều dứt khoát múc gỏi tai heo đu đủ ra đĩa rắc ngập đậu phộng rang giã dập ăn kèm đĩa bánh phồng tôm rán xù giòn xốp","Món khai vị bàn tiệc liên hoan cuối tuần ấm cúng, Giải nhiệt thanh lọc cơ thể ngày hè oi bức","Người bị bệnh viêm loét dạ dày tá tràng, Phụ nữ mang thai ăn đồ đu đủ xanh sống chua"
che-dau-trang-cot-dua,Chè đậu trắng cốt dừa,Nam,snack,snack,120,40,medium,360,6,68,9,4,110,24,10000,20000,vegetarian,Nước cốt dừa,"Ngọt ngào đậm vị, Bùi dẻo hạt nếp nở bung, Béo ngậy hạt đậu trắng bở tơi",0,4,https://encrypted-tbn0.gstatic.com/images?q=tbn:ANd9GcS_R_YoXSzN5EZA4GWVIDfuSMadV3hp4glJGQ&s,"Món chè cúng mộc mạc truyền thống của người dân Nam Bộ trong ngày đầy tháng thôi nôi con trẻ, hạt đậu trắng hầm bở tơi bùi béo nức lòng, quyện quánh xôi nếp dẻo dính ngọt phèn rưới ngập súp nước cốt dừa đặc béo bùi ngậy.","Đậu trắng hạt lớn chắc mập: 200g, Gạo nếp cái hoa vàng hạt tròn: 150g, Đường cát trắng đường phèn: 150g, Nước cốt dừa đậm đặc béo ngậy: 250ml, Bột năng tạo độ sánh: 1 muỗng cà phê, Lá dứa tươi sạch thơm ngát, chút muối hạt tinh, nước lọc","Nồi hầm nấu chè dầy đậy kín nắp, Tô ngâm hạt đậu gạo nếp lớn, Vá quấy gỗ phẳng phẳng mặt, Chén nhỏ pha bột năng loãng sánh sệt","Đậu trắng nhặt bỏ hạt sâu lép ngâm nước vài tiếng đun luộc chín nhừ bở tơi hạt mềm không nát gạn ráo nước gạo nếp vo sạch ngâm nở vớt ra để ráo lòng tay, Đun sôi nồi nước lọc cùng lá dứa tươi cho tỏa mùi hương thơm phức ngào ngạt trút gạo nếp vào nấu chín nở bung dẻo dính sánh mịn mượt mượt lửa vừa hớt bọt, Khi nếp đã chín dẻo quánh dính chặt cho toàn bộ đường cát phèn trắng vào đảo quấy nhẹ nhàng lửa nhỏ liu riu mười phút cho hạt nếp hút sâu vị ngọt mật đậm đà dịu, Trút toàn bộ phần hạt đậu trắng hầm bở tơi béo bùi vào nồi nếp đang sôi khuấy nhẹ tay từ dưới lên trên tránh làm nát hạt đậu đun liu riu năm phút cho ngấm kết khối dẻo, Nấu nồi súp cốt dừa đặc riêng gồm nước cốt dừa đậm đặc đường chút xíu muối hạt hòa muỗng bột năng loãng quấy đều tay lửa nhỏ đun sôi sệt béo ngậy sánh quánh đặc lừng hương, Múc chè nếp đậu trắng dẻo dính bùi béo ra chén nhỏ rưới ngập tràn vá súp nước cốt dừa sánh đặc kẹo béo ngậy lên khắp mặt chén thưởng thức nóng hoặc thêm đá bào nguội","Mâm cỗ cúng thôi nôi đầy tháng đầy năm đầy tuổi truyền thống Nam Bộ sum họp, Quà vặt ăn chơi xế chiều ngọt ngào bồi bổ cơ thể","Bệnh nhân tiểu đường đái tháo đường, Người ăn kiêng béo phì"
canh-khoai-mon-nau-tom,Canh khoai môn nấu tôm,Nam,main,"lunch, dinner",20,20,easy,260,16,24,10,3,560,1,30000,55000,"light, balanced","Tôm, Hải sản","Ngọt đậm đà tự nhiên từ tôm tươi, Bùi béo dẻo quánh khoai môn sáp bở tơi",0,3,https://www.cet.edu.vn/wp-content/uploads/2018/05/canh-khoai-mo.jpg,"Món canh bữa ăn hằng ngày mộc mạc đưa vị bổ dưỡng dồi dào chất xơ sắt phốt pho, từng củ khoai môn sáp ngọt bùi gọt vỏ nấu chín nhừ bở dẻo quấn thớ súp tôm tươi giã nhuyễn xào săn thơm phức ngò gai rau ngổ tiêu đen nức lòng.","Củ khoai môn hoặc khoai sọ sáp dẻo: 400g, Tôm sú tươi hoặc tôm sông ngọt thịt: 150g, Hành tím băm nhuyễn tỏi băm: 1 muỗng canh, Ngò gai rau ngổ tươi cắt nhỏ thơm nức, Gia vị muối hạt hạt nêm nước mắm ngon tiêu đen xay mịn ấm nồng, dầu ăn tinh chất","Nồi nấu canh dầy lòng sâu lớn, Dao gọt vỏ cắt khối thớt sạch, Cối giã tôm băm nhuyễn, Vá múc canh hớt bọt liên tục","Khoai môn gọt vỏ sạch lau khô thái khối vuông chữ nhật vừa ăn bằng đốt ngón tay ngâm nước muối loãng xả sạch bớt nhựa ngứa ráo nước, Tôm tươi bóc lột vỏ cứng bỏ chỉ đen lưng đầu tôm giã nhuyễn băm nhỏ quết đều tay với chút hành băm tiêu đen xay mịn hạt nêm muối hạt tinh cho thấm dẻo dai đượm, Phi thơm hành tím băm trên chảo với dầu ăn trút thịt tôm tươi giã nhuyễn vào đảo xào nhanh tay liên tục lửa lớn cho tôm săn chắc chín cam chuyển đỏ tỏa mùi ngọt mọng nước, Đổ nước lọc tinh khiết sạch vào nồi đun sôi sùng sục trút toàn bộ khoai môn sáp thái khối vuông vào đun lửa lớn bốc khói hớt sạch bọt canh trong veo mướt mát se se, Hạ lửa vừa ninh liu riu mười lăm phút đậy vung cho khối khoai môn chín thấu từ trong ra ngoài bở tơi mềm nhừ dẻo quánh phóng chất bùi béo ngọt vào nước súp đặc, N n nếm gia vị muối hạt nêm muỗng nước mắm ngon đặc sản cho canh vừa vị thanh mát đậm đà mộc mạc thơm lừng thịt tôm xào, Thả hành ngò gai rau ngổ tươi xắt nhỏ tiêu đen xay mịn vào đảo nhẹ nồi canh sôi bùng tắt bếp múc canh khoai môn tôm tươi nóng hổi ra tô lớn cơm nóng hổi","Bữa cơm gia đình hằng ngày ấm cúng dồi dào dinh dưỡng bồi bổ sức khỏe cho mọi lứa tuổi người già trẻ nhỏ thích ăn mềm dẻo bùi béo mát ruột, Thực đơn thanh nhẹ bổ sung sắt chất xơ carbohydrate tự nhiên","Người có tiền sử dị ứng với các loại hải sản vỏ cứng tôm sông tôm biển lớn, Người sưng ngứa nhạy cảm khi sơ chế biến khoai sáp môn"
che-me-den-cho-lon,Chè mè đen Chợ Lớn,Nam,snack,snack,30,25,medium,310,5,58,10,3,70,22,15000,30000,vegetarian,"Mè, Nước cốt dừa","Ngọt thanh thanh tao dịu, Đắng nhẫn nhẹ nồng nàn, Bùi béo ngậy mịn mượt như nhung đặc sệt",0,3,https://encrypted-tbn0.gstatic.com/images?q=tbn:ANd9GcR8YTXUcw4YPs6XPFaX4CddElRMVZ5MPZk4dw&s,"Thức quà chè bồi bổ dưỡng sinh kinh điển lâu đời mang đậm dấu ấn văn hóa ẩm thực Trung Hoa vùng Chợ Lớn, hạt vừng mè đen rang thơm xay nghiền nhuyễn mịn nấu sánh quánh dẻo kẹo đặc cùng bột năng bột nếp nước cốt dừa và đường phèn hạt son trong vắt thanh lọc mịn mượt như nhung bùi béo ngậy lịm tim.","Hạt mè đen (vừng đen) sạch chắc mập dồi dào: 150g, Gạo nếp ngon dẻo: 50g, Nước cốt dừa béo đặc sánh: 150ml, Đường phèn hạt son thanh khiết: 120g, Bột năng bột củ sắn tạo độ sánh mượt: 1 muỗng canh, Gừng tươi tươi giã nhuyễn lấy nước cốt ấm: 1 muỗng cà phê, nước lọc tinh khiết sạch sẽ","Máy xay sinh tố xay bột nước, Chảo rang vừng dầy dặn phẳng lòng, Nồi nấu chè lớn sâu lòng dầy, Vá quấy phẳng dứt khoát khuấy liên tục","Mè đen nhặt sạch sỏi cát hạt sâu lép đem rang đều tay liên tục trên chảo nhỏ lửa quấy đều đến khi vừng mè nổ lách tách tỏa mùi thơm nức mũi trút ra đĩa chờ nguội bớt, Gạo nếp vo sạch ngâm nước ấm ba tiếng cho nở dẻo vớt ra cho vào máy xay sinh tố cùng mè đen rang chín trút nước lọc xay nhuyễn mịn mượt hoàn toàn thành hỗn hợp bột nước mè đen màu xám đen đậm đà mượt mà láng mịn như nhung không gợn sạn, Đổ hỗn hợp bột nước mè đen gạo nếp vào nồi nấu sâu lòng dầy dặn thêm nước lọc đun nhỏ lửa khuấy đều tay liên tục quấy dứt khoát một chiều tránh bị vón cục khét đáy, Nấu sôi bùng nhẹ hạ lửa nhỏ liu riu quấy quện se se bột chín dẻo sánh đặc quánh mượt mà óng ả đen mun óng ánh bắt mắt trút toàn bộ đường phèn hạt son nước cốt gừng ấm vào nồi đun tan đều ngọt dịu, Cho nước cốt dừa béo đặc đặc sánh đậm béo nêm một xíu xiu hạt muối tinh cho điều hòa cân bằng vị ngọt ngậy béo nồng nàn thơm phức bùng nổ hương vị tinh túy Hoa, Tắt bếp nhấc nồi múc chè mè đen đặc sệt mịn mượt bóng óng ra chén nhỏ dùng nóng ấm lòng đêm đông se lạnh hoặc thêm đá bào giải nhiệt xế chiều thanh lọc","Món ăn vặt bồi bổ dưỡng sinh giải độc thanh nhiệt cơ thể làm mượt tóc đẹp da bổ trí não cho mọi lứa tuổi người già lớn tuổi phụ nữ mang thai trẻ nhỏ học sinh, Bữa phụ ăn chay thanh khiết bổ dưỡng dồi dào canxi khoáng chất","Bệnh nhân bị bệnh tiểu đường đái tháo đường tăng huyết áp cần ăn kiêng chất ngọt carbohydrate tinh bột nếp dẻo sệt đường mật, Người có cơ địa dị ứng mẫn cảm với hạt mè vừng đen ngứa ngáy"
thit-ba-chi-luoc-cham-mam-tom,Thịt ba chỉ luộc chấm mắm tôm,Bắc,main,"lunch, dinner",15,25,easy,410,18,1,36,0,780,1,50000,90000,Keto / Low-carb,Mắm tôm,"Đậm đà, Béo ngậy mềm mọng thịt mỡ hòa quyện, Chua mặn ngọt cay từ mắm tôm bông bọt thơm nức",1,3,https://cdn.tgdd.vn/Files/2024/02/17/1561210/cach-lam-thit-ba-chi-luoc-cham-mam-tom-thom-ngon-don-gian-cho-bua-com-gia-dinh-202402171316550100.jpg,"Món ăn cơm mộc mạc dân dã kinh điển quen thuộc đưa cơm bậc nhất của gia đình Việt Bắc Bộ, từng miếng thịt heo ba chỉ ba rọi tươi ngon dồi dào dinh dưỡng luộc mọng nước ngọt thớ thịt mềm béo mỡ màng da giòn dẻo, thái miếng chữ nhật mỏng mượt sắp đĩa ăn kèm rau sống kinh giới tía tô đinh lăng chấm ngập tràn bát mắm tôm đặc sản chanh đường ớt hiểm đánh bông bọt mịn mượt thơm lừng xộc mũi nồng nàn.","Thịt ba chỉ (ba rọi) heo tươi ngon mập dầy thớ thịt: 500g, Mắm tôm Bắc ngon đặc sản nguyên chất: 3 muỗng canh, Đường cát trắng đường phèn giã mịn: 1 muỗng canh, Chanh quả tươi lấy nước cốt chua: 1 quả, Ớt hiểm tươi cay xè đỏ rực cắt lát mỏng: 2 quả, Hành tím củ tươi đập dập: 3 củ, Gừng tươi tươi xắt lát mỏng: 1 nhánh nhỏ, Rau sống ăn kèm dồi dào kinh giới tía tô húng quế đinh lăng xà lách dưa leo quả xanh giòn ngọt mát","Nồi luộc lớn dầy dặn lòng sâu, Thớt gỗ lớn dầy dặn phẳng mặt sạch sẽ ráo, Dao thái thật sắc mỏng ngọt miếng thớ thịt, Chén nhỏ đánh mắm tôm vá lỗ vớt thịt đĩa lớn bày biện đẹp đẽ bắt mắt","Thịt ba chỉ heo cạo sạch lông ngoài da bóp muối hạt giấm loãng rửa sạch dưới vòi nước xả nhiều lần cho sạch bẩn bám ráp ráo nước để nguyên tảng dải dài vuông vắn dầy thớ mềm, Đun sôi nồi nước lớn lòng sâu thả hành tím củ đập dập gừng tươi xắt lát mỏng chút muối hạt tinh vào đun sôi sùng sục trút tảng thịt ba chỉ vào luộc lửa vừa hớt sạch bọt bẩn váng mỡ liên tục giữ nước trong vắt mọng thớ thịt, Luộc thịt ba chỉ heo từ 20 đến 25 phút vừa chín tới thấu đâm tăm tre nước trong veo chảy ra thịt mọng mềm dẻo không bở da giòn tắt bếp vớt tảng thịt ra ngâm ngay lập tức vào lòng thau nước đá viên lạnh pha nước cốt chanh tươi loãng trong năm phút giúp se mặt da heo giòn tan dẻo quấn dính trắng phau mướt mát thớ thịt không bị thâm đen ráo, Pha chén mắm tôm chấm thần thánh bằng cách múc mắm tôm Bắc đặc sản nguyên chất dính đặc trộn đường cát mịn nước cốt chanh tươi quả đũa quấy thật mạnh dứt khoát quật nhanh tay một chiều liên tục cho mắm tôm chuyển màu hồng ngà bông bọt trắng xốp mịn màng tỏa mùi hương thơm lừng xộc mũi cay nồng nàn rưới thêm muỗng mỡ heo đun nóng nổi bọt tăm thả các lát ớt hiểm tươi cay xè tỏi băm nhỏ quấy đều nhẹ tay quyến rũ vị giác thèm thuồng đưa cơm nóng, Dùng dao sắc ngọt cắt thỏi thịt ba chỉ luộc ráo nguội thành các lát chữ nhật dài mỏng mượt mỡ nạc đan xen mướt mát xếp sắp ngay ngắn hình vòng tròn đồng tâm óng ả óng ánh bắt mắt quyến rũ dạt dào ra đĩa phẳng lớn lót lá chuối tươi sạch sẽ dọn kèm mẹt lớn rau sống xanh giòn kinh giới tía tô húng quế xà lách dưa leo xắt thanh lát mỏng ngọt giòn, Thực thực khách dùng đũa gắp miếng thịt ba chỉ béo ngậy kẹp lá kinh giới tía tô xanh chấm ngập tràn dạt dào vào chén mắm tôm bông bọt đưa vị mặn mòi chua cay ngọt béo bùi bùng nổ tan chảy đầu lưỡi hao cơm nóng hổi ngày mưa","Bữa cơm gia đình hằng ngày mộc mạc mâm cơm quen thuộc đưa vị hao cơm cho mọi lứa tuổi gia đình ông bà cha mẹ con trẻ quây quấn quây quần sum họp ấm cúng, Thực đơn chế độ ăn kiêng ít tinh bột carbohydrate dồi dào chất béo đạm protein Keto Low-carb lành mạnh","Bệnh nhân bị bệnh cao huyết áp suy thận nặng tiểu đường đái tháo đường cần ăn kiêng cắt giảm chất béo động vật mỡ heo bão hòa lớn lượng natri mặn gắt dồi dào từ mắm tôm, Người có cơ địa bụng yếu lạnh bụng hệ tiêu hóa nhạy cảm loét dạ dày ruột kiêng ăn mắm muối tôm lên men"
che-luc-tao-xa,Chè lục tào xá,Nam,snack,snack,20,30,easy,280,5,54,4,2,80,18,15000,25000,vegetarian,Không,"Ngọt bùi, Thơm trần bì, Ấm nồng dịu nhẹ",0,2,https://cdn.tgdd.vn/Files/2021/08/20/1376525/cach-nau-che-luc-tau-xa-thom-ngon-nong-am-vao-ngay-dong-202108201256222125.jpg,Món chè truyền thống lâu đời của người Hoa Chợ Lớn với đậu xanh nấu nhuyễn mịn quyện cùng trần bì (vỏ quýt khô) thơm ấm nồng nàn bùi béo.,"Đậu xanh không vỏ: 200g, Trần bì (vỏ quýt khô): 5g, Đường phèn hạt son: 120g, Nước cốt dừa béo đặc: 50ml, Muối tinh: 1 ít, Nước lọc","Nồi nấu chè dầy, Vá khuấy phẳng, Dao xắt sợi chỉ mỏng, Chén nhỏ","Đậu xanh không vỏ ngâm nước ấm vài tiếng đãi sạch rồi trút vào nồi nấu chín nhừ cùng nước lọc tinh khiết, Dùng muỗng lớn hoặc máy xay tán giã đậu xanh thật nhuyễn mịn màng mượt mà, Trần bì ngâm nước ấm cho nở mềm cạo sạch phần cùi trắng bên trong tránh bị đắng gắt rồi dùng dao sắc thái sợi chỉ thật mỏng mảnh, Cho đường phèn hạt son và trần bì xắt sợi vào nồi đậu xanh tán nhuyễn đun nhỏ lửa khuấy đều tay dứt khoát cho đường tan hoàn toàn, Nấu sôi liu riu nồi chè trong vòng mười phút trên bếp lửa nhỏ cho đậu xanh hút sâu hương trần bì nồng ấm sánh đặc quánh mịn như nhung, Múc chè lục tào xá nóng hổi ra chén rưới thêm chút nước cốt dừa béo đặc lên mặt thưởng thức bùi béo ngọt dịu thanh lọc","Ăn vặt xế chiều ngọt ngào ấm áp giải nhiệt cơ thể ngày se lạnh, Thực đơn chay ngọt thanh đạm bồi bổ sức khỏe cho mọi lứa tuổi người già lớn tuổi thích ăn mềm dẻo mịn mượt",Bệnh nhân tiểu đường đái tháo đường cần ăn kiêng cắt giảm chất ngọt đường mật
cha-ca-quy-nhon,Chả cá Quy Nhơn,Trung,main,"lunch, dinner, snack",30,15,medium,320,24,4,18,0,720,1,80000,150000,balanced,"Cá, Hải sản","Đậm đà mặn mòi, Dai dẻo quánh dính, Thơm nức tiêu đen",1,4,https://encrypted-tbn0.gstatic.com/images?q=tbn:ANd9GcQyXvnckRuoPE-jS7u0HlBXllTeQbB9ZQPt5g&s,"Niềm tự hào ẩm thực dải đất biển nắng Bình Định, chả cá làm từ thịt cá mối cá thun tươi rói tách xương quết thật kỹ dẻo quánh dai giòn tự nhiên chiên vàng ruộm thơm nức mũi.","Thịt cá tươi nguyên chất (cá mối, cá thun, cá rựa): 500g, Hành tím băm nhuyễn tỏi băm: 2 muỗng canh, Tiêu đen giã dập chiên vàng: 1 muỗng cà phê, Nước mắm ngon đặc sản nguyên chất: 2 muỗng canh, Lòng đỏ trứng gà tươi lấy màu: 1 quả, Gia vị muối hạt đường cát bột ngọt dầu ăn chiên rán","Cối đá quết chả dầy lớn, Chảo chiên phẳng lòng dầy dặn, Dao xắt lát mỏng thớt sạch ráo, Giấy thấm dầu mỡ","Cá biển tươi đánh vảy lọc sạch bỏ đầu đuôi xương lóc lấy phi lê thịt cá xả sạch dùng giấy thấm thật khô ráo nước rồi bỏ ngăn đá tủ lạnh ba mươi phút cho thịt săn chắc cứng se, Cho phi lê thịt cá mát lạnh vào cối đá lớn quết dứt khoát liên tục mạnh tay cùng hành tím tỏi băm nước mắm ngon tiêu đen giã dập muối hạt đường và bột ngọt, Quết chả cá thật kỹ đều đặn trong vòng hai mươi phút đến khi khối thịt cá dính chặt vào chày dẻo quánh dai giòn mịn mượt không xơ sạn dính tay, Chia khối chả cá thành các bánh tròn dẹt lớn mỏng bản dày khoảng một khoanh ngón tay dùng tay miết phẳng mịn mặt bánh, Đun nóng dầu ăn trên chảo chiên phẳng lòng thả nhẹ nhàng từng bánh chả cá vào chiên ngập mỡ trên bếp lửa vừa điều hòa nhiệt se se da chả, Chiên chả cá từ từ đến khi lớp vỏ ngoài phồng giòn rụm vàng ruộm đều đặn dậy mùi thơm phức nức mũi thớ thịt chín dai sần sật ngọt mọng nước vớt ra khay thấm dầu, Dùng dao sắc cắt bánh chả cá chiên thành từng lát xéo mỏng vừa ăn xếp sắp ra đĩa lòng nông chấm kèm nước tương tương ớt cay nồng hoặc thả nấu bún cá cuốn bánh tráng","Bữa cơm gia đình hằng ngày đưa vị giàu đạm protein, Món nhắm liên hoan bạn bè sum họp cuối tuần sành ăn đặc sản miền Trung dạt dào mọi lứa tuổi người già lớn tuổi trẻ nhỏ thích giòn dai",Người có tiền sử cơ địa dễ bị dị ứng mẫn cảm với các loại hải sản cá biển lớn
che-khoai-lang-tim,Chè khoai lang tím,Nam,snack,snack,20,20,easy,290,2,60,6,2,90,20,10000,20000,vegetarian,Nước cốt dừa,"Ngọt ngào thanh dịu, Bùi bơ dẻo mịn mượt, Màu tím óng ả bắt mắt quyến rũ béo ngậy bột báng dẻo dai",0,3,https://www.huongnghiepaau.com/wp-content/uploads/2022/02/cach-nau-che-khoai-lang-tim-1.jpg,"Món quà bánh ngọt bắt mắt quyến rũ màu tím mộng mơ óng ánh óng ả Nam Bộ, khoai lang tím luộc chín nhừ tán nhuyễn mịn màng nấu sánh dẻo quánh cùng bột báng dẻo dai và rưới ngập súp nước cốt dừa béo đặc lịm ngọt bùi béo.","Củ khoai lang tím tươi ngon đậm màu: 400g, Hạt bột báng nhỏ dẻo dai: 20g, Nước cốt dừa đậm đặc béo ngậy sánh mượt: 200ml, Đường phèn hạt son tinh khiết ngọt thanh: 120g, Lá dứa tươi sạch thơm ngát, Chút hạt muối tinh muối hạt, Nước lọc sạch dồi dào","Nồi hầm nấu chè dầy lớn, Vá khuấy gỗ phẳng dứt khoát quấy nhẹ, Tô dầm khoai tán mịn thớt dao cắt lát, Vá lỗ vớt hạt bột báng dai dẻo","Khoai lang tím gọt sạch vỏ ngoài cắt lát mỏng ngâm chậu nước rửa mủ đem hấp hoặc luộc chín nhừ tơi xốp bốc khói trút ra tô dùng muỗng dầm tán giã thật nhuyễn mịn màng mượt mà không xơ sạn, Hạt bột báng ngâm nở nước lạnh hai mươi phút đem luộc chín trong suốt dẻo dai gạn ráo nước để riêng lòng bát, Đun sôi nồi nước lọc sạch cùng vài cọng lá dứa tươi sạch vụn cho tỏa hương thơm phức ngào ngạt trút toàn bộ phần khoai lang tím tán nhuyễn mịn và đường phèn vào khuấy đều tay dứt khoát lửa vừa, Nấu hạ lửa nhỏ liu riu quấy quện đều liên tục cho cháo bột khoai chín dẻo sánh đặc quánh mượt mà óng ả tím lịm bám dính lấy lòng nồi nếm gia vị vừa ngọt thanh khiết thì trút phần hạt bột báng luộc dẻo vào đảo chung vòng tròn, Đổ nước cốt dừa đặc sánh đậm béo vào nồi chè khoai lang tím nêm một xíu xiu hạt muối tinh cho điều hòa cân bằng vị ngọt ngậy béo nồng nàn thơm phức dạt dào, Tắt bếp nhấc nồi múc chè khoai lang tím sánh đặc mịn mượt bóng óng ra chén nhỏ dùng nóng ấm bụng ngày mưa lạnh hoặc thêm đá bào mát lạnh giải nhiệt chiều","Ăn vặt xế chiều ngọt ngào bắt mắt cho giới trẻ học sinh sinh viên văn phòng tụ họp tán gẫu thưởng bánh, Thực đơn chay ngọt thanh đạm bồi bổ bổ dưỡng cơ thể thanh lọc ruột mát lành","Bệnh nhân bị bệnh tiểu đường đái tháo đường cần ăn kiêng cắt giảm chất ngọt đường tinh bột, Người thừa cân béo phì kiêng ăn chất béo ngọt carbohydrate cao"
bun-ca-dam-nha-trang,Bún cá dằm Nha Trang,Trung,main,"breakfast, lunch, dinner",25,45,medium,390,22,55,8,1,820,3,35000,55000,balanced,"Cá biển, Hải sản","Ngọt thanh khiết thanh nhẹ tự nhiên, Đậm đà vị biển dạt dào, Thơm nức thịt cá dằm ngọt dai mọng nước hẹ tươi hành tỏi phi bắt vị",1,1,https://encrypted-tbn0.gstatic.com/images?q=tbn:ANd9GcSb6k4nOIpHTWUFpGEoDF7j4q0KSOrqsV-Ysw&s,"Đặc sản ẩm thực nổi tiếng lừng danh thành phố biển Nha Trang, quyến rũ thực khách bởi súp nước dùng trong vắt thanh ngọt khiết ninh từ xương cá biển cá cờ cá liệt ngọt lịm tự nhiên, ăn cùng những thớ phi lê thịt cá ngừ cá bò tươi luộc chín xé dằm nhỏ dầy miếng dẻo ngọt chắc thịt đậm đà, kết hợp bánh chả cá chiên dai giòn sần sật bắt vị.","Bún tươi sợi nhỏ mượt: 200g, Phi lê thịt cá ngừ tươi hoặc cá bò da chắc ngọt: 300g, Xương cá cờ cá liệt ninh nước súp dùng biển dạt dào: 500g, Cà chua chín đỏ: 2 quả, Bánh chả cá chiên Nha Trang dai giòn sần sật: 50g, Hành lá ngò rí tươi xắt nhỏ hẹ tươi: 30g, Hành tím tỏi phi củ: 2 muỗng canh, Gia vị mắm muối hạt nêm đường phèn tinh khiết, Rổ rau sống dồi dào tươi xanh xà lách xắt sợi cải mầm giá đỗ ngọt mát chanh tươi ớt sừng","Nồi hầm lớn lòng sâu nấu nước súp dùng, Vá lỗ lọc xương rây lọc trong vắt, Tô lớn lòng sâu múc bún, Dao thái thớt sạch ráo, Vá trụng bún tươi sợi mượt","Xương cá cờ cá liệt rửa sạch máu bám đem luộc trần sơ xả sạch xếp vào nồi lớn cùng hành tím gừng nướng thơm đổ ngập nước hầm lửa nhỏ liu riu hớt sạch bọt liên tục nhiều giờ lọc qua rây lấy nước súp sườn xương trong vắt ngọt thanh khiết lịm tim, Thả nguyên tảng phi lê thịt cá ngừ cá bò da tươi sạch vào nồi nước dùng hầm hấp luộc vừa chín tới giữ độ mọng nước ngọt ngào thanh khiết vớt ra đĩa chờ nguội dùng tay xé dằm thớ thịt thành các miếng dằm nhỏ dầy bản dẻo ngọt chắc bùi đậm vị biển, Cho cà chua chín cắt múi cau vào nồi nước dùng đun sôi đun nhỏ lửa nêm nếm gia vị nước mắm ngon đặc sản muối hạt đường phèn hạt son hạt nêm cho vừa miệng vị súp dùng trong thanh ngọt nhẹ nhàng khiết nhạt không dầu mỡ ngấy, Trụng bún tươi sợi nhỏ xóc ráo xếp gọn gàng vào đáy tô lòng sâu lớn sắp đĩa lá chả cá chiên Nha Trang cắt lát xéo mỏng dẻo dai và phủ ngập tràn thớ thịt cá dằm chắc ngọt bùi lên khắp mặt tô bún, Chan ngập tràn nước dùng súp cá cà chua trong vắt nóng hổi sùng sục bốc khói rực rỡ thơm phức nức mùi rắc thật nhiều lá hẹ tươi xắt khúc hành ngò tiêu sọ hành phi vàng óng ả ăn nóng kèm rổ rau sống xắt sợi cải mầm vắt chanh dầm ớt hiểm nước mắm cay nồng nàn thơm biển ngọt lịm đầu lưỡi sảng khoái","Bữa ăn sáng trưa tối dồi dào dinh dưỡng bồi bổ sức khỏe phục hồi cơ thể thanh nhẹ mát lành cho mọi lứa tuổi gia đình ông bà cha mẹ trẻ nhỏ thích vị ngọt cá thanh thanh nhẹ nhàng tinh tế không dầu mỡ ngấy đưa vị bắt mắt, Khách du lịch khám phá văn hóa ẩm thực đặc sản Nha Trang Bình Định miền Trung biển nắng dạt dào",Người có tiền sử cơ địa dễ bị mẫn cảm dị ứng với các loại hải sản thịt cá biển lớn ngứa ngáy
che-suong-sa-hat-luu,Chè sương sa hạt lựu,Nam,snack,snack,40,15,medium,320,2,65,7,1,90,22,15000,25000,vegetarian,Nước cốt dừa,"Ngọt ngào đậm đà béo ngậy dạt dào cốt dừa, Giòn tan sần sật hạt lựu củ năng rôm rốp bắt mắt màu hồng xanh óng ả thanh mát sương sa lạnh lòng sảng khoái cơ thể",0,4,https://encrypted-tbn0.gstatic.com/images?q=tbn:ANd9GcQsw2KPd3igJ-0pxC4YLrEcr7CsTuIo9HeK7g&s,"Thức quà bánh chè ngọt giải nhiệt mùa hè quốc dân huyền thoại mang đậm phong vị màu sắc rực rỡ bắt mắt của dải đất Nam Bộ phương Nam nắng gió, kết hợp tinh tế nhẹ nhàng giữa những hạt lựu làm từ củ năng tươi gọt vỏ xắt nhỏ tẩm cốt màu dền gấc lá dứa áo bột năng luộc chín căng mọng mượt giòn tan sần sật rôm rốp bắt miệng, khối thạch sương sa rau câu thanh mát giòn lạnh dẻo dính dai và súp nước cốt dừa đậm béo đặc sánh béo ngậy ngọt mật phèn thơm lừng bùng nổ hương vị mát lạnh sảng khoái đầu lưỡi xế chiều oi bức.","Củ năng tươi ngọt giòn xốp cắt hạt lựu: 100g, Bột năng tạo độ dai giòn vỏ bọc mọng: 100g, Nước cốt lá dứa tạo màu xanh màu củ dền tạo màu hồng đỏ óng ả rực rỡ bản sắc: 50ml, Bột rau câu dẻo làm thạch sương sa mát lạnh: 10g, Đậu xanh tách vỏ hấp chín giã nhuyễn sên mịn mượt làm chè bùi: 50g, Nước cốt dừa đậm đặc béo ngậy đặc sánh dồi dào: 150ml, Đường phèn hạt son trong suốt ngọt thanh dịu: 100g, Lá dứa thơm muối hạt tinh, Đá bào","Nồi nấu thạch nấu chè dầy đậy kín nắp vung đun, Tô lớn bát sạch ngâm màu củ năng, Vá lỗ lớn vớt hạt lựu luộc ráo nước chậu ngâm đá viên lạnh phao phao, Ly thủy tinh lớn thìa muỗng băm dao thái","Hòa bột rau câu dẻo đường cát trắng với nước lọc sạch đun sôi quấy đều tay lửa vừa trút ra khuôn phẳng để nguội bỏ ngăn mát tủ lạnh se đông thái sợi hoặc cắt khối vuông làm thạch sương sa xanh mướt giòn dai dẻo, Củ năng tươi ngọt giòn gọt vỏ thái hạt lựu nhỏ xinh vuông vắn chia đôi ngâm vào bát nước cốt màu lá dứa tươi tạo màu xanh óng và màu củ dền đỏ tạo màu hồng lựu rực rỡ mười lăm phút cho ngấm đượm màu tự nhiên, Vớt củ năng sắc hạt lựu ráo màu xóc bột năng khô đều tay quết cho từng hạt bám phủ kín một lớp vỏ bột năng dày mượt mà dẻo dai rồi trút qua rây lọc bỏ bột thừa, Đun sôi nồi nước lớn thả hạt lựu năng tẩm bột vào luộc nhanh lửa lớn đến khi lớp vỏ ngoài chín trong suốt căng mọng nổi phao phao lên mặt nước vớt ngay bằng vá lỗ trút vào lòng thau nước đá viên lạnh cho se giòn sật rôm rốp không dính cục ráo nước, Nấu nước đường phèn với nước lọc đun sôi hạ lửa sên sánh kẹo thơm vài cọng lá dứa để nguội riêng nấu súp nước cốt dừa đậm đặc béo đặc sánh với chút đường muối phèn bột năng cho sệt kẹo béo ngậy ngào ngạt hương dừa dạt dào bùng nổ, Khéo léo múc muỗng đậu xanh sên mịn mượt đặt đáy ly thủy tinh lớn xếp lần lượt thạch sương sa cắt nhỏ hạt lựu củ năng màu hồng xanh óng ả lấp lánh rực rỡ đan xen đầm ấm rưới ngập tràn nước đường phèn sánh ngọt chan súp cốt dừa đặc béo ngậy ngào ngạt phủ kín mặt ly thêm đá bào mát lạnh quấy đều dùng thìa xúc tận hưởng mát lành bùi béo tan giòn sật đầu lưỡi","Ăn vặt quà bánh xế chiều tụ họp tán gẫu bè bạn học sinh sinh viên giới trẻ văn phòng Nam Bộ dạt dào giải nhiệt cơ thể giải độc thanh lọc cơ thể ngày hè nắng nóng oi bức đưa vị mát lạnh sảng khoái béo bùi bắt mắt, Thực đơn món chay ngọt thanh thục đạm mộc mạc thanh sạch tự nhiên dạt dào hương đồng gió nội quê hương đầu lưỡi dạt dào hạnh phúc ngon miệng","Bệnh nhân bị bệnh tiểu đường đái tháo đường cần ăn kiêng cắt giảm lượng carbohydrate chất ngọt béo thực vật đường mật, Người thừa cân béo phì kiêng đồ béo nước cốt dừa nhiều calo"
bun-mam-cua-gia-lai,Bún mắm cua Gia Lai,Trung,main,"lunch, dinner",30,45,hard,450,24,58,12,2,950,3,35000,55000,balanced,"Cua đồng, Hải sản","Nồng đậm đặc trưng mắm cua, Vị mặn mòi đậm đà cực hạn, Cay xè xé lưỡi, Giòn rụm chả ram bùi béo ngọt ba chỉ thấu vị",3,1,https://encrypted-tbn0.gstatic.com/images?q=tbn:ANd9GcSE5ZeeYLEHnP0zkk5UoVRtnMOLkjJfkCdKEA&s,"Đặc sản ẩm thực độc đáo đầy thử thách độc nhất vô nhị của phố núi Pleiku - Gia Lai (còn gọi là bún cua thối danh tiếng), thách thức mọi giác quan của thực khách bởi súp nước dùng cua đồng tươi xay nhuyễn lên men tự nhiên nấu sôi cùng măng tươi xắt lát mặn mòi, trộn đều bún tươi sợi nhỏ thịt heo ba chỉ xào hành tỏi ớt hiểm giã cay xè xé lưỡi dạt dào hương vị đặc sản rừng núi Pleiku hoang dã.","Bún tươi sợi nhỏ mượt: 150g, Cua đồng tươi sống xay nhuyễn giã mịn lọc cốt: 400g, Thịt ba chỉ (ba rọi) heo dầy thớ: 100g, Măng tre tươi sạch xắt lát mỏng: 50g, Da heo chiên giòn rụm chả ram chiên giòn bẻ nhỏ bánh phồng tôm: 30g, Hành tím băm nhuyễn tỏi băm: 2 muỗng canh, Ớt hiểm tươi cay xè đỏ rực giã nhỏ ớt bột: 2 muỗng canh, Gia vị mắm muối hạt nêm đường thốt nốt mặn mòi, Rổ rau sống dồi dào xanh mướt giá đỗ kinh giới húng quế bắp chuối chanh tươi quất","Hũ sành đậy kín nắp ủ cua lên men thối nồng, Nồi hầm nấu nước dùng mắm cua dầy lòng sâu lớn, Chảo xào thịt ba chỉ lửa mạnh, Tô lòng sâu lớn phục vụ trộn gỏi bún, Chày cối giã ớt tỏi băm nhuyễn cay xè","Cua đồng tươi rửa sạch đất cát bóc mai gỡ gạch giã nhuyễn băm nhỏ trộn chút muối hạt hòa nước lọc sạch quấy đều lọc qua rây nhiều lần lấy nước cốt cua đồng đặc trong vắt bỏ bã vỏ, Đổ nước cốt cua đồng vào hũ sành đậy kín nắp để nơi thoáng mát nhiệt độ phòng ủ lên men tự nhiên qua một đêm từ mười sáu đến hai mươi bốn tiếng đến khi nước cua chuyển màu sẫm phát ra mùi thối nồng đậm đặc trưng ngào ngạt đặc quánh xộc mũi bốc hương đặc sản phách lối, Cho nước cua ủ lên men thối vào nồi lớn đun nhỏ lửa đun sôi bùng hạ lửa vừa vớt bọt nhẹ thả măng tre tươi xắt lát mỏng sạch vào nấu ninh cùng trong ba mươi phút cho măng ngấm vị mặn mòi ngọt đắng của nước cua cua đồng tiết ra dạt dào, Thịt ba chỉ heo rửa sạch thái miếng mỏng nhỏ dài vừa ăn đem trút vào chảo dầu phi thơm tỏi băm hành băm nhuyễn xào săn cạnh chín đều nêm nước mắm tiêu ớt bột cho thịt đậm đà thấm vị bùi béo rồi trút toàn bộ chảo thịt ba chỉ xào săn vào nồi nước dùng mắm cua đang sôi sùng sục nêm đường thốt nốt muối hạt hạt nêm cho vừa vị mặn mòi nồng đậm cay xè xé mũi đặc quánh hương sắc Tây Nguyên, Nhặt rửa sạch rổ rau sống giá đỗ bắp chuối bào để ráo nước, Sắp một nắm rau sống giá đỗ xuống đáy tô lớn trụng bún tươi sợi nhỏ xếp gọn gàng lên mặt sắp thịt ba chỉ heo măng luộc thấm vị da heo chiên giòn rụm rôm rốp chả ram chiên bẻ nhỏ vụn đậu phộng rang giã dập ngập tràn tỏi lát ớt hiểm giã cay xè xé lưỡi lên mặt bún bốc khói rực rỡ, Múc vá nước dùng mắm cua thối đang sôi sùng sục chan một lượng nước súp dùng vừa phải sâm sấp mặt bún tỏa hương thơm thối nồng nàn xộc mũi ngào ngạt phục vụ thực khách quấy trộn đều tay đưa vị chua cay ngọt mặn bùi béo giòn giòn mềm dẻo bùng nổ tan chảy xé lưỡi tận cùng ăn kèm bánh tráng nướng vắt quất cay nồng nàn đáng quên hương vị Pleiku","Thực khách đam mê sành ăn thử thách khám phá hương vị ẩm thực món mắm đặc sản nồng đậm độc đáo cực hạn vùng miền núi rừng Tây Nguyên phố núi Gia Lai Pleiku hội tụ bạn bè nhâm nhi chiều tối mát mẻ hào sảng đưa vị cay nóng giải cảm kích thích vị giác dạt dào protein béo bùi, Món ăn đặc sản lạ miệng khó quên nức tiếng danh truyền hương mắm thơm nồng bốc","Người có hệ tiêu hóa yếu bụng yếu lạnh bụng nhạy cảm dễ tiêu chảy loét viêm dạ dày tá tràng nặng kiêng ăn chua mặn cay xè xé lưỡi cực hạn dồi dào ớt mắm lên men thối sống chưa chín thấu hoàn toàn, Người kén ăn kén mùi vị lạ nặng mùi xộc mũi nhức đầu mẫn cảm, Bệnh nhân bị bệnh gout tăng axit uric máu nặng suy thận cao huyết áp cần kiêng đạm cua đồng muối mặn gắt dạt dào"
suong-sao-phuc-linh,Sương sáo phục linh,Nam,snack,snack,30,15,easy,140,1,34,0,2,40,15,15000,30000,"vegetarian, low-fat",Không,"Thanh mát mát lành giải nhiệt, Nhẫn đắng nhẹ dịu dàng thanh tao, Ngọt thanh mật phèn thơm thoảng hương tinh dầu chuối dẻo dai sần sật hạt lựu hạt chia hạt năng hạt linh",0,4,https://kenh14cdn.com/2018/3/13/image-1519042947879764673942-15209311393391297200552.png,"Thức quà vặt giải nhiệt thanh lọc cơ thể giải độc cơ thể bình dân mộc mạc thanh đạm dạt dào hương sắc của dải đất Nam Bộ phương Nam nắng gió, kết hợp tinh tế nhẹ nhàng giữa những khối thạch sương sáo đen mun mịn màng bóng mượt có vị nhẫn đắng nhẹ tự nhiên thanh mát dịu dàng đầu lưỡi, hạt phục linh (hạt tai bèo làm từ bột năng) luộc chín trong suốt dẻo dai sần sật sảng khoái bắt miệng và chan nước đường phèn hạt son trong vắt ngọt thanh khiết dịu dàng thoảng hương tinh dầu chuối ngào ngạt bùng nổ cảm giác thanh mát lạnh lòng gạt phăng oi bức xế chiều ngày hè nóng cháy ruột gan.","Bột sương sáo đen đóng gói nguyên chất tự nhiên: 50g, Bột phục linh hoặc bột năng ngon tạo độ dai giòn dẻo dai: 50g, Đường phèn hạt son thanh khiết ngọt dịu: 100g, Tinh dầu chuối hoặc tinh dầu hoa bưởi tự nhiên hương hoa: 1 muỗng cà phê, Hạt chia hạt đười ươi ngâm nở sần sật mướt mát, Nước lọc tinh khiết sạch dồi dào, Đá bào mát lạnh","Nồi nấu thạch lòng sâu dầy dặn vung đun quấy bột, Khuôn phẳng dẹt lòng nông đông thạch se mịn mượt, Tô lớn nhào bột năng làm hạt tai bèo phục linh, Dao thái khúc thớt phẳng nhỏ ly thủy tinh lớn muỗng thìa vá múc chè lọc nước đá viên","Hòa bột sương sáo đen nguyên chất đường cát trắng vào chảo nước lọc quấy cho tan mịn để bột nở mười phút đun sôi lửa vừa quấy đều tay liên tục dứt khoát theo một chiều cho bột chín trong sánh đặc quánh bóng mượt như nhung sệt lại tỏa mùi lá sương sáo thơm hăng nhẹ trút toàn bộ ra khuôn phẳng dẹt để nguội bỏ ngăn mát tủ lạnh se đông cứng dẻo dùng dao thái cắt thành khối vuông nhỏ hoặc sợi dài dẹt bóng mượt đen mun láng bóng, Làm hạt phục linh bằng cách múc bột năng vào tô lớn rưới nước sôi sục thật nóng vào nhào bóp kỹ liên tục mạnh tay thành khối bột dẻo mịn không dính tay khéo léo ngắt từng phần bột nhỏ nặn thành hạt lựu dẹt hoặc tạo hình bánh tai bèo nhỏ xinh trong suốt dẻo dai thả toàn bộ vào nồi nước lớn đun sôi sùng sục luộc lửa lớn đến khi hạt chín trong suốt nổi phao phao lên mặt nước vớt ngay bằng vá lỗ trút vào lòng thau nước đá viên lạnh ngâm se giòn dẻo không dính ráo nước, Nấu nước đường phèn với nước lọc đun sôi nhỏ lửa sên mật đường trong suốt ngọt thanh tao dịu nhẹ nhấc ra để thật nguội hoàn toàn nhỏ vài giọt tinh dầu chuối tươi thơm phức ngào ngạt dậy mùi hoa trái Nam Bộ quấy đều, Xếp thạch sương sáo đen cắt khối vuông nhỏ hạt phục linh trong suốt dẻo dai hạt chia hạt đười ươi ngâm nở dạt dào mướt mát đan xen đầm ấm đầy ắp ly thủy tinh lớn múc vá nước đường phèn gừng tinh dầu chuối ngọt thanh chan ngập mặt ly thêm đá bào giòn tan rôm rốp trộn đều đưa muỗng húp miếng nước chè tận hương thanh mát mát lành nhẫn đắng dẻo dai tan chảy trôi tuột xuống họng sảng khoái mát ruột mát gan giải nhiệt độc tốt","Món quà bánh ăn vặt tráng miệng chiều mát mẻ tụ tập tán gẫu bè bạn học sinh sinh viên giới trẻ văn phòng Nam Bộ dạt dào giải nhiệt cơ thể giải độc thanh lọc cơ thể ngày hè nắng nóng oi bức đưa vị mát lành sảng khoái bồi bổ giấc ngủ an thần giảm stress cơ thể mệt mỏi đuối sức suy nhược giải cảm nắng, Thực đơn món chay ngọt thanh thục đạm mộc mạc thanh sạch tự nhiên dồi dào canxi chất xơ thực vật cho mọi lứa tuổi người già lớn tuổi thích bánh mềm dẻo mịn mát lành sảng khoái đầu lưỡi dạt dào hương sắc mộc mạc quê hương thôn quê","Bệnh nhân bị bệnh tiểu đường đái tháo đường tăng huyết áp cần ăn kiêng cắt giảm lượng carbohydrate chất ngọt tinh bột đường mật nhiều calo béo động thực vật ngọt đậm, Người bụng dạ quá yếu lạnh bụng hay tiêu chảy nhạy cảm kiêng ăn nhiều đồ thạch mát lạnh đá đá bào mướt sương sa sương sáo vào chiều muộn tối đêm tránh đầy bụng khó chịu dạ dày ruột"
lau-trau-nhung-me,Lẩu trâu nhúng mẻ,Bắc,main,"lunch, dinner",25,30,medium,460,34,10,20,2,850,3,180000,300000,balanced,"Thịt trâu, Mẻ","Chua thanh dịu ngọt từ mẻ chua nghệ tươi, Đậm đà mặn mòi đưa vị, Cay nồng nàn ấm sả ớt sừng tiêu sọ bốc mùi thơm phức nức mũi, Thịt trâu phi lê tươi roi rói mềm mọng ngọt lịm dai dẻo dính sần sật da bùi béo giòn rụm cạnh",1,4,https://i.ytimg.com/vi/U_4-C9HFQiU/maxresdefault.jpg,"Đặc sản ẩm thực độc đáo lừng danh dải đất đồng bằng miền Bắc sông nước và núi rừng, chinh phục thực khách bởi hương vị mộc mạc hào sảng đưa vị cực kỳ thích hợp cho các buổi liên hoan họp mặt ngày đông lạnh giá mưa bão se lạnh, thịt mông hoặc thịt thăn trâu tươi roi rói thái lát thật mỏng mượt mọng nước ngọt lịm nhúng vừa chín tới tái mềm mại dẻo dai vào nồi nước dùng lẩu mẻ chua hầm xương heo lọc trong sánh óng màu cốt nghệ vàng tươi bắt mắt thơm nức sả sùng sục cay nồng ớt hiểm, gạt phăng mùi tanh hôi thịt đỏ giữ trọn vẹn thớ thịt ngọt lịm tan chảy mềm dẻo đầu lưỡi cuốn chặt lá lốt xanh bùi béo chấm mắm tôm tương bần mặn mòi bắt vị dạt dào đưa cơm nóng hủ tiếu bún tươi sảng khoái cơ thể dồi dào protein sắt.","Thịt thăn hoặc thịt mông trâu tươi roi rói đỏ hồng dầy thớ: 600g, Mẻ chua nuôi nghệ tươi giã nhuyễn thơm: 4 muỗng canh, Sả cây tươi tươi đập dập sả băm nhuyễn hành tím củ tỏi băm: 100g, Củ hành tây xắt lát mỏng múi cau: 1 củ, Ớt sừng trâu đỏ lát ớt hiểm cay giã nhỏ: 3 quả, Nước hầm sườn xương ống heo ngọt lịm lọc trong vắt: 1.2 lít, Dầu màu điều bơ thơm gia vị nước mắm ngon mặn mòi muối hạt đường phèn tiêu đen xay mịn ấm, Rổ rau nhúng lẩu dồi dào tươi xanh giòn mát rau muống khúc lá lốt xanh bùi béo đinh lăng rau lang ngổ bún tươi sợi mượt mướt xóc ráo lòng tay bánh tráng cuốn bông","Nồi nấu lẩu dầy dặn lòng sâu đặt bàn ăn, Bếp ga mini hoặc bếp cồn lửa mạnh đun sôi sùng sục, Rây lọc bã mẻ trong suốt tô sạch thớt gỗ lớn phẳng mặt sạch dao thái thật sắc ngọt mỏng ngang thớ thịt trâu tảng lớn đĩa bày tròn lớn vá múc hớt váng bọt vớt thịt nhúng","Thịt trâu tươi ngon lọc sạch hoàn toàn màng gân xơ dai cứng dùng dao thật sắc thái lát thật mỏng mượt bản lớn dài ngang thớ thịt xếp sắp ngay ngắn hình bông hoa đồng tâm óng ả óng ánh bắt mắt mọng thịt ra đĩa tròn lớn đem quết ướp một nửa sả băm hành tím tỏi băm nhuyễn dầu màu điều nước mắm tiêu đen xay mịn ngọt trong vòng hai mươi phút cho thịt trâu mềm mọng hút sâu gia vị se mặt thớ thịt thơm ngon, Múc mẻ chua nuôi nghệ tươi giã nhuyễn hòa cùng nước hầm xương ống heo trong ngọt quấy đều tay cho tan mịn rồi trút toàn bộ qua rây lọc lấy nước cốt mẻ nghệ trong suốt màu vàng tươi óng ả bắt mắt tỏa vị chua dịu bỏ sạch bã cặn mẻ dưới đáy tô, Đun nóng mỡ heo dầu điều màu trên nồi lẩu lòng sâu phi thơm phần hành tỏi sả băm còn lại cho vàng ruộm dậy hương thơm phức nức mũi điếc mũi quạt sả ớt băm cay nồng nàn xộc khói trút phần cà chua xắt múi cau hành tây vào xào nhanh lửa mạnh chín tái se cạnh óng, Đổ toàn bộ phần nước cốt mẻ nghệ xương hầm trong suốt vàng tươi óng ả vào nồi lẩu đun lửa lớn đun sôi sùng sục vớt bọt liên tục váng mỡ thả sả cây tươi đập dập cắt khúc vài lát ớt sừng trâu đỏ rực vào đun cùng tỏa mùi hương sả me mẻ chua cay thanh khiết nồng nàn điếc mũi, N n nếm gia vị nước mắm ngon mặn mòi muối hạt hạt nêm đường phèn hạt son cho nồi nước dùng lẩu trâu cân bằng hài hòa điều hòa vị chua thanh mát ngọt lịm từ xương béo nhẹ của nghệ sả ớt cay nồng đậm đà mộc mạc dân dã, Bày biện nồi lẩu mẻ nghệ sôi sùng sục giữa bàn ăn đặt đĩa thịt trâu phi lê tươi mọng mướt mắt xung quanh kèm rổ dồi dào rau sống nhúng lá lốt rau muống đĩa bún tươi sợi nhỏ mượt chén chấm mắm tôm đánh bông chanh đường sa tế ớt hiểm hoặc tương bần gừng giã nhuyễn mặn mòi bùi béo thơm nức mùi, Thực khách bật lửa to nồi lẩu sôi bùng gắp từng đũa thịt trâu lát mỏng mượt nhúng trực tiếp vào nước mẻ sôi sùng sục đảo nhanh tay trong vòng mười lăm giây vừa chín tái thịt chuyển màu hồng ngà mọng nước dẻo dai mềm ngọt lịm tự nhiên gạt phăng tanh hôi cuộn chặt lá lốt xanh chấm chén chấm tương bần mắm tôm thưởng thức nóng hổi giòn sật ngọt lịm đượm béo tan chảy xua tan lạnh bão","Bữa ăn tiệc liên hoan tụ họp bạn bè chiến hữu nhâm nhi sum họp gia đình cuối tuần ngày đông mưa bão giá lạnh ngày mưa se se se mát mẻ hào sảng đưa vị bồi bổ cơ thể dồi dào protein chất sắt đạm tốt cho cơ thể phục hồi tăng cường cơ bắp sinh lực phái mạnh phái yếu, Người mê đặc sản núi rừng dân dã món nướng nhúng mộc mạc đậm đà bản sắc văn hóa ẩm thực Việt Nam đưa vị bắt vị cực kì ngon miệng hao bún hao cơm trắng nóng hổi sảng khoái đầu lưỡi dạt dào hạnh phúc ngon miệng","Người có tiền sử bị bệnh viêm loét hành tá tràng đau dạ dày nặng nhạy cảm cơ địa loét bao tử kiêng đồ chua me chua giấm giấm mẻ nuôi gắt kích thích dạ dày co bóp ợ chua trào ngược, Người bị bệnh gout tăng hàm lượng axit uric máu nặng suy thận cao huyết áp cần kiêng ăn nhiều thịt đỏ đạm động vật thịt trâu bò lớn dồi dào purin mặn mòi muối mắm sốt mẻ mặn gắt sền sệt béo, Người răng yếu nhai đồ dai xơ khó khăn nặng khó tiêu"
che-cu-nang-hat-sen,Chè củ năng hạt sen,Trung,snack,snack,20,25,easy,260,4,58,1,3,60,16,20000,35000,"vegetarian, light, low-fat",Không,"Ngọt ngào thanh khiết dịu nhẹ khiết nhạt thanh tao lịm tim, Bùi bùi bở tơi hạt sen mềm mại béo bùi dẻo, Giòn xốp củ năng sần sật ngọt mát sảng khoái lòng dạ dạt dào hương lá dứa thơm ngát bùng nổ hương sắc thanh mát mát lành mộc mạc",0,3,https://i.ytimg.com/vi/mtDsD64eJJ4/maxresdefault.jpg,"Món quà bánh chè ngọt thanh tao tinh tế thượng hạng bổ dưỡng bồi bổ cơ thể giải nhiệt giải độc cơ thể thanh lọc ruột cực tốt mang đậm phong vị ẩm thực Việt Nam mộc mạc quê hương, kết hợp tinh tế hoàn hảo giữa những hạt sen tươi sạch nhặt tâm ninh nhỏ lửa chín mềm nhừ bở tơi dẻo bùi béo bùi ngậy béo chất lượng, củ năng (móng tay) tươi gọt sạch vỏ thái khối vuông dẹt trắng tinh giòn xốp sần sật ngọt mát tự nhiên rôm rốp bắt miệng dồi dào chất xơ, hầm nấu liu riu trong lòng nước súp đường phèn hạt son thanh khiết trong vắt óng ánh đượm hương lá dứa tươi xanh ngào ngạt ngát tỏa, đem lại cảm giác ngọt ngào dịu nhẹ thanh nhẹ mát lành sảng khoái tâm hồn gạt phăng mọi mệt mỏi oi bước ngày nắng cháy ruột gan giấc ngủ ngon an thần dồi dào dinh dưỡng bồi bổ sức khỏe tinh túy quê nhà mộc mạc mướt mát thanh mát sảng khoái cơ thể đầu lưỡi dạt dào ngọt.","Hạt sen tươi sạch làm sẵn nhặt bỏ tâm sen đắng: 200g, Củ năng (củ mã thầy) tươi ngọt giòn trắng tinh gọt vỏ cắt miếng: 200g, Đường phèn hạt son thanh khiết trong vắt ngọt dịu nhạt: 120g, Lá dứa tươi sạch cọng dài ngát hương thơm: 3 nhánh cọng dài, Nước lọc tinh khiết sạch sẽ dồi dào: 1 lít, Hạt chia ngâm nở sần sật mướt mát dạt dào viên đá lạnh phao","Nồi nấu chè dầy dặn lòng sâu lớn đậy kín nắp đun nấu sên ngọt, Dao gọt vỏ cắt khối vuông thớt sạch sẽ ráo khô ráo, Vá múc chè hớt váng bọt tăm rây lọc thau ngâm đá viên lạnh phao phao giòn xốp củ năng bát tô lớn chén sạch ly thủy tinh muỗng thìa quấy nhẹ vòng tròn dứt khoát","Hạt sen tươi sạch mua về rửa sạch dưới vòi nước nhặt kỹ lại một lượt loại bỏ hoàn toàn các tâm sen đắng xanh còn sót tránh làm hỏng vị chè trút vào nồi lớn đổ nước lọc ngập mặt đun sôi lửa lớn rồi hạ lửa thật nhỏ liu riu ninh hầm trong vòng mười lăm đến hai mươi phút cho hạt sen chín mềm nhừ dẻo quánh bở tơi xốp béo bùi ngậy không bị nát nhừ vỡ hạt gạn ráo nước để riêng lòng bát lớn tinh khiết sạch, Củ năng tươi gọt sạch lớp vỏ ngoài nâu ráp rửa sạch thớ củ trắng phau dùng dao thái xắt thành các khối vuông dẹt nhỏ vừa ăn bằng đốt ngón tay ngâm ngay vào lòng thau nước đá viên lạnh loãng pha chút nước cốt chanh tươi mười phút giúp giữ củ năng tươi trắng tinh giòn tan xốp sần sật rôm rốp bắt miệng vớt ra rổ xả nhẹ nước để thật ráo hoàn toàn ráo ráo, Đun sôi nồi nước lọc sạch một lít cùng vài cọng lá dứa tươi sạch vò nhẹ đập dập cho tỏa hương thơm phức ngào ngạt khắp gian bếp trút toàn bộ đường phèn hạt son thanh khiết vào quấy đều tay lửa vừa đun sôi nhỏ lửa liu riu cho mật đường tan chảy hoàn toàn trong vắt thanh tao dịu nhẹ nhạt vị không ngọt gắt khé cổ họng, Trút toàn bộ phần củ năng tươi cắt khối giòn ráo và hạt sen luộc chín dẻo bùi bở tơi vào lòng nồi nước mật đường phèn đang sôi liu riu khuấy nhẹ tay theo vòng tròn một chiều đun lửa thật nhỏ liu riu hầm sên trong vòng mười phút cho củ năng hạt sen hút sâu đượm mật ngọt thanh dịu khiết của đường phèn bám dính ngấm thấu dạt dào tỏa hương lá dứa tươi ngào ngạt ngát bùng nổ hương sắc thanh nhã quý phái, N n nếm điều chỉnh nốt lượng đường cho nước chè vừa vị thanh mát ngọt nhạt nhã nhặn không mỡ ngấy tắt bếp nhấc nồi chè ra để nguội hoàn toàn múc chè củ năng hạt sen dồi dào hạt ra chén nhỏ chén thủy tinh trang trí thêm hạt chia ngâm nở mướt mát sợi dừa nạo mỏng mè rang thưởng thức nóng ấm bụng an thần giấc ngủ ngon tối muộn hoặc chan đá bào đá viên lạnh phao giải nhiệt cơ thể xế chiều oi bức sảng khoái mát ruột mát gan lịm tim đầu lưỡi đưa vị ngọt ngào thanh khiết mộc mạc dân dã quê hương","Món quà bánh ăn vặt tráng miệng chiều tối mát mẻ thanh nhiệt giải độc cơ thể thanh lọc giải nhiệt gan ngày hè nắng nóng oi bức đưa vị bắt mắt cho mọi lứa tuổi gia đình ông bà cha mẹ người già lớn tuổi thích ăn bánh mềm dẻo trẻ em em nhỏ tuổi thanh thiếu niên đều ưa thích mềm dẻo mịn mát lành sảng khoái đầu lưỡi dạt dào hạnh phúc ngọt lịm tim đổi vị, Thức chè bồi bổ dưỡng sinh phục hồi sức khỏe tốt cho người vừa ốm dậy suy nhược cơ thể mất ngủ thần kinh căng thẳng mệt mỏi ngủ không ngon giấc cần an thần tĩnh tâm mát lành dồi dào chất xơ vitamin canxi thực vật lành mạnh, Thực đơn món chay ngọt thanh thục đạm mộc mạc dạt dào hương sắc tự nhiên thanh khiết quê nhà mướt mát sảng khoái cơ thể ngọt lịm tim đầu lưỡi dạt dào hạnh phúc ngon miệng đầu lưỡi vị","Bệnh nhân bị bệnh tiểu đường đái tháo đường cần ăn kiêng nghiêm ngặt cắt giảm lượng chất ngọt đường mật carbohydrate dồi dào tinh bột ngọt đậm, Người thừa cân béo phì hạn chế đồ ngọt nhiều đường carbohydrate lượng lớn năng lượng chất ngọt ngào calo cao, Người có cơ địa lạnh bụng hệ tiêu hóa yếu nhạy cảm hay đầy bụng khó tiêu hạn chế ăn nhiều đồ chè đá lạnh vào tối muộn đêm khuya mát mẻ"
vit-nuong-van-dinh,Vịt nướng Vân Đình,Bắc,main,"lunch, dinner",25,40,medium,480,24,2,38,0,680,2,120000,220000,Keto / Low-carb,Thịt vịt,"Đậm đà mặn ngọt hài hòa, Thơm nức mũi hương vị nướng than hoa rực lửa dạt dào mùi sả tỏi phi hành nướng dâng tràn khói bếp nồng nàn, Thịt vịt cỏ béo mềm mại ngọt lịm mọng nước dẻo dai thớ thịt săn dầy thịt chắc bùi ngậy mềm mại không dai xơ, Lớp da ngoài phồng giòn rụm xém cạnh vàng óng ả mướt mát béo mỡ màng quyến rũ vị giác thèm thuồng đưa cơm nóng bắt vị mặn mòi mắm tỏi gừng cay ấm nồng",1,4,https://encrypted-tbn0.gstatic.com/images?q=tbn:ANd9GcQRi9V15ZvKA9Na8_vAjO7vlPmPw9NWKzmpfA&s,"Đặc sản ẩm thực trứ danh danh truyền nức tiếng xa gần của đất Ứng Hòa - Hà Nội cổ kính, mê đắm lòng người bởi hương vị nồng nàn mộc mạc dân dã dạt dào bản sắc quê hương Bắc Bộ, tuyển chọn từ giống vịt cỏ bầu thả đồng nội đặc chủng thớ thịt săn chắc dầy dặn mềm mại ngọt lịm tự nhiên không hôi tanh, đem mổ phanh kẹp phẳng thân vịt tẩm ướp dồi dào nước sốt mật ong rừng nguyên chất dầu điều màu ngũ vị hương hành tỏi sả băm nhuyễn gia vị tiêu mắm ngon mặn mòi, nướng kẹp vỉ sắt lớn trực tiếp trên bếp lò than hoa đỏ hồng rực lửa quạt đều tay khéo léo phết sốt óng ả, tạo nên dải thịt vịt nướng phồng lớp vỏ da ngoài vàng ruộm giòn tan rôm rốp ráo mỡ cạnh xém thơm nức mũi điếc mũi, thịt bên trong chín thấu dẻo dai mềm ngọt mọng nước béo ngậy ngào ngạt, dùng dao chặt lát chữ nhật vuông vắn xếp đĩa ăn kèm rau húng quế xanh thơm chấm ngập nước chấm mắm tỏi gừng đặc quánh cay nồng xé lưỡi ấm áp hao cơm bún sảng khoái cơ thể dồi dào đạm protein sắt béo tốt.","Thịt vịt cỏ bầu thả đồng nguyên con mập dầy thớ thịt săn chắc làm sạch ruột mang phao câu hôi: 1.2kg, Mật ong rừng nguyên chất dồi dào màu óng: 2 muỗng canh, Sả cây băm nhuyễn hành tím củ băm tỏi băm nhuyễn cay: 3 muỗng canh, Bột ngũ vị hương thơm nức mũi: 1/2 muỗng cà phê, Dầu hào ngon xì dầu nước tương nước mắm ngon đặc sản nguyên chất mặn mòi mộc mạc, Dầu màu điều bơ thơm gia vị đường cát muối hạt tinh tiêu đen xay mịn ấm nồng sa tế ớt, Rổ rau sống ăn kèm dồi dào tươi xanh giòn húng quế húng lủi rau ngổ mùi tàu hành hoa trần dưa leo quả xanh mượt xắt lát mỏng ngọt giòn, Nước chấm mắm tỏi gừng pha đặc sản keo sánh chua cay ngọt đậm đà","Vỉ nướng sắt kẹp lớn phẳng phiu có chốt khóa cố định thân vịt chắc chắn, Lò nướng nướng hoặc bếp lò than hoa than củi hồng rực lửa quạt bếp điều nhiệt, Cọ phết sốt nướng cán dài sạch khô, Dao chặt lớn sắc bén chặt dứt khoát thớt gỗ dầy dặn phẳng mặt lớn nặng sạch sẽ ráo, Tô lớn bát sạch pha sốt mầm đĩa phẳng lớn bày biện trang trí bắt mắt quyến rũ dạt dào","Vịt cỏ nguyên con mua về làm lòng sạch sẽ cạo bỏ chân lông đen màng mang cắt tuyến hôi phao câu sát kỹ muối hạt lớn giấm trắng chanh quả gừng giã nhuyễn cùng rượu trắng đều khắp mình thịt ngoài da và trong bụng trong mười phút khử sạch hoàn toàn mùi hôi lông tanh vứt sạch màng nhầy xả xối dưới vòi nước nhiều lần cho sạch sẽ tinh khiết để ráo nước dứt khoát dùng dao sắc mổ dọc ức phanh đôi bẻ xương sống dẹt phẳng phiu thân vịt kẹp chặt dải thịt mọng dầy dặn, Pha hỗn hợp nước sốt ướp vịt nướng đặc sản gồm mật ong rừng nguyên chất dầu hào nước tương nước mắm ngon ngũ vị hương sả hành tỏi băm thật nhuyễn mịn dầu màu điều tiêu đen xay và chút gia vị muối hạt đường bột ngọt quấy đều tay dứt khoát thành hỗn hợp sốt nướng sền sệt keo sánh óng màu vàng cánh gián nồng nàn hương sả tỏi bơ mật ngọt thơm lừng quyến rũ vị giác thèm ăn, Thoa đều hỗn hợp nước sốt nướng sệt lên khắp các thớ thịt dải dầy bên trong khoang vịt chà xát kỹ lật mặt ngoài da xoa bóp nhẹ nhàng cho gia vị thấm sâu vào từng thớ thịt bọc kín màng bọc thực phẩm cất ngăn mát tủ lạnh ướp trong vòng ít nhất bốn mươi lăm phút đến một tiếng cho ngấm thấu đậm đà se mặt thịt thăn vịt mọng mướt mắt thơm nức mùi sả tỏi mật ong dạt dào, Nhóm bếp than hoa củi gụ cho cháy hồng rực đều đặn rải tro nhẹ giữ nhiệt ấm nóng không bốc lửa ngọn khói đen xếp dải thịt vịt phanh dẹt phẳng phiu vào lòng vỉ nướng sắt lớn chốt khóa chặt chẽ đặt kẹp vỉ lên mặt bếp than hồng nướng lửa nhỏ liu riu điều nhiệt, Trong quá trình nướng thịt lật trở giở vỉ nướng liên tục đều tay dứt khoát mỗi ba phút một lần tránh thịt bị cháy xém khô thớ bên ngoài khi chưa chín thấu bên trong đồng thời dùng cọ quét liên tục nước sốt mỡ mật ong dầu điều còn thừa trong bát lên mặt da thịt vịt xèo xèo nhỏ mỡ xuống than hồng bốc khói hương nướng thơm nức mũi điếc tai tỏa mùi ngào ngạt ngút ngàn kích thích vị giác thèm thuồng, Nướng từ từ từ ba mươi lăm đến bốn mươi phút cho thịt vịt chín vàng ruộm thấu tận xương bên trong thớ thịt giữ độ dẻo dai mềm mại mọng nước ngọt lịm ngọt khiết bên ngoài lớp vỏ da vịt phồng rộp giòn tan rôm rốp ráo mỡ se vàng óng màu mật cánh gián xém cạnh thơm phức nức tắt bếp nhấc vỉ vịt ra khay chờ nguội bớt ráo mỡ heo mỡ vịt béo, Dùng dao chặt lớn sắc bén chặt dứt khoát dải dắt thịt vịt nướng ráo thành các miếng chữ nhật dầy thớ vuông vắn vừa miệng ăn miếng nào ra miếng nấy không nát vụn xếp sắp đều đặn hình vòng hoa óng ả óng ánh bắt mắt rắc ngò rí tiêu sọ bày biện lên đĩa lớn lót chuối xanh dọn kèm mẹt lớn rau sống tươi xanh húng quế ngọt giòn mát đĩa dưa leo quả xắt lát thanh mát ngọt dịu và chén nước chấm mắm tỏi gừng giã nhuyễn sánh keo mặn mòi mặn ngọt chua cay ấm nồng nàn đầu lưỡi đưa vị hao cơm bún nóng hổi sảng khoái cơ thể dạt dào đạm protein sắt béo tốt","Bữa ăn cơm trưa tối gia đình mộc mạc đưa vị đưa cơm hao cơm bún nóng hổi cho mọi lứa tuổi gia đình ông bà cha mẹ con trẻ thích ăn đồ nướng dạt dào béo bùi dẻo thơm dầy thớ đậm đà hương vị mộc mạc quê hương thôn quê ấm cúng quây quần sum họp dịp cuối tuần lễ hội, Bàn tiệc liên hoan họp mặt bạn bè chiến hữu chiến hữu nhâm nhi chén rượu sành ăn đặc sản thưởng thức món nướng ngon miệng nổi tiếng nức danh Kinh Kỳ dạt dào dạt dào hạnh phúc ngon miệng bắt mắt quyến rũ dồi dào, Thực đơn chế độ ăn kiêng cắt giảm tinh bột carbohydrate dồi dào chất béo đạm protein sắt sắt kẽm dồi dào dinh dưỡng bồi bổ sức khỏe phục hồi cơ thể tốt Keto Low-carb lành mạnh sạch sẽ tinh khiết","Người thừa cân béo phì nặng cao huyết áp mỡ máu cao chỉ số cholesterol máu vượt ngưỡng cần hạn chế ăn nhiều thịt mỡ da động vật b b béo ngậy mỡ vịt mỡ bão hòa nhiều calo năng lượng lớn đồ nướng rán dầu mỡ sền sệt, Người bị đau dạ dày viêm loét tá tràng nhạy cảm hạn chế nước chấm mắm gừng tỏi ớt hiểm cay xè kích ứng niêm mạc bao tử, Người răng yếu nhai đồ dai da vịt dẻo khó khăn nặng nề"
banh-bo-nuong-cot-dua,Bánh bò nướng cốt dừa,Nam,snack,snack,60,45,hard,340,4,62,10,1,120,22,30000,60000,vegetarian,"Nước cốt dừa, Trứng","Ngọt ngào béo ngậy ngào ngạt cốt dừa dạt dào lịm tim, Dai dẻo xốp rễ tre dầy đặc sần sật mượt mà, Thơm nức mũi mùi nướng khuôn gang thơm ngậy dừa bơ óng ả bánh phồng xốp vỏ dai giòn",0,4,https://cdn.tgdd.vn/2021/06/CookProduct/1200-1200x676-46.jpg,"Thức quà bánh ngọt tinh tế nghệ thuật dân dã mang đậm phong vị ẩm thực đặc sản dải đất Nam Bộ phương Nam sông nước dạt dào, thử thách mọi tay nghề kỹ thuật của người làm bánh bởi cấu trúc bánh độc đáo đầy thử thách, bánh làm từ sự kết hợp của bột gạo tẻ lọc tinh khiết bột năng ngon tạo độ dai dẻo quấn và men nở kích hoạt dính, quấy hòa đều đặn cùng nước cốt dừa đậm đặc béo ngậy ngào ngạt dừa bơ nấu chảy dẻo đường thốt nốt ngọt đậm đà lịm, đổ bột qua rây lọc nướng trong khuôn gang dầy lòng sâu đốt nóng già nhiệt cao tạo nên ổ bánh bò nướng phồng xốp dầy đặc cấu trúc các lỗ khí rễ tre đứng thẳng dai dẻo sần sật mịn màng béo bùi ngậy tan đầu lưỡi vỏ ngoài vàng ruộm giòn cạnh óng ả bắt mắt quyến rũ mùi thơm nức mũi thưởng trà bánh ngọt chiều muộn mát mẻ thanh tao dạt dào ngọt ngào hương sắc.","Bột gạo tẻ tinh khiết lọc mịn màng mượt: 150g, Bột năng ngon tạo độ dai dẻo dai giòn: 50g, Nước cốt dừa đậm đặc béo ngậy đặc sánh nguyên chất dạt dào dừa: 200ml, Men nở làm bánh mì (instant dry yeast) kích hoạt bọt: 1 muỗng cà phê, Đường thốt nốt An Giang hoặc đường cát cát trắng trắng mịn: 150g, Trứng gà tươi ngon lọc lấy màu lòng: 3 quả, Nước cốt lá dứa tươi tạo màu xanh tự nhiên hoặc hương vani tạo mùi thơm nức, Bơ lạt phết chống dính khuôn gang một xíu xiu muối hạt tinh khiết nước lọc ấm vừa vặn lòng bàn tay","Khuôn gang dầy chuyên dụng nướng bánh bò đổ nướng chảo lòng sâu lớn, Lò nướng bánh hoặc bếp điện nhiệt cao hầm nóng khuôn gang lớn dầy khít nắp vung, Tô lớn thau sạch nhào bột rây lọc mịn mượt hai lần đũa cả lớn quấy đánh bột phẳng mượt máy đánh trứng cầm tay khay lưới đỡ bánh nguội dao thái cắt bánh đĩa phẳng lớn","Hòa men nở instant yeast với nước lọc ấm ba mươi lăm độ cùng muỗng đường cát trắng khuấy nhẹ để yên mười phút chờ men nở phồng xốp bốc bọt tăm xốp đặc như gạch cua đồng chứng tỏ men đạt chất lượng dồi dào kích hoạt tốt, Cho bột gạo bột năng nước cốt lá dứa tươi màu xanh óng ả vào tô lớn rưới nước men nở đã kích hoạt vào quấy đều dùng tay nhào bóp kỹ liên tục khối bột bột mịn dẻo không dính tay đậy khăn ấm ủ bột kín trong vòng 1 tiếng nơi thoáng mát cho khối bột lên men nở phồng gấp đôi se mịn tỏa hương chua nhẹ bọt tăm, Nấu đun nhỏ lửa nước cốt dừa đậm đặc béo ngậy sánh đặc cùng đường thốt nốt cắt nhỏ trên chảo dầy khuấy đều cho đường tan chảy hoàn toàn quyện chặt nước cốt dừa béo mượt tỏa mùi hương thơm phức mật ngọt ngào ngạt hương dừa dạt dào nhấc xuống chảo chờ nguội bớt ấm ấm, Đập trứng gà tươi ra bát khuấy tan nhẹ tay không đánh bông bọt rưới phần nước cốt dừa đường thốt nốt ấm ấm và men nở bột đã lên men vào quấy đều quện vào nhau thành hỗn hợp bột nước lỏng mịn mượt hoàn toàn có màu vàng óng hoặc xanh lá dứa mượt mà đổ toàn bộ hỗn hợp qua rây lọc mịn hai lần lý bột nếp bột năng dính dẻo đường ngọt đậm đà, Bật lò nướng ở nhiệt độ 180 độ C làm nóng khuôn gang dầy có phết lớp bơ mỏng hoặc mỡ heo chống dính bỏ khuôn vào lòng lò nướng trước mười lăm phút cho khuôn gang nóng già bốc khói nhẹ ráo khuôn sờ bỏng tay, Nhấc khuôn gang nóng ra đặt phẳng dùng vá múc múc hỗn hợp bột bánh bò lỏng đã lên men bọt khí rễ tre đổ rót thẳng qua rây lọc vào lòng khuôn gang nóng nghe tiếng xèo xèo xèo reo vui tai bột bám quanh thành khuôn tạo rễ tre đứng thẳng lập tức cho khuôn bánh trở lại lò nướng nướng ở nhiệt độ 175 độ C nướng cách thủy đặt khay nước ấm đáy lò nướng liên tục từ 40 đến 45 phút không mở cửa lò cho bánh chín phồng xốp vàng ruộm, Thử bánh chín bằng cách đâm tăm tre rút ra khô ráo thớ bánh đàn hồi vỏ ngoài vàng ruộm giòn cạnh óng ả bắt mắt tỏa hương thơm nức mũi điếc mũi mùi sầu riêng dừa bơ ngọt ngào tắt bếp nhấc khuôn bánh ra lật úp ngược bánh bò nướng lên khay lưới chờ bánh nguội hoàn toàn bánh se chặt cấu trúc rễ tre dầy đặc dẻo dai dùng dao thái thành các miếng tam giác nhỏ xếp sắp ra đĩa lòng nông phẳng mượt bắt mắt thưởng bánh uống trà chiều tâm tình","Món bánh ngọt quà bánh ăn vặt chiều muộn mát mẻ tụ họp tán gẫu thưởng trà chiều tâm tình bạn bè người thân sum họp gia đình quây quần ấm cúng đậm chất Tây Nam Bộ miền Tây sông nước dạt dào ngọt ngào đưa vị bắt mắt hấp dẫn quyến rũ vị giác thèm ăn đồ ngọt dẻo, Thực đơn các món ăn chay ngọt thanh sạch thanh đạm bồi bổ cơ thể dồi dào năng lượng carbohydrate chất béo thực vật lành mạnh cho mọi lứa tuổi người già lớn tuổi thích bánh mềm dẻo trẻ em em nhỏ tuổi đều yêu mến dẻo bùi ngậy tan đầu lưỡi dạt dào hạnh phúc ngọt lịm tim đổi vị thêm thanh nhã dạt dào","Bệnh nhân bị bệnh tiểu đường đái tháo đường cần ăn kiêng cắt giảm lượng chất đường mật carbohydrate tinh bột nếp bột năng dính dẻo đường ngọt đậm đà, Người thừa cân béo phì hạn chế đồ béo chất béo dồi dào calo năng lượng cao từ nước cốt dừa đậm đặc sữa đường thốt nốt sền sệt bão hòa"
chao-bot-hai-lang,Cháo bột Hải Lăng,Trung,main,"breakfast, lunch, dinner",35,30,medium,360,18,54,8,1,790,1,25000,45000,balanced,Cá đồng (cá lóc),"Đậm đà mặn mòi đưa vị, Cay nồng nàn xé lưỡi ấm nồng sả ớt tiêu bột, Ngọt khiết thanh nhẹ từ nước luộc cá lóc đồng nghệ tươi giã bùi béo dẻo dai sợi bột vạt giường gạt phăng tanh hôi bắt vị nồng nàn thơm nức",3,1,https://encrypted-tbn0.gstatic.com/images?q=tbn:ANd9GcSRRahFj3UQaPOUbFzGBuh0E-49KY_Tbnwuyg&s,"Đặc sản ẩm thực độc đáo lừng danh trừng danh nức tiếng đất Quảng Trị thương mến (còn gọi là cháo cá vạt giường độc nhất vô nhị), chinh phục thực khách bởi hương vị mộc mạc mặn mòi cay nồng nàn đậm chất khúc ruột miền Trung dạt dào nắng gió cát trắng, kết hợp tinh tế tuyệt vời giữa những sợi bột gạo tẻ pha bột lọc lọc năng được nhồi tay dẻo dai cắt xẻ thành các sợi dài dẹt dầy bản vạt giường nằm xưa cũ, nấu chín mềm dẻo dai giòn trong lòng súp sườn nước luộc thịt cá lóc (cá quả) đồng tươi mập mạp ngọt lịm ngọt khiết tự nhiên thấm đượm nghệ tươi giã vàng tươi óng ả, củ nén sả băm hành tăm phi dầu điều thơm phức xào săn thớ cá chắc ngọt bùi đậm vị cay xè xé lưỡi kích thích tột cùng đầu lưỡi bốc khói xua tan mưa bão lạnh giá giải cảm bồi bổ sinh lực dồi dào chất đạm protein sắt carbohydrate năng lượng dạt dào.","Cá lóc (cá quả) đồng tươi sống mập mạp chắc nịch thịt ngọt mọng: 1 con lớn, Bột gạo tẻ ngon pha bột lọc năng tạo độ dai giòn dẻo dài sợi bột: 200g, Củ nén (hành tăm) băm nhỏ đập dập thơm nức dồi dào: 30g, Nghệ tươi tươi giã nhuyễn lấy nước cốt vàng tươi óng: 2 muỗng canh, Ớt bột cay nồng nàn ớt xiêm xanh tươi cay xè đỏ rực cắt lát mỏng: 2 muỗng canh, Dầu màu điều bơ thơm gia vị nước mắm ngon mặn mòi muối hạt đường phèn hạt nêm tiêu sọ xay mịn ấm, Hành lá ngò rí tươi xắt nhỏ ngát hương thơm nước lọc sạch sẽ dồi dào","Nồi hầm lớn dầy nấu nước luộc cá ninh súp xương cá lóc, Chảo phẳng lòng sâu xào thịt cá lóc lăn nhanh lửa mạnh, Cây lăn gỗ cán bột thớt gỗ lớn phẳng sạch khô dao thái sắc mỏng ngọt cắt sợi vạt giường d d dẹt vuông dài dầy bản dứt khoát, Tô lòng sâu lớn phục vụ múc cháo nóng hổi quấy đũa cả vá múc hớt bọt lòng bàn tay sạch sẽ","Cá lóc đồng mua về đánh vảy cạo sạch mang ruột xát muối hạt chanh tươi gừng đập dập rửa sạch nhớt tanh dưới vòi nước xả nhiều lần trút vào nồi nước lọc đun sôi bùng luộc cá vừa chín tới hớt bọt vớt cá lóc ra đĩa khéo léo gỡ lấy phi lê từng thớ thịt cá dày bản ngọt lịm bỏ sạch hoàn toàn xương dăm xương sống giữa xắt miếng dài vừa miệng ướp cùng nước cốt nghệ tươi củ nén đập dập tiêu đen nước mắm ngon hạt nêm mười lăm phút cho thớ cá săn chắc hút gia vị vàng óng ả bắt mắt, Cho toàn bộ phần xương và đầu cá lóc trở lại nồi nước luộc giã nhỏ ninh hầm lửa nhỏ liu riu một tiếng lọc qua rây lấy nước súp dùng trong vắt ngọt lịm ngọt khiết vị cá tự nhiên nêm nếm muối hạt đường phèn gia vị cho mặn mà vừa vị miền Trung đậm đà nồng nàn khói bếp, Đun nóng dầu màu điều mỡ heo trên chảo trút phần củ nén hành tăm băm còn lại sả băm ớt bột cay xè xào thơm phức điếc mũi trút toàn bộ thịt cá lóc đồng đã ướp cốt nghệ vào xào lăn nhanh tay trên bếp lửa cực lớn cho thịt cá săn giòn cạnh chắc bùi thấm đẫm mỡ điều nghệ vàng ruộm óng ánh óng ả tỏa mùi thơm nức mũi xộc vị cay nồng nàn xé mũi bốc hương đặc sản nhấc ra đĩa riêng, Cho bột gạo tẻ bột lọc năng vào tô rưới nước sôi sục thật nóng vào dùng muỗng lớn khuấy đều rồi tay nhồi bóp kỹ liên tục mạnh tay khối bột mềm dẻo mịn màng dính quện thành khối tròn đặt lên thớt gỗ lớn cán dẹt mỏng bản dày khoảng hai ly dùng dao sắc thái cắt xẻ bột thành các sợi dài dẹt vuông dầy dặn thon dài bản rộng như thanh vạt giường gỗ xóc chút bột áo tránh dính lòng nhau, Đun sôi nồi nước súp xương cá lóc nghệ điều sùng sục trút toàn bộ sợi bột vạt giường đã cắt vào nấu chín đun lửa lớn trong vòng năm phút đến khi sợi bột chín trong suốt nổi nhẹ lên mặt nước dẻo dai dẻo mềm mịn mượt thấm đượm vị nước súp ngọt thanh lịm vị cá lóc nếm gia vị đậm vị cay nồng ấm nóng hổi bốc khói, Sắp hành lá ngò rí xắt nhỏ xuống đáy tô lòng sâu lớn múc đầy ắp sợi bột gạo dẻo dai mượt mà cùng nước súp cá rô lóc vàng óng dầu điều nóng hổi sùng sục chan ngập mặt tô bún sấp thịt cá lóc đồng xào nghệ cay xè vàng ruộm ngập tỏi phi ớt xiêm xanh xắt mỏng tiêu sọ hạt lên khắp mặt tô cháo bốc khói rực rỡ nghi ngút tỏa mùi hương nồng nàn điếc mũi thực khách dùng nóng quấy đũa húp sụp miếng nước súp cháo tận hưởng cay tê xé lưỡi đậm mặn ngọt bùi dai dẻo s s sảng khoái cơ thể gạt bay cảm lạnh mệt mỏi ấm cúng lòng dạ đưa cơm bắt vị","Bữa ăn sáng trưa tối bồi bổ cơ thể dồi dào dinh dưỡng bồi bổ chất sắt kẽm vitamin canxi bột lọc cho mọi lứa tuổi gia đình ông bà cha mẹ con trẻ quây quần sum họp dịp cuối tuần mưa lạnh bão gió lạnh se se se thèm vị cay nóng ấm cúng lòng dạ đưa vị bắt vị hào sảng đưa cơm bún tươi dẻo bùi bở cá, Thực khách đam mê sành ăn khám phá văn hóa ẩm thực đặc sản dải đất Quảng Trị khúc ruột miền Trung mộc mạc dân dã anh hùng hào sảng, Món ăn giải cảm giải độc tố hạ nhiệt cơ thể mệt mỏi suy nhược bồi bổ sinh lực phái mạnh béo tốt chắc thịt ngọt ngào thanh khiết hoang dã hương đồng gió nội quê nhà đáng nhớ dạt dào hạnh phúc ngon miệng","Trẻ em quá nhỏ tuổi kiêng ăn đồ cay xè xé lưỡi dồi dào ớt hiểm sả bột tiêu nồng nàn, Người bị bệnh loét viêm dạ dày tá tràng nặng bao tử nhạy cảm dễ kích ứng tổn thương niêm mạc kiêng ăn đồ mặn mòi cay nóng xộc khói xé mũi, Người kén ăn gia vị nồng nàn hành tăm củ nén nghệ tươi khó ăn khó nuốt mùi lạ nồng đậm"
xoi-vo-ha-noi,Xôi vò Hà Nội,Bắc,main,"breakfast, lunch, snack",45,40,medium,420,8,72,9,3,210,2,15000,25000,balanced,Đậu xanh,"Bùi bùi béo ngậy ngập tràn khắp khoang miệng, Ngọt nhẹ nhàng mộc mạc dịu nhẹ thanh tao nhã nhặn, Thơm nức gạo nếp cái hoa vàng hạt xôi đồ dẻo dính tơi ráo rời hạt tơi xốp bám phủ kín ngập lớp bột đậu xanh vàng óng bùi ngọt dạt dào đầm ấm vị quê",0,3,https://encrypted-tbn0.gstatic.com/images?q=tbn:ANd9GcTe6lOOAaZxXQjtGtgg21DKzD2mW_A_Xu8c6A&s,"Thức quà bánh xôi quà tinh tế nhã nhặn bậc nhất trong nét đẹp văn hóa ẩm thực Hà Thành cổ kính lâu đời nghìn năm văn hiến, chinh phục trái tim thực khách bởi sự kỳ công chế biến khéo léo mộc mạc thanh tao đặc trưng của đất Kinh Kỳ, từng hạt gạo nếp cái hoa vàng tròn mập đồ chín bằng hơi nước cách thủy đạt độ dẻo mềm dẻo dai óng mượt bóng mỡ dồi dào mỡ heo béo, nhưng lạ thay lại tơi ráo hoàn toàn rời rạc rời từng hạt xốp khít không dính cục dính tay, bao bọc ôm trọn phủ kín ngập một lớp dày bột đậu xanh tách vỏ hấp chín giã nhuyễn mượt mà tơi xốp bùi béo ngậy ngọt dịu dạt dào đan xen đầm ấm, múc từng thìa xôi vò vàng óng óng ả óng ánh bắt mắt thưởng thức bùi béo dẻo ngọt quyện chặt tan chảy đầu lưỡi ăn kèm chè đường trong suốt hạt sen mát lành giải nhiệt ngày hè hoặc kẹp miếng chả lụa chả quế mặn mòi đưa cơm đưa vị bữa sáng dồi dào năng lượng carbohydrate vitamin béo tốt ấm lòng.","Gạo nếp cái hoa vàng dải đất Bắc Bộ hạt tròn căng mập dầy thớ dẻo thơm nức: 500g, Đậu xanh hạt tách vỏ chọn lọc loại tốt dẻo bùi bở tơi chắc hạt: 250g, Mỡ gáy heo sạch đun chảy lấy nước mỡ béo ngậy đặc hoặc dầu ăn ngon: 3 muỗng canh, Muối hạt tinh khiết đường cát trắng mịn mượt mượt: 1 muỗng canh, Nước lọc sạch sẽ dồi dào hông hấp cách thủy cốt vani","Chõ đồ xôi cách thủy lòng sâu lớn bằng gỗ tre vải căng khít vung nồi đun lớn lửa mạnh, Cối giã gỗ lớn chày giã đậu xanh nhuyễn mịn mịn màng mượt, Mâm phẳng rộng sạch sẽ khô ráo lớn đánh tơi hạt xôi lòng bàn tay quết bột, Đũa cả lớn lớn xới trộn đều tay dứt khoát mượt mà tấm màng bọc đĩa phẳng lòng nông tròn bày biện bắt mắt quyến rũ dạt dào","Đậu xanh không vỏ nhặt bỏ hạt lép sâu ngâm nước ấm ba tiếng cho nở mập vớt ra rổ xả sạch để ráo trộn chút xíu muối hạt trút vào chõ đồ hấp chín nhừ bở tơi xốp bốc khói dùng muỗng dầm giã nhuyễn mịn màng mượt mà ngay khi còn nóng hổi trong cối gỗ lớn rồi nắm chặt lại thành khối cầu tròn lớn chắc dầy dặn dùng dao thật sắc thái bào mỏng mượt tơi xốp mịn màng như phấn hạt đậu xanh tơi xốp phủ mâm sạch khô ráo để riêng, Gạo nếp cái hoa vàng nhặt sạch vo kỹ ngâm nước sạch qua đêm sáu đến tám tiếng cho thớ nếp hút đủ nước nở dẻo vớt ra rổ lớn để thật ráo hoàn toàn nước ráo lòng tay ráo sạch sẽ tinh khiết, Trút gạo nếp ráo nước ra thau lớn cho một nửa phần bột đậu xanh tơi xốp mịn màng đã bào mỏng cùng một muỗng mỡ heo đun chảy béo ngậy chút muối hạt tinh vào dùng hai lòng bàn tay khéo léo chà xát trộn vò nhẹ đều tay dứt khoát mượt mà liên tục cho từng hạt nếp nương bám phủ kín ngập một lớp phấn bột đậu xanh vàng nhạt se se khô ráo bám dính khít khao, Đun nước sôi chõ hông lớn trút gạo nếp tẩm bột đậu xanh nhẹ nhàng vào xửng đậy kín nắp hấp hông cách thủy trên lửa lớn mạnh liên tục trong vòng ba mươi phút hớt bọt váng hơi nước mở vung xới nhẹ thấy hạt nếp chín dẻo mềm óng mọng mượt dẻo dai bùi béo thấu tận tâm hạt nếp dính quấn quện tỏa hương thơm nếp nương ngào ngạt phức nức, Đổ ngay mâm xôi nếp chín nóng hổi khói nghi ngút ra mâm lớn phẳng rải đều cho bớt nóng rắc nốt phần bột đậu xanh mịn tơi xốp còn lại và một muỗng đường cát trắng mịn mượt mỡ heo vào trút dùng tay dứt khoát vò trộn chà nhẹ tay liên tục quấy đều tay cho hạt xôi nếp tách rời rạc tơi hạt xốp khít bám ngập phủ kín thêm lớp bột đậu xanh óng vàng óng ả bắt mắt bóng mượt dẻo bùi dính chặt, Trút toàn bộ khối xôi vò tơi hạt vàng óng trở lại lòng chõ đồ hấp cách thủy hông lần thứ hai trên bếp lửa vừa đun sôi nhỏ hơi nước mười phút se se hạt nếp căng mọng óng mượt bóng mỡ bùi béo ngậy quyện thắt chặt hương vị ngọt bùi thanh tao nhã nhặn lịm tắt bếp nhấc chõ, Múc xôi vò Hà Nội vàng óng ả óng ánh bắt mắt quyến rũ ra đĩa lớn lòng nông phẳng mượt rắc đậu xanh bày biện ăn sáng kèm chả lụa chả quế mặn mòi giòn dai bắt vị đưa cơm hoặc múc chan bát chè đường phèn hạt sen ngọt thanh mát lạnh sảng khoái đầu lưỡi dạt dào vị quê hương dẻo bùi","Mâm cỗ cúng tế ngày lễ giỗ Tết Nguyên Đán rằm giỗ trang trọng sum họp gia đình quây quần ấm cúng bản sắc Kinh Kỳ văn hóa cổ truyền dạt dào tình cảm đầm ấm gắn kết, Quà sáng quen thuộc quà quê bình dân mộc mạc đưa vị bắt mắt dễ ăn cho mọi lứa tuổi gia đình ông bà cha mẹ người già lớn tuổi thích ăn bùi dẻo trẻ em em nhỏ tuổi đều mê mẩn dẻo bùi ngọt mát tơi xốp ngon miệng dồi dào đạm canxi carbohydrate dồi dào năng lượng bồi bổ bồi bổ cơ thể lành mạnh sạch sẽ tinh khiết, Thực đơn món chay thanh đạm mộc mạc mướt mát thanh khiết tự nhiên dạt dào hương đồng gió nội quê hương đầu lưỡi dạt dào hạnh phúc ngon miệng","Bệnh nhân bị bệnh tiểu đường đái tháo đường cần ăn kiêng cắt giảm lượng carbohydrate dồi dào tinh bột nếp dẻo sệt khó tiêu đường cát trắng ngọt đậm mỡ bão hòa, Người thừa cân béo phì hạn chế ăn lượng xôi lớn dồi dào năng lượng calo tinh bột mỡ heo béo ngậy động vật sền sệt, Người hay bị đầy bụng ợ chua khó tiêu lạnh bụng nhạy cảm hệ tiêu hóa kiêng ăn đồ đồ nếp dính quánh nhiều vào tối muộn đêm khuya mát mẻ"
goi-nhech-trang-an,Gỏi nhệch Tràng An,Bắc,main,"lunch, dinner",45,30,hard,340,22,15,14,3,680,3,150000,300000,balanced,Cá nhệch,"Ngọt bùi dồi dào tự nhiên từ thịt cá đầm tươi sống mọng nước ngọt lịm ngọt khiết thanh khiết, Chua thanh mẻ chua nuôi, Chát nhẹ lá rừng cây cỏ hoang dã hoang dại thanh mát nhiệt giải độc, Cay nồng nàn xộc khói sả tỏi ớt hiểm riềng giã nhuyễn xé mũi tê tê đầu lưỡi kích thích vị giác đầu vị, Béo ngậy đặc sánh quánh kẹo đặc sốt chẻo chấm mật mía đặc sản mặn mòi mặn ngọt đậm đà mộc mạc dân dã thơm nức mũi thính gạo nếp nương rang giòn rụm bao phủ khít chặt miếng cá giòn sật",2,4,https://bizweb.dktcdn.net/100/514/026/files/goi-ca-nhech-ninh-binh-2.jpg?v=1765112145674,"Tuyệt tác ẩm thực đặc sản cao cấp độc đáo lừng danh danh truyền nức tiếng dải đất cố đô Ninh Bình Tràng An văn hiến anh hùng di sản thế giới, chinh phục tột cùng trái tim mọi thực khách sành ăn bởi quy trình chế biến vô cùng cầu kỳ tinh tế công phu hoang dã mang đậm hào sảng núi rừng bản sắc dạt dào đưa vị bắt vị ngon miệng tột cùng khó quên, cá nhệch tươi sống đánh bắt vùng sông đầm nước lợ được tuốt sạch nhớt cạo da lọc sạch xương phi lê thịt cá xắt lát mỏng tang trắng phau thính nếp nương rang vàng giòn thơm bùi bám khít thớ thịt cá se khô ngọt lịm mọng nước khiết ngọt tự nhiên, ăn cuốn ngập tràn cùng hàng chục loại lá rừng đinh lăng sung mơ vả nhội xanh giòn mướt mát tạo phễu cuốn độc đáo chấm ngập tràn vào lòng bát nước sốt chẻo chấm thần thánh đặc sánh béo ngậy đun nóng hổi bốc khói sùng sục nấu sên từ xương thịt đầu cá nhệch giã nhỏ quyện mẻ chua mướt mật mía nguyên chất nước mắm ngon mặn mòi cay xè ớt hiểm xộc mũi nồng nàn điếc mũi điếc tai, đưa miếng gỏi cuốn trọn vẹn vào khoang miệng tận hưởng giòn sật sần sật dai bùi béo ngậy thanh ngọt chát cay bùng nổ tan chảy đầu lưỡi nhắm chén rượu bạn bè chiến hữu hào sảng dồi dào đạm protein canxi khoáng chất bồi bổ sinh lực phái mạnh tốt cơ bắp phục hồi sức khỏe dạt dào tình quê hương.","Cá nhệch sông đầm nước lợ tươi sống mập mạp chắc nịch thịt ngọt mọng: 1kg, Thính gạo nếp nương Bắc Bộ rang vàng ruộm giã mịn thơm nức bùi: 100g, Củ riềng già sả tươi tỏi củ hành băm ớt hiểm tươi cay xè đỏ rực gừng tươi tươi giã băm nhuyễn mịn: 100g, Mẻ chua nuôi nghệ tươi giã đặc mật mía nguyên chất đặc sản nước mắm ngon đặc sản nguyên chất mặn mòi mộc mạc: 3 muỗng canh, Đầu và xương cá nhệch băm nhỏ nấu chẻo sên sánh đặc kẹo béo ngậy, Mẹt lớn dồi dào hàng chục loại lá rừng rau sống xanh mướt mát giòn ngọt lá sung lá mơ tam thể đinh lăng lá vả rau húng lủi lá nhội đọt lộc vừng sả gừng lát chanh quả dưa leo","Dao lọc thịt phi lê cá chuyên dụng mỏng bản cực sắc bén thớt gỗ lớn phẳng sạch khô ráo tinh khiết khăn lau thấm ráo nước cá, Nồi nhỏ nấu nước sốt chẻo chấm dầy dặn dầy lớn lòng sâu vá quấy đũa cả khuấy liên tục chảo phi hành tỏi băm nhuyễn mỡ heo, Mẹt tre lớn tròn lót lá chuối tươi xanh bày biện sắp đĩa gỏi chẻo chấm rau rừng đẹp mắt bắt mắt quyến rũ vị giác thèm ăn nhắm nháp, Cối đá giã nhỏ xương cá chày gỗ","Cá nhệch tươi sống mua về dùng tro bếp rơm khô tuốt sạch hoàn toàn lớp nhớt bẩn ngoài da rửa kỹ nước dấm chanh sát muối sạch sẽ dùng dao sắc khía cổ lột da gỡ bỏ đầu đuôi lòng ruột xả sạch dùng khăn sạch lau thấm thật khô ráo nước tinh khiết lóc khéo léo lọc bỏ xương sống giữa dài thu phi lê thớ thịt cá mỏng mượt trắng phau xắt lát mỏng tang ngang thớ thịt thấm ráo lần hai lòng tay ráo ráo se mặt thớ thịt mọng lịm ngọt thanh khiết tự nhiên ngọt khiết, Cho phi lê cá nhệch thái mỏng vào thau trộn quết đều tay với nước cốt riềng sả tiêu sọ cho thơm thơm gạt tanh trút toàn bộ thính gạo nếp nương rang vàng giòn giã mịn vào rắc ngập tràn dùng tay vò xóc xới nhẹ tay đều đặn dứt khoát cho thính bám bao phủ khít chặt kín thớ thịt cá se khô vàng nhạt thơm phức nức mũi bùi béo dính đặc sắc hương để riêng lòng đĩa lớn, Phần đầu thịt vụn và xương cá nhệch cho vào cối đá giã thật nhỏ băm nhuyễn lọc lấy cốt thịt xương trút vào nồi nhỏ sên hèm mẻ chua nuôi cốt nghệ tươi mật mía nguyên chất đặc sản Nghệ Tĩnh nước mắm ngon hành tỏi phi thơm mỡ heo bơ béo đun nhỏ lửa liu riu khuấy đều tay liên tục quấy dứt khoát cho hỗn hợp hòa quyện quấn quện đông sánh đặc quánh kẹo đặc béo ngậy ấm nóng hổi tỏa khói cay nồng nàn xộc khói xé mũi điếc mũi dậy vị ngọt béo đạm cá mặn mòi mặn ngọt đậm đà mộc mạc dạt dào hương vị đặc sản Ninh Bình nhấc bếp đặt bát chẻo nóng hổi, Nhặt nhạnh rửa thật kỹ nhiều lần chậu nước sạch rổ ngập tràn hàng chục loại lá rừng ăn kèm dưa leo thanh lát sả gừng vắt ráo dọn xếp sắp đẹp mắt bao phủ kín lòng mẹt tre lót lá chuối xanh bày đĩa cá nhệch thính bùi chính giữa cạnh bát nước sốt chẻo sánh đặc nóng hổi khói nghi ngút đầy quyến rũ bắt mắt, Thực khách khéo léo dùng tay cuốn lá sung lá vả bản to bên ngoài xếp lá mơ đinh lăng húng lủi nhỏ bên trong vặn cuộn chặt tay tạo hình chiếc phễu lá có lòng sâu rỗng lòng dùng đũa gắp gỏi cá nhệch thính đậu phộng sả riềng đặt chính giữa lòng phễu lá thêm lát gừng sả khế chua múc vá sốt chẻo chấm mẻ mật mía nóng hổi sền sệt tưới ngập tràn bao phủ kín khoang miệng phễu gỏi đưa trọn vẹn miếng cuốn vào miệng nhai chậm dứt khoát tận hưởng giòn sật sần sật dai bùi béo ngậy thanh ngọt chát cay bùng nổ tan chảy đầu lưỡi dạt dào hạnh phúc nhắm chén rượu nồng nàn cùng bè bạn hữu chiến hữu hào sảng","Bàn tiệc tiếp khách trang trọng ngoại giao các ngày lễ hội tiệc liên hoan cưới hỏi sum họp bè bạn chiến hữu nhâm nhi chén rượu sành ăn đặc sản thưởng thức món cuốn gỏi sống độc đáo nổi tiếng lừng danh thiên hạ Ninh Bình Tràng An Kim Sơn hào sảng đưa vị cực kì ngon miệng bắt mắt quyến rũ dồi dào canxi đạm protein kẽm khoáng chất bồi bổ cơ thể tăng cường sinh lực sinh lý phái mạnh phái yếu cơ bắp dẻo dai tốt phục hồi sức khỏe tinh túy quê nhà mộc mạc dạt dào, Tín đồ đam mê món ăn đồ cuốn rau rừng hải sản tươi sống ngọt lịm kết hợp sốt chấm chẻo ấm nóng nồng nàn kích thích đầu lưỡi thèm thuồng đưa cơm bún bánh tráng nướng ăn hoài không ngấy thanh mát cơ thể giải nhiệt giải độc độc tố cơ thể mát ruột gan s s sảng khoái lòng dạ dạt dào hạnh phúc ngon miệng đầu lưỡi vị hương đồng nội nồng ấm hương sắc quê hương dạt dào","Người có hệ tiêu hóa yếu bụng yếu lạnh bụng dạ dày nhạy cảm mẫn cảm loét viêm dạ dày tá tràng nặng đại tràng nhạy cảm kiêng ăn các món đồ gỏi cá tươi thịt sống chưa qua lửa nhiệt chín thấu hoàn toàn hoang dã dễ đau bụng tiêu chảy tiêu độc, Phụ nữ đang mang thai kỳ con nhỏ trẻ em em nhỏ tuổi hệ miễn dịch yếu kiêng đồ sống lạnh, Bệnh nhân bị bệnh gout tăng hàm lượng axit uric máu nặng suy thận cao huyết áp cần ăn kiêng cắt giảm chất đạm purin hải sản đặc thịt đỏ mặn mòi muối mắm sốt mẻ mặn gắt sền sệt béo"
xoi-sau-rieng-mien-tay,Xôi sầu riêng miền Tây,Nam,main,"breakfast, lunch, snack",40,35,medium,480,6,75,14,2,130,24,150000,200000,vegetarian,"Nước cốt dừa, Sầu riêng","Ngọt ngào đậm đà lịm tim béo ngậy ngào ngạt cốt dừa dạt dào sầu riêng, Thơm phức nức mũi mùi hương sầu riêng chín muồi dồi dào lan tỏa ngập tràn điếc mũi điếc tai tỏa hương ngào ngạt độc đáo, Bùi béo ngậy hạt đậu xanh sên nhuyễn mịn mượt bở tơi mềm mọng, Hạt xôi gạo nếp cái hoa vàng đồ chín dẻo quánh dính dẻo mềm dẻo dai óng mượt bóng mỡ dầy thớ dính chặt chẽ đượm màu vàng óng bắt mắt óng ả óng ánh quyến rũ vị giác thèm ngọt ngào dạt dào hương sắc bùi ngậy tan chảy đầu lưỡi",0,3,https://danviet.ex-cdn.com/files/f1/296231569849192448/2021/6/24/xoi3-16245242609891618495122.jpg,"Tuyệt tác ẩm thực món bánh xôi ngọt đặc sản thượng hạng dạt dào béo ngậy ngọt ngào mang đậm phong vị bản sắc dải đất Tây Nam Bộ miền Tây sông nước dạt dào thơ mộng, đốn tim mọi tín đồ mê hảo ngọt béo ngậy quyến rũ bởi sự kết hợp tinh tế hòa quyện hoàn hảo đỉnh cao giữa những hạt gạo nếp cái hoa vàng hoặc nếp sáp ngự đồ bằng hơi nước chõ cách thủy chín dẻo quánh dính mềm mại trắng tinh óng mọng, trộn đều xới quết dứt khoát với hạt đậu xanh tách vỏ hấp chín giã nhuyễn sên mịn mượt bở tơi dẻo bùi bùi béo bùi ngậy báu vật điền viên, rồi rưới chan ngập tràn nước hỗn hợp sốt thịt quả sầu riêng tươi chín muồi cơm vàng Ri6 băm dầm nhuyễn mịn ngào đường phèn hạt son nước cốt dừa đậm đặc béo ngậy đặc sánh d d dạt dào béo ngậy bốc hương thơm phức nức mũi ngào ngạt dồi dào, đánh xới quết liên tục nhẹ nhàng cho từng hạt xôi nếp hút sâu đượm mướt mật sốt sầu riêng nhuộm màu vàng óng ả óng ánh bắt mắt mướt mát bóng mỡ dẻo quánh dính chặt chẽ quyện thắt chặt khối xôi bóng bẩy, rắc ngập sợi dừa nạo mỏng mè rang vàng giòn bùi ngọt tan chảy mịn màng ngập tràn đầu lưỡi dạt dào hạnh phúc lịm ngọt ngọt ngào hương sắc phương Nam sông nước tiền giang hậu giang phù sa bồi đắp bồi bổ sức khỏe dồi dào carbohydrate calo năng lượng béo tốt lành mạnh.","Gạo nếp cái hoa vàng hoặc nếp sáp ngự hạt mập tròn dầy thớ dẻo thơm nức: 500g, Thịt quả sầu riêng tươi chín muồi tự nhiên cơm vàng hạt lép thơm nức (Ri6 hoặc sầu chuồng): 200g, Đậu xanh hạt tách vỏ ngon bở dẻo bùi: 100g, Nước cốt dừa đậm đặc béo ngậy đặc sánh dồi dào dừa dạt dào nguyên chất: 200ml, Đường cát phèn hạt son hoặc đường cát trắng mịn mượt ngọt đậm: 120g, Lá dứa tươi xanh sạch sẽ thơm ngát cọng dài: 3 nhánh cọng dài, Một xíu xiu hạt muối tinh muối hạt tinh khiết nước lọc sạch làm sốt sên xôi dừa sợi mè","Chõ đồ xôi chõ hấp cách thủy lòng sâu lớn khít nắp vung bằng gỗ tre vải căng đun lửa lớn, Tô lớn bát sạch dầm thịt sầu riêng sên sốt cốt dừa quấy bơ dứt khoát, Đũa cả lớn xới trộn quết đều tay dứt khoát mượt mà nhẹ nhàng lòng bàn tay, Máy xay mịn tán mượt đậu xanh chảo dầy, Đĩa phẳng lớn lòng nông nông bày biện trang trí bắt mắt quyến rũ dạt dào ngọt","Đậu xanh không vỏ nhặt bỏ hạt sâu lép ngâm nước ấm ba tiếng cho nở mập vớt ra chõ hấp chín nhừ bở tơi xốp dùng máy xay hoặc muỗng dầm tán giã mịn mượt nhuyễn mịn sên trên chảo dầy với chút đường muối cho dẻo bùi bở làm nhân lòng bát riêng, Gạo nếp sáp vo sạch ngâm nước lọc sạch qua đêm sáu đến thái thỏi mỏng gọn thớ nếp ngậm đủ nước nở dẻo vớt ra rổ lớn để thật ráo hoàn toàn nước ráo lòng tay ráo ráo tinh khiết trộn xóc một xíu muối hạt tinh cho đậm đà dính dẻo khối nếp, Đun nước sôi chõ hông lớn trút gạo nếp sáp ráo vào chõ đặt vài cọng lá dứa tươi vò nhẹ dưới đáy nồi đậy kín nắp hấp hông cách thủy lửa lớn mạnh liên tục trong vòng ba mươi phút mở vung thấy hạt xôi nếp chín dẻo quánh dính trắng tinh óng mọng mượt d d dẻo dai bùi béo thấu tận tâm hạt xôi tỏa hương nếp thơm phức nức, Khéo léo dùng tay tách lấy phần cơm thịt quả sầu riêng tươi chín muồi băm dầm nát nhuyễn mịn màng mượt mà cho vào bát tô lớn rưới toàn bộ nước cốt dừa đậm đặc béo ngậy đặc sánh sữa đặc đường cát phèn trắng và cốt vani vào dùng muỗng quấy đánh đều tay dứt khoát dồn lực cho hỗn hợp hòa quyện quấn quện thành nước sốt thịt sầu riêng nước cốt dừa vàng óng ả óng ánh sánh mịn mượt dạt dào béo ngậy ngào ngạt hương sầu riêng điếc mũi thơm phức nức mùi lịm ngọt ngào, Đổ ngay nồi xôi nếp dẻo dính nóng hổi khói nghi ngút ra bát tô lớn sạch trút khối đậu xanh giã nhuyễn sên mịn bở tơi vào dùng đũa cả lớn đánh tơi xới trộn đều tay dính quyện màu vàng bám thớ nếp ráo se se, Rưới toàn bộ sốt thịt sầu riêng dừa óng lên thau xôi đậu xanh trộn quết nhẹ nhàng đều tay năm phút thấm đẫm mật sốt dạt dào kết khối óng ả bám dính óng ánh, Cho xôi sầu riêng trở lại chõ hông cách thủy lửa vừa năm phút thắt chặt hạt nếp chín đơm màu ngậy tắt bếp nhấc đĩa lớn rắc dừa nạo lạc mè rang bùi béo ngọt lịm","Món bánh xôi ngọt ăn vặt quà bánh tráng miệng xế chiều tối mát mẻ mâm cỗ thôi nôi đầy tháng đầy tuổi tiệc mừng sum họp gia đình cuối tuần quây quần hảo béo ngọt dẻo dạt dào carbohydrate calo năng lượng, Thực đơn món ăn chay ngọt thanh thục đạm mộc mạc văn hóa vùng miền mượt mà dồi dào canxi khoáng chất thực vật chất lượng cao","Bệnh nhân bị bệnh tiểu đường đái tháo đường cao huyết áp nặng mỡ máu cao chỉ số cholesterol máu vượt ngưỡng cần ăn kiêng nghiêm ngặt cắt giảm tối đa chất ngọt đường mạch nha đường phèn carbohydrate lượng lớn năng lượng calo d d dồi dào từ nếp dính khó tiêu ăn kiêng tinh bột ngọt đậm mỡ béo bão hòa từ nước cốt dừa sầu riêng chín ngọt đậm ngọt gắt béo phì nặng kiêng ngọt nhiều cực hạn mỡ động thực vật tăng cân nhanh tích mỡ, Người hay bị chướng bụng đầy hơi ợ chua khó tiêu lạnh bụng dạ dày nhạy cảm hệ tiêu hóa yếu kiêng ăn nhiều đồ nếp sầu riêng ngọt béo vào tối muộn đêm khuya mát mẻ mệt mỏi"
pho-ga-chat,Phở gà chặt,Bắc,main,"breakfast, lunch, dinner",20,60,medium,450,30,55,12,1,850,2,35000,60000,balanced,Không,"Thanh ngọt, Đậm đà, Thơm hành lá",0,1,https://cdn.zsoft.solutions/poseidon-web/app/media/Nau-an/8.2024/200823-cach-lam-pho-ga-buffet-poseidon.thum.1.jpg,"Món phở gà truyền thống Hà Nội với thịt gà ta luộc chín tới chặt miếng dày da giòn, nước dùng ninh từ xương thanh ngọt tự nhiên.","Bánh phở: 150g, Gà ta nửa con: 600g, Hành tây: 1 củ, Gừng: 1 củ, Lá chanh: 5 lá, Hành lá: 20g, Gia vị: 1 ít","Nồi hầm xương, Vá múc, Thớt, Dao chặt, Tô","Luộc gà cùng gừng và hành tím đập dập vừa chín tới vớt ra để nguội, Tiếp tục ninh xương gà cùng hành tây nướng thơm để làm nước dùng, Nêm nếm nước dùng với muối hạt nêm cho vị thanh ngọt tự nhiên, Gà nguội đem chặt miếng vừa ăn giữ nguyên da, Trụng bánh phở cho vào tô xếp thịt gà chặt lên trên mặt, Rắc hành lá và lá chanh thái sợi chỉ, Chan nước dùng nóng hổi ngập mặt phở","Mọi lứa tuổi, Người thích ăn phở gà thanh nhẹ",Người kiêng ăn mặn nhiều muối
pho-chua-lang-son,Phở chua Lạng Sơn,Bắc,main,"breakfast, lunch",30,20,medium,480,22,65,14,2,780,6,40000,70000,balanced,"Đậu phộng, Gluten","Chua ngọt, Đậm đà, Thơm bùi khoai môn chiên",1,1,https://i.ytimg.com/vi/GH1-aL5WwsQ/maxresdefault.jpg,"Đặc sản xứ Lạng với bánh phở trộn cùng nước sốt chua ngọt, thịt xá xíu, gan lợn, khoai môn chiên giòn và dưa chuột.","Bánh phở tươi: 150g, Thịt xá xíu: 50g, Gan lợn: 30g, Khoai môn nạo sợi: 20g, Đậu phộng rang: 1 muỗng canh, Nước cốt me: 2 muỗng canh, Dấm bỗng: 1 muỗng canh, Hành phi, Tỏi, Ớt, Rau thơm","Nồi nấu sốt, Chảo chiên, Vá, Tô lớn","Luộc chín gan lợn rồi xắt lát mỏng, Thái thịt xá xíu thành miếng vừa ăn, Khoai môn gọt vỏ nạo sợi rồi đem chiên vàng giòn ráo dầu, Làm nước sốt trộn gồm nước me dấm bỗng đường nước mắm và tỏi băm đun sôi đến khi sánh sệt chua ngọt, Trụng bánh phở xếp vào tô lớn thêm gan lợn xá xíu và khoai môn sợi chiên giòn lên trên, Rưới nước sốt chua ngọt vào tô, Rắc đậu phộng rang hành phi và rau thơm trộn đều khi ăn","Khám phá đặc sản vùng miền, Người thích vị chua ngọt",Người bị đau dạ dày nhạy cảm chua
pho-xao-thit-bo,Phở xào thịt bò,Bắc,main,"breakfast, lunch",15,15,easy,520,26,60,18,2,820,3,45000,70000,balanced,"Thịt bò, Gluten","Đậm đà, Thơm mùi chảo, Ngọt thịt bò và rau cải",0,1,https://www.huongnghiepaau.com/wp-content/uploads/2017/11/pho-xao-huong-vi-hap-dan-bo-duong.jpg,Món ăn đưa cơm quen thuộc với bánh phở xào săn dai nhẹ trên lửa lớn cùng thịt bò mềm mọng nước và rau cải ngọt xanh giòn.,"Bánh phở tươi: 150g, Thịt thăn bò: 100g, Rau cải ngọt: 100g, Hành tây: 1/2 củ, Tỏi băm: 1 muỗng canh, Dầu hào: 1 muỗng canh, Nước tương: 1 muỗng canh, Tiêu, Muối, Dầu ăn","Chảo xào lớn, Đũa, Dao, Thớt","Thịt bò thái lát mỏng ướp tỏi băm dầu hào tiêu trong 15 phút, Rau cải ngọt rửa sạch cắt khúc hành tây thái múi cau, Cho dầu vào chảo phi thơm tỏi trút thịt bò vào xào nhanh trên lửa lớn vừa chín tái rồi múc ra riêng, Tiếp tục cho bánh phở vào chảo xào với chút nước tương cho săn dai bám màu nhẹ rồi múc ra đĩa, Xào chín rau cải ngọt và hành tây trên chảo nêm chút hạt nêm dầu hào, Trút thịt bò và bánh phở trở lại chảo đảo thật nhanh tay trong 1 phút rồi múc ra đĩa rắc tiêu","Bữa trưa tối nhanh gọn, Người thích món xào đậm vị",Người cần hạn chế dầu mỡ chiên xào
pho-ga-tron,Phở gà trộn,Bắc,main,"breakfast, lunch, dinner",20,30,easy,420,28,55,10,1,720,4,35000,55000,balanced,"Đậu phộng, Gluten","Chua ngọt nhẹ, Đậm đà, Thơm hành phi",0,1,https://i-giadinh.vnecdn.net/2024/10/03/Bc6Thnhphm1-1727942049-2491-1727942060.jpg,"Món phở biến tấu thanh mát, bánh phở tươi trộn cùng thịt gà ta xé phay giòn da dẻo nạc, nước sốt tương chua ngọt, rau thơm và lạc rang.","Bánh phở tươi: 150g, Thịt đùi gà luộc: 100g, Đậu phộng rang: 1 muỗng canh, Hành phi: 1 muỗng canh, Nước tương: 2 muỗng canh, Hắc xì dầu: 1 muỗng cà phê, Nước cốt chanh: 1 muỗng canh, Đường: 1 muỗng canh, Rau thơm, Giá đỗ","Tô trộn lớn, Vá trụng, Nồi nhỏ làm sốt, Dao","Gà ta luộc chín xé phay miếng vừa ăn giữ lại phần da giòn, Pha nước sốt trộn gồm nước tương hắc xì dầu đường nước cốt chanh đun sôi nhẹ cho tan đều, Trụng sơ bánh phở tươi và giá đỗ xếp vào tô lớn, Xếp thịt gà xé lên trên mặt bánh phở, Rưới đều nước sốt chua ngọt vào tô thêm chút mỡ hành, Rắc hành phi đậu phộng rang giã dập và rau thơm xắt nhỏ rồi trộn đều khi dùng kèm chén nước dùng riêng","Ăn ngày hè thanh mát, Trẻ em và giới trẻ thích món trộn",Không
pho-cuon-thit-bo,Phở cuốn thịt bò,Bắc,main,"lunch, dinner, snack",15,10,easy,380,22,45,12,2,650,3,40000,70000,"balanced, light","Thịt bò, Gluten","Thanh mát, Đậm đà thịt bò xào tỏi, Chua ngọt dịu",0,2,https://barona.vn/storage/meo-vat/51/cach-lam-pho-cuon-thit-bo.jpg,"Thịt bò xào tỏi đậm đà cuộn tròn trong bánh phở tấm cùng rau xà lách, rau mùi, chấm nước mắm chua ngọt dịu vị thanh nhẹ.","Bánh phở tấm (chưa cắt): 10 lá, Thịt thăn bò: 200g, Tỏi băm: 1 muỗng canh, Dầu hào: 1 muỗng canh, Gừng băm: 1 muỗng cà phê, Rau xà lách, Rau mùi, Húng lủi: 100g, Nước mắm chua ngọt","Chảo xào thịt, Đĩa lớn cuốn bánh, Dao xắt","Thịt bò thái lát mỏng ướp tỏi gừng băm dầu hào tiêu trong 15 phút, Xào thịt bò trên chảo lửa lớn thật nhanh tay vừa chín tới mọng nước rồi trút ra đĩa để nguội bớt, Trải phẳng một lá bánh phở tấm lên đĩa sạch xếp rau xà lách rau mùi húng lủi lên mép bánh phở, Gắp thịt bò xào tỏi đặt lên lớp rau thơm, Khéo léo cuộn tròn chặt tay lá bánh phở bao bọc lấy nhân thịt rau thành cuốn thuôn dài, Xếp phở cuốn ra đĩa chấm cùng nước mắm tỏi ớt chanh đường pha loãng","Khai vị mâm cỗ liên hoan, Ăn chơi xế chiều ngày hè mát lành",Không
hu-tieu-xuong-ong,Hủ tiếu xương ống,Nam,main,"breakfast, dinner",20,90,easy,460,24,58,14,1,880,4,35000,55000,balanced,Gluten,"Ngọt đậm đà súp xương, Thơm tỏi phi hành lá",0,1,https://cdn2.fptshop.com.vn/unsafe/1920x0/filters:format(webp):quality(75)/cach_nau_hu_tieu_xuong_f09af73bfc.jpg,"Món hủ tiếu bình dân thân thuộc Nam Bộ với nước dùng ninh từ xương ống ngọt lịm mộc mạc, ăn kèm khúc xương ống heo hầm dồi dào tủy béo ngậy.","Sợi hủ tiếu khô: 150g, Xương ống heo ngon: 500g, Thịt băm: 50g, Củ cải trắng: 1 củ, Tỏi băm phi vàng: 1 muỗng canh, Hành lá, Hẹ tươi: 30g, Gia vị mắm muối phèn: 1 ít, Giá đỗ, Rau cần","Nồi hầm xương lớn, Vá múc, Vá trụng hủ tiếu, Tô lớn","Xương ống heo rửa sạch trần nước sôi bọt bẩn rồi ninh trong nồi lớn cùng củ cải trắng vài tiếng hớt bọt để lấy nước súp trong, Nêm nếm gia vị hạt nêm muối đường phèn cho nước dùng ngọt thanh mặn nhẹ đậm đà, Xào chín thịt băm với chút hành tiêu băm nhỏ làm topping, Trụng sợi hủ tiếu khô qua nước sôi cho mềm dai xóc ráo cho vào tô có mỡ tỏi phi thơm, Sắp thịt băm hành hẹ giá đỗ cắt khúc đặt khúc xương ống heo hầm mềm lên mặt tô, Chan ngập nước súp nóng hổi rắc tiêu xay và hành phi giòn","Ăn sáng ấm bụng, Người cần bổ sung canxi và năng lượng","Người mỡ máu cao, Người kiêng chất béo động vật nhiều"
bun-hai-san-chua-cay,Bún hải sản chua cay,Nam,main,"lunch, dinner",20,30,easy,430,26,52,11,2,910,5,45000,75000,balanced,"Tôm, Mực, Hải sản","Chua cay nồng nàn, Thơm cốt me sa tế, Đậm đà hải sản",2,1,https://cdn.tgdd.vn/Files/2019/03/21/1156071/cach-nau-bun-thai-chua-cay-dam-da-chuan-vi-tu-goi-sot-tom-yum-202208261442175603.jpg,"Tô bún hải sản chua cay đầy ắp tôm, mực giòn ngọt tươi ngon nấu trong nước súp dùng me sả chua cay sa tế đậm đà vị biển.","Bún tươi sợi vừa: 150g, Tôm sú tươi: 3 con, Mực ống: 100g, Chả cá lát: 30g, Nước cốt me chín: 2 muỗng canh, Sa tế ớt: 1 muỗng canh, Cà chua: 2 quả, Nấm kim châm: 50g, Sả, Tỏi băm, Ngò gai, Rau muống chẻ","Nồi nấu súp, Vá lỗ, Tô lòng sâu lớn, Dao thái","Sơ chế làm sạch tôm mực cắt khoanh vừa ăn khía hoa chần sơ qua nước sôi sả gừng để riêng giữ giòn, Cà chua cắt múi cau nấm rơm cắt đôi ngò gai thái nhỏ, Phi thơm tỏi sả băm trên nồi súp trút cà chua vào xào mềm tạo màu sau đó đổ nước hầm vào đun sôi sùng sục, Cho cốt me sa tế nước mắm đường hạt nêm vào điều hòa vị chua cay ngọt mặn đậm đà thả nấm vào đun cùng, Sắp bún tươi sợi vừa xuống đáy tô lòng sâu xếp tôm mực chả cá lên mặt đĩa bún, Chan nước dùng chua cay nóng hổi ngập mặt tô rắc ngò gai hành lá ăn nóng kèm rau muống chẻ","Người đam mê hải sản, Bữa ăn ấm bụng ngày mưa lạnh","Người đau loét dạ dày nhạy cảm chua cay, Trẻ em nhỏ tuổi"
hu-tieu-tom-thit,Hủ tiếu tôm thịt,Nam,main,"breakfast, dinner",15,45,easy,410,22,56,10,1,840,3,35000,55000,balanced,"Tôm, Hải sản, Gluten","Ngọt thanh dịu nhẹ, Thơm hành tỏi phi, Béo ngậy mỡ hành",0,1,https://gocamthuc.acecookvietnam.vn/wp-content/uploads/2024/05/Hinh-Hu-tieu-tron-scaled.jpg,"Món điểm tâm quen thuộc Nam Bộ gồm hủ tiếu mềm dai, tôm lột vỏ chắc ngọt thịt, thịt heo xá xíu thái mỏng chan nước dùng súp xương thanh ngọt tự nhiên.","Sợi hủ tiếu khô: 150g, Tôm tươi: 3 con, Thịt nạc dăm heo: 100g, Xương ống heo hầm súp: 300g, Hành lá, Hẹ tươi: 30g, Tỏi phi hành phi: 1 muỗng canh, Giá đỗ, Gia vị tiêu mắm muối phèn: 1 ít","Nồi nấu xương, Vá trụng hủ tiếu, Tô lớn, Dao thái thớt","Ninh xương heo lấy nước dùng thanh ngọt tự nhiên nêm nếm gia vị phèn muối muối hạt vừa vị ngọt thanh nhạt thanh tao, Luộc chín thịt heo nạc dăm và tôm tươi bóc vỏ chừa đuôi xắt lát mỏng thịt heo làm xá xíu mềm, Trụng sợi hủ tiếu khô qua nước sôi cho mềm vừa tới vớt ra xóc với mỡ tỏi phi vàng thơm lừng bám dính sợi hủ tiếu, Xếp giá đỗ hẹ tươi cắt khúc lên mặt bún sắp tôm tươi thịt lát xá xíu hành lá ngò rí lên mặt tô, Chan ngập nước dùng súp xương ống trong veo ngọt lịm nóng hổi rắc hành phi giòn tiêu xay ăn kèm rau sống","Bữa sáng dinh dưỡng hằng ngày, Người thích vị súp thanh nhẹ dễ ăn dễ tiêu hóa",Người dị ứng tôm và các loại hải sản vỏ cứng
bun-long-lon,Bún lòng lợn,Bắc,main,"breakfast, lunch",30,30,medium,460,24,52,16,1,850,2,35000,55000,balanced,Nội tạng lợn,"Đậm đà mặn mòi, Bùi béo ngậy lòng dồi, Thơm húng quế mắm tôm",0,1,https://cdn.tgdd.vn/2021/04/CookRecipe/Avatar/bun-long-lon-thumbnail.jpg,Lòng non dồi heo luộc chín giòn sần sật béo ngậy ăn cùng sợi bún tươi chan súp ninh ngọt xương ăn kèm bát mắm tôm chanh ớt đặc sắc.,"Bún tươi sợi nhỏ: 150g, Lòng non, gan, tim dồi lợn luộc chín: 150g, Xương ống lợn ninh súp: 300g, Hành tím, Gừng: 20g, Hành lá, Rau húng quế: 30g, Gia vị: mắm tôm, chanh, ớt, tiêu","Nồi hầm súp lớn, Dao thái thớt, Chén mắm tôm, Tô lớn","Lòng heo dạ dày bóp muối giấm rửa kỹ nhớt bẩn luộc chín với gừng hành đập dập vớt ra ngâm đá chanh cho giòn trắng thái lát miếng vừa ăn, Ninh xương ống heo hớt bọt lấy cốt nước súp dùng trong ngọt nêm chút mắm ngon muối gia vị mộc mạc, Sắp bún tươi sợi nhỏ và giá đỗ hành lá xuống đáy tô lớn, Sắp đều các khúc lòng non dạ dày gan tim dồi heo lên bít kín khắp mặt tô bún, Chan ngập nước dùng súp xương hầm sôi sùng sục rắc tiêu húng quế chấm mắm tôm tỏi ớt đánh bông bọt","Bữa sáng ấm lòng ngày mưa lạnh, Người mê các món lòng luộc dồi dẻo bùi béo","Người bị bệnh gout nặng tăng axit uric máu, Người mỡ máu cao kiêng nội tạng"
banh-canh-cha-ghe,Bánh canh chả ghẹ,Nam,main,"breakfast, lunch, dinner",25,45,medium,440,22,58,12,1,890,4,45000,80000,balanced,"Ghẹ, Cá, Hải sản","Ngọt đậm đà hải sản, Thơm nức hành phi, Sánh mịn mượt",0,1,https://cdn.tgdd.vn/Files/2019/07/03/1177014/nau-banh-canh-ghe-co-gi-ma-kho-doc-ngay-bai-viet-nay-la-biet-lam-ngay-202112221144210167.jpg,"Đặc sản biển phương Nam quyến rũ với sợi bánh canh bột lọc dẻo dai trong suốt hầm cùng súp gạch ghẹ ngọt bùi sánh đặc, bánh chả ghẹ béo ngọt chiên vàng.","Sợi bánh canh bột lọc: 150g, Thịt ghẹ tươi gỡ sẵn: 80g, Bánh chả ghẹ chiên: 50g, Xương heo hầm súp cá: 300g, Màu dầu điều, Tỏi băm: 2 muỗng canh, Hành lá, Ngò rí, Hành phi, Gia vị: đường, muối, tiêu","Nồi hầm súp lớn, Vá khuấy nhẹ, Tô lớn, Dao thớt","Ninh xương heo cùng vỏ đầu ghẹ tôm khô lấy nước dùng hải sản đậm đặc lọc trong veo nêm đường phèn muối màu dầu điều, Xào phi thơm tỏi băm trút thịt ghẹ tươi xé sợi thịt mềm vào đảo nhanh tay nhẹ lửa cùng gia vị mắm ngon cho săn thơm ngọt để riêng, Cho sợi bánh canh bột lọc vào nồi nước súp đun lửa vừa nấu sôi nhẹ cho sợi bánh chín trong suốt dẻo dai sệt nhẹ bột năng, Múc đầy vá sợi bánh canh dẻo mượt vào tô lớn sắp lá chả ghẹ dẻo bùi và phủ thịt ghẹ xào săn thơm phức lên mặt, Chan nước súp dùng sánh ngọt gạch ghẹ nóng hổi sùng sục vào tô rắc hành phi giòn tiêu xay ngò gai","Tín đồ mê hải sản biển ghẹ cua thịt chắc bùi béo ngọt, Bữa ăn dinh dưỡng cao đổi vị cuối tuần","Người dị ứng hải sản cua ghẹ vỏ cứng nặng, Bệnh nhân tăng axit uric máu gout"
bun-suon-non-doc-mung,Bún sườn non dọc mùng,Bắc,main,"breakfast, lunch, dinner",20,40,easy,430,22,55,14,2,810,2,35000,55000,balanced,Gluten,"Chua thanh nhạt nhẹ nhàng, Thơm ngọt sườn non, Giòn sốp dọc mùng bóp muối xanh mướt",0,1,https://file.hstatic.net/200000700229/article/cach-lam-bun-suon-chua-1_374a696de67240f687f7596b29d7a4fb.jpg,"Món quà sáng Kinh Kỳ thanh mát giải nhiệt ngày hè, sườn non heo chặt khúc ninh mềm nhừ mọng thịt hầm súp thanh thanh dấm bỗng nấu dọc mùng xanh giòn.","Bún tươi sợi nhỏ mượt: 150g, Sườn non heo: 200g, Cọng dọc mùng tươi: 100g, Cà chua múi cau: 1 quả, Me chua hoặc dấm bỗng nếp: 2 muỗng canh, Hành lá, Ngò rí, Thì là, Gia vị: mắm, muối, tiêu","Nồi ninh nấu sườn, Dao tước sợi thớt, Tô lòng sâu lớn, Vá múc","Sườn non heo rửa sạch trần qua nước sôi sạch bọt bẩn rồi ninh nhỏ lửa liu riu cùng hành tím đập dập ba mươi phút cho mềm xương lấy nước súp ngọt đậm, Dọc mùng tước sạch vỏ dọc sợi bào chéo ngâm bóp kỹ muối hạt lớn vắt kiệt ráo nước cho xanh mướt giòn xốp tránh ngứa họng, Cho nước cốt me dấm bỗng nếp cà chua vào nồi nước dùng hầm sườn đun lửa lớn nấu sôi bùng nêm muối hạt nêm vừa vị chua dịu mộc mạc, Trụng bún tươi sợi nhỏ đặt đáy tô lớn sắp dọc mùng xanh giòn xếp dải sườn non mềm mọng thịt hành lá ngò rí xắt nhỏ lên khắp mặt, Chan ngập nước súp canh sườn chua thanh dấm bỗng nóng hổi sùng sục rắc tiêu đen xay dùng nóng","Ăn sáng bồi bổ cơ thể mát ruột gan giải độc ngày hè oi bức, Thực đơn món ăn gia đình thân thuộc","Người sưng ngứa cổ họng mẫn cảm mủ dọc mùng, Người có cơ địa nhạy cảm hệ tiêu hóa"
banh-canh-cua-gio-heo,Bánh canh cua giò heo,Nam,main,"breakfast, lunch, dinner",30,60,medium,510,28,62,22,1,920,5,45000,75000,balanced,"Cua, Hải sản, Gluten","Ngọt đậm đà gạch cua, Béo dẻo giò heo hầm mềm, Nước dùng sánh sệt óng đỏ màu điều",0,1,https://cdn.tgdd.vn/2021/05/CookProduct/thumbcmscn-1200x676-4.jpg,"Sợi bánh canh bột lọc dai dẻo hầm nước súp cua sánh sệt gạch cua đỏ óng dầu điều, khoanh giò heo hầm mềm dẻo dính sụn béo bùi thịt cua gỡ ngọt.","Sợi bánh canh bột lọc: 150g, Khoanh chân giò heo: 200g, Thịt cua biển tươi gỡ sẵn: 80g, Huyết heo luộc: 50g, Màu dầu điều, Tỏi băm, Đường phèn, Nước mắm, Muối, Tiêu đen, Bột năng, Hành phi, Hành ngò","Nồi hầm lớn sâu lòng, Vá quấy phẳng, Dao chặt lớn thớt dầy, Tô lớn múc sâu","Khoanh giò heo rửa sạch sát muối gừng chặt khúc lớn trần sơ xả sạch trút vào nồi lớn ninh nhỏ lửa cùng xương củ hành gừng hớt bọt liên tục mười bốn mươi phút chín mềm dẻo, Phi thơm hành tỏi băm nhuyễn dầu màu điều trút thịt cua gạch cua biển băm nhỏ vào xào nhanh lửa mạnh chín săn nêm mắm ngon đậm đà để riêng, Đổ phần gạch cua xào điều vào lòng nước hầm giò heo xương đun sôi sùng sục nêm nước mắm đường phèn muối hạt hòa muỗng bột năng loãng quấy đều tạo nước dùng sánh sệt màu đỏ điều, Thả sợi bánh canh bột lọc vào nồi đun nấu sôi bùng nhẹ se se chín bột trong suốt dai dẻo dính quấn, Múc đầy ắp sợi bánh canh dẻo mượt khoanh chân giò hầm dẻo dính huyết heo cắt khối vào tô lớn sắp đầy thịt cua gỡ lên khắp mặt, Chan ngập nước dùng súp cua sánh kẹo nóng hổi rắc hành hoa ngò rí tiêu đen xay mịn ăn nóng","Khám phá ẩm thực phương Nam, Bữa ăn thịnh soạn đầy năng lượng giàu protein collagen","Bệnh nhân bị bệnh gout tăng hàm lượng axit uric máu nặng, Người cao huyết áp mỡ máu cao cholesterol vượt ngưỡng"
bun-mam-nem-da-nang,Bún mắm nêm Đà Nẵng,Trung,main,"lunch, dinner, snack",20,15,easy,440,20,54,14,3,960,6,30000,55000,balanced,"Cá (mắm nêm), Đậu phộng, Cá thu","Đậm mặn mòi mắm nêm đặc trưng, Chua cay xé lưỡi nồng nàn, Thơm dứa ngọt thịt heo quay da giòn",3,1,https://static.vinwonders.com/production/bun-mam-nem-da-nang-banner.jpeg,"Món ăn trộn khô đặc sản nức tiếng Đà Nẵng với nước cốt mắm nêm cá cơm nguyên chất pha thơm băm nhuyễn tỏi ớt hiểm cay xè đường thốt nốt mặn ngọt nồng nàn, trộn bún tươi thịt ba chỉ heo quay giòn bì, nem chua mít non luộc.","Bún tươi sợi mượt nhỏ: 150g, Thịt ba chỉ heo quay da giòn thái miếng: 100g, Chả bò Đà Nẵng Nem chua cắt miếng mỏng: 50g, Mít non luộc chín xắt vụn: 30g, Nước cốt mắm nêm cá cơm: 3 muỗng canh, Thơm băm nhuyễn, Tỏi, Đường thốt nốt, Cốt chanh, Ớt hiểm, Đậu phộng rang, Rau sống dồi dào tươi xanh","Tô lớn lòng sâu trộn gỏi, Chày cối giã tỏi ớt, Dao thái thớt gỗ sắc ngọt","Pha trộn nước mắm nêm bằng cách giã mịn tỏi củ ớt hiểm tươi đỏ rực đường thốt nốt hòa nước cốt mắm nêm nguyên chất và múc thơm dứa tươi băm nhuyễn cùng chanh tươi quấy thật đều sánh keo bắt vị, Thịt heo quay thái lát mỏng vuông vắn vừa ăn chả bò nem chua cắt thanh mỏng mít non luộc chín thái sợi mỏng nhỏ rau sống nhặt rửa sạch ráo nước hoàn toàn xắt sợi, Sắp một nắm lớn rau sống tươi xanh giòn ngọt xuống đáy tô lòng sâu lớn múc bún tươi sợi nhỏ mượt đặt phẳng gọn gàng lên trên mặt rau sắp xếp dải thịt heo quay bì giòn tan nem chua mít non luộc phủ dày bề mặt tô bún, Rắc ngập tràn đậu phộng rang chín vàng giòn giã dập hành phi giòn thơm bùi bùi lên trên mặt đĩa tô bún, Múc vá nước sốt mắm nêm thơm tỏi ớt cay xè sánh keo rưới tưới ngập tràn bao phủ đều khắp các nguyên liệu trong tô phục vụ thực khách quấy trộn đều tay","Thực khách sành ăn đam mê ẩm thực trộn khô đậm vị miền Trung, Tụ họp liên hoan bạn bè đồng nghiệp xế chiều mát mẻ hào sảng","Người có hệ tiêu hóa yếu dạ dày nhạy cảm lạnh bụng hay tiêu chảy, Bệnh nhân bị bệnh gout tăng axit uric máu nặng suy thận cao huyết áp nặng"
banh-canh-ngot-nuoc-cot-dua,Bánh canh ngọt nước cốt dừa,Nam,snack,snack,30,20,medium,340,2,65,9,1,90,22,15000,30000,vegetarian,Nước cốt dừa,"Ngọt ngào béo ngậy nước cốt dừa, Dai dẻo sợi bột gạo năng, Thơm nức gừng tươi cay nồng ấm áp",0,2,https://i.ytimg.com/vi/DUQqfCPwUVU/hq720.jpg?sqp=-oaymwEhCK4FEIIDSFryq4qpAxMIARUAAAAAGAElAADIQj0AgKJD&rs=AOn4CLCpsDunmhuF2eCVvqgFXZuOTPc_NQ,"Thức quà bánh ngọt tráng miệng dân dã miền Tây Nam Bộ, sợi bánh canh bột gạo bột lọc dai dẻo hầm trong nước súp mật đường phèn thốt nốt sóng sánh gừng tươi giã ấm nồng, chan nước cốt dừa đặc sánh béo bùi béo ngậy.","Bột gạo tẻ tinh khiết lọc mịn: 150g, Bột năng tạo độ dai giòn: 50g, Nước cốt dừa đậm đặc béo ngậy: 200ml, Đường thốt nốt hoặc đường phèn: 150g, Gừng tươi giã nhuyễn xắt sợi: 30g, Lá dứa tươi sạch cọng dài thơm, Muối hạt tinh, Nước lọc ấm, Mè trắng rang chín, Hạt đậu phộng rang giã dập","Nồi hầm nấu chè dầy lớn, Tô lớn thau sạch nhào bột, Cây lăn gỗ phẳng dẹt thớt dao sắc ngọt cắt bột sợi bánh canh, Vá lỗ múc vớt bột luộc, Đũa cả gỗ quấy nhẹ","Cho bột gạo bột năng chút muối hạt vào tô lớn trộn đều rưới nước sôi sục thật nóng vào nhào bóp kỹ liên tục thành khối bột mềm dẻo mịn màng cán dẹt mỏng dùng dao thái cắt sợi bánh canh đều đặn, Đun sôi nồi nước lớn lửa mạnh thả nhẹ nhàng toàn bộ sợi bánh canh đã cắt vào luộc chín trong vòng năm phút nổi nhẹ phao phao vớt thả vào lòng chậu nước đá ngâm se giòn dẻo vớt ra rổ lớn để ráo, Cho đường thốt nốt cắt nhỏ cùng nước cốt gừng già nước lọc sạch vào chảo dầy sâu lòng đun sôi lửa vừa nấu sên sệt cho đường tan chảy hoàn toàn quyện chặt thắt cốt mật đường gừng sóng sánh màu cánh gián, Trút toàn bộ phần sợi bánh canh đã luộc chín giòn ráo dẻo dai vào lòng chảo nước mật đường gừng đang sôi liu riu dùng đũa quấy nhẹ tay đảo đều sên nấu hầm liu riu trong vòng mười phút hút sâu đượm mật ngọt bám dính quấn quện, Nấu nồi súp cốt dừa đặc sánh béo riêng bên cạnh bằng cách hòa nước cốt dừa đậm đặc đường chút xíu muối hạt hòa muỗng bột năng loãng quấy đều tay lửa nhỏ đun sôi sệt kẹo quánh béo ngậy ngào ngạt hương dứa, Múc muỗng sợi bánh canh ngọt dẻo dai ra lòng chén nhỏ bát thủy tinh múc vá lớn súp nước cốt dừa đặc sánh rưới chan ngập mặt chén rắc ngập mè trắng rang giã dập ăn nóng ấm lòng xế chiều","Món bánh ngọt quà bánh ăn vặt xế chiều Tây Nam Bộ miền Tây sông nước ngọt ngào đưa vị, Thực đơn các món ăn chay ngọt thanh sạch thanh đạm bồi bổ cơ thể dồi dào năng lượng carbohydrate chất béo thực vật lành mạnh","Bệnh nhân bị bệnh tiểu đường đái tháo đường cần ăn kiêng nghiêm ngặt cắt giảm lượng chất đường mật carbohydrate tinh bột năng dính dẻo, Người thừa cân béo phì hạn chế đồ béo chất béo dồi dào calo năng lượng cao từ nước cốt dừa, Người hay bị đầy bụng khó tiêu ợ chua lạnh bụng dạ dày nhạy cảm hệ tiêu hóa yếu kiêng ăn nhiều đồ bột dính ngọt béo"
banh-da-do-tron-hai-phong,Bánh đa đỏ trộn Hải Phòng,Bắc,main,"breakfast, lunch, dinner",25,20,medium,460,24,58,14,2,890,4,35000,60000,balanced,"Cua đồng, Đậu phộng, Trứng, Thủy sản","Chua mặn ngọt thanh cay nồng nàn đậm đà, Thơm nức riêu cua đồng hành tỏi phi vàng, Giòn tan rôm rốp chả lá lốt dai mềm sợi bánh đa đỏ đặc sản giòn sật",1,1,https://vn-live-01.slatic.net/p/c9295b27a350fe5af40352c6cca20e2f.jpg,"Đặc sản đường phố Hải Phòng đất cảng với sợi bánh đa đỏ bản to dầy dặn dai mềm nhúng sơ trộn nước sốt mắm tương chua ngọt, ăn kèm mảng riêu cua đồng lớn béo ngậy bùi thơm chả lá lốt chiên vàng tôm tươi luộc giá đỗ rau muống.","Bánh đa đỏ Hải Phòng bản to khô: 150g, Cua đồng tươi sống xay nhuyễn lọc cốt: 300g, Chả lá lốt heo chiên vàng: 3 miếng, Tôm sú tươi luộc lột vỏ mập ngọt: 3 con, Thịt heo ba chỉ thái mỏng xào chín: 50g, Đậu hũ chiên vàng cắt khối vuông: 30g, Rau muống tươi xắt khúc xanh giòn rau cải xanh giá đỗ: 100g, Hành tím tươi tỏi băm nhuyễn phi vàng óng mỡ hành mỡ heo: 3 muỗng canh, Đậu phộng rang vàng hành phi giòn, Nước sốt trộn mắm tương xì dầu dầu hào me tắc đường cát giấm nuôi cay sa tế, Gia vị muối hạt nêm","Nồi nấu hầm luộc nước cua dầy lớn, Chảo chiên chả lá lốt đậu hũ sâu lòng, Chảo phi hành tỏi băm nhỏ nước sốt trộn sánh keo sền sệt, Vá lớn lỗ vá lọc bã cua rây lọc trong vắt tô lòng sâu lớn trộn phở bún dao thái thớt gỗ dầy dặn, Đũa cả lớn xới trộn đều tay dứt khoát mượt mà nhẹ nhàng lòng bàn tay sạch sẽ","Cua đồng tươi lọc qua rây lấy nước cốt cua đun nhỏ lửa liu riu quấy nhẹ đáy nồi liên tục đun nấu sôi bùng nhẹ gạch cua đồng kết tủa vớt mảng thịt riêu cua đồng ra đĩa riêng nêm nếm muối hạt nước mắm ngon hạt nêm vừa vị súp dùng, Phi thơm hành tím băm với mỡ heo trút gạch cua biển xào nhanh lửa mạnh trong hai phút chín thơm vàng làm nước sốt trộn gồm nước mắm ngon xì dầu nước tương nước cốt me dầu hào tiêu xay đường tỏi ớt băm sa tế đun sôi nhỏ lửa quấy đều tay thành hỗn hợp nước sốt trộn tương cua sánh keo sền sệt mặn ngọt chua cay nồng nàn bốc mùi thơm phức, Sơ chế luộc tôm xào ba chỉ chiên chả lá lốt đậu hũ cắt khối nhỏ giá đỗ rau cải xanh đem trụng chần sơ qua nồi nước luộc hai mươi giây vừa chín tới xanh mướt mát giòn vắt ráo nước, Ngâm lá bánh đa đỏ Hải Phòng khô vào nước lọc năm phút mềm mại rồi dùng vá lớn lỗ vớt thả trụng chần sơ qua lòng nồi nước luộc cốt cua sôi bùng mười lăm giây vừa chín se thớ bánh vớt nhanh ráo trút vào lòng tô lớn rưới mỡ hành trộn đều tơi xốp bóng mượt mỡ màng, Sắp rau muống giá đỗ trụng đáy tô lòng sâu xếp sợi bánh đa đỏ óng mượt lên mặt rau sắp xếp dải ngập mảng thịt riêu cua đồng lớn chả lá lốt tôm luộc thịt xào đậu hũ rán hành phi giòn phủ mặt bánh đa óng sắc bắt mắt mướt mát, Rưới ngập toàn bộ nước sốt trộn mắm tương cua tỏi ớt sa tế sánh keo sền sệt chua cay mặn ngọt đậm đà lên mặt bánh đa rắc đậu phộng rang giã dập tiêu sọ xay mịn dùng đũa trộn đảo đều tay ăn nóng kèm bát nước súp cua ngọt thanh trong vắt","Thực khách sành ăn đam mê khám phá ẩm thực đường phố đặc sắc Hải Phòng đất cảng Kinh Kỳ dải đất Bắc Bộ hào sảng đưa vị mộc mạc đậm đà mặn mòi ngon miệng liên hoan bè bạn gia đình sum họp cuối tuần, Món ăn dồi dào dinh dưỡng protein canxi kẽm chất sắt dào dạt năng lượng tốt cho cơ thể bồi bổ cơ thể dẻo dai","Bệnh nhân bị bệnh gout tăng hàm lượng axit uric máu nặng suy thận nặng viêm loét dạ dày tá tràng bao tử nhạy cảm dễ kích ứng tổn thương kiêng chua mặn cay nóng nhiều ớt sa tế tiêu nồng nàn xộc khói xé mũi, Người có tiền sử mẫn cảm cơ địa dễ bị dị ứng ngứa ngáy nổi mề đay phát ban khi ăn các loại hải sản đặc cua đồng thủy sản vỏ cứng đạm cua đồng lớn mặn mòi muối mắm sốt mặn gắt sền sệt béo, Người có bụng dạ quá yếu lạnh bụng nhạy cảm hệ tiêu hóa kiêng mắm lên men đồ nguội mát"
mi-quang-ech,Mì Quảng ếch,Trung,main,"breakfast, lunch, dinner",25,30,medium,450,28,55,12,2,820,3,40000,70000,balanced,"Ếch, Đậu phộng","Đậm đà, Ngọt bùi, Cay nhẹ, Thơm nồng nghệ sả",1,1,https://cdn.tgdd.vn/Files/2020/06/01/1259863/cach-lam-mi-quang-ech-ech-dai-khong-bi-bo-thom-ngon-ngay-tai-nha-202006010644328363.jpg,"Sự biến tấu độc đáo của mì Quảng truyền thống với thịt ếch đồng um nghệ sả đậm đà, ăn kèm rau sống tươi mát và bánh tráng nướng giòn rụm.","Mì Quảng: 150g, Thịt ếch đồng: 200g, Củ nén: 20g, Nghệ tươi giã nhỏ: 1 muỗng canh, Đậu phộng rang: 20g, Bánh tráng nướng: 1 cái, Hành lá, Rau sống các loại","Nồi nấu nước nhân, Chảo um ếch, Vá, Tô lòng sâu","Làm sạch thịt ếch đồng rồi chặt miếng vừa ăn đem ướp với nghệ tươi củ nén tiêu và mắm ngon trong hai mươi phút, Phi thơm củ nén giã dập trên chảo trút thịt ếch vào um săn cho ngấm thấu vị nghệ vàng ruộm thơm nức, Chế nước hầm xương vào nồi đun sôi liu riu mười lăm phút để nước nhân đậm đà ngọt bùi, Cho mì Quảng và rau sống giá đỗ vào tô xếp thịt ếch lên mặt rồi chan nước nhân sâm sấp rắc đậu phộng rang giã dập và bẻ bánh tráng ăn kèm.","Người thích khám phá ẩm thực miền Trung, Người cần bổ sung đạm lành mạnh",Người dị ứng thịt ếch đồng
mi-hoanh-thanh-xa-xiu,Mì hoành thánh xá xíu,Nam,main,"breakfast, lunch, dinner",30,60,medium,490,25,62,14,2,890,4,40000,65000,balanced,"Tôm, Bột mì, Trứng","Ngọt thanh, Đậm đà, Béo nhẹ, Thơm mì tươi",0,1,https://vnn-imgs-a1.vgcloud.vn/danviet.mediacdn.vn/2020/12/1/logo-9301321319279112540077916144588042830086144o-16068405013311154108851.jpg?width=260&s=RykcJw__eVz0DHeZM5exbw,"Món mì nước kinh điển của người Hoa vùng Chợ Lớn với viên hoành thánh nhân tôm thịt đậm đà, thịt xá xíu mềm ngọt và nước dùng xương trong vắt.","Mì sợi vàng: 100g, Lá hoành thánh: 10 lá, Thịt heo băm: 100g, Tôm tươi băm: 50g, Thịt xá xíu thái lát: 50g, Xương ống heo: 300g, Hẹ tươi, Gia vị thông dụng","Nồi ninh súp lớn, Vá trụng mì, Tô lớn, Dao thái thớt","Ninh xương ống heo với hành tây nướng và hớt bọt liên tục để thu được nước súp trong veo ngọt thịt tự nhiên, Trộn thịt heo băm tôm băm với hành tiêu gia vị rồi khéo léo gói vào từng lá hoành thánh tạo hình viên tròn, Luộc chín các viên hoành thánh trong nồi nước sôi riêng để tránh đục nước súp rồi vớt ra để ráo, Trụng mì sợi vàng qua nước sôi xếp vào tô cùng hoành thánh và thịt xá xíu cắt lát mỏng mướt, Chan nước súp xương ống nóng hổi ngập mặt mì rồi rắc hẹ tươi hành lá và chút tiêu xay.","Mọi lứa tuổi, Người thích ăn mì kiểu Hoa bồi bổ","Người dị ứng tôm hải sản, Người kiêng tinh bột mì"
mien-ga-mang-kho,Miến gà măng khô,Bắc,main,"breakfast, lunch, dinner",20,45,easy,390,24,52,9,2,740,2,35000,55000,balanced,Không,"Thanh ngọt tự nhiên, Đậm đà, Thơm măng khô nồng ấm rau răm",0,1,https://cdn.tgdd.vn/Files/2017/03/22/963778/bi-quyet-nau-mien-ga-thom-ngon-da-ga-vang-gion-202208261323269332.jpg,Món ăn ấm áp mang đậm phong vị ngày lễ Tết miền Bắc với sợi miến dong dẻo dai hầm cùng măng khô giòn sật và thịt gà ta ngọt mọng.,"Miến dong nếp: 100g, Thịt gà ta luộc chín: 100g, Măng khô đã ngâm mềm: 50g, Hành tím băm: 1 muỗng canh, Nước luộc gà tươi: 400ml, Hành lá, Rau răm xắt nhỏ","Nồi hầm canh, Chảo xào măng, Vá múc, Đĩa thái thịt","Măng khô ngâm nước xé sợi luộc kỹ vài lần cho sạch độc tố rồi đem xào săn trên chảo với hành tím băm và mắm muối tiêu, Đun sôi nước luộc gà trút phần măng đã xào vào hầm nhỏ lửa mười lăm phút cho măng chín mềm bùi dẻo thấm vị ngọt gà, Trụng miến dong qua nước sôi cho dẻo dai se sợi rồi vớt ra xếp xuống đáy tô lòng sâu lớn, Sắp thịt gà ta xé phay giòn da dẻo nạc và hành lá rau răm lên trên bề mặt miến, Chan nước súp gà măng khô đang sôi sùng sục ngập tô rồi thưởng thức nóng hổi giải cảm.","Bữa ăn sum họp gia đình ngày lạnh, Người thích canh thanh ngọt",Không
hu-tieu-ca-loc-mien-tay,Hủ tiếu cá lóc miền Tây,Nam,main,"breakfast, lunch, dinner",20,40,easy,370,22,54,7,1,790,3,30000,50000,"light, balanced",Cá,"Thanh ngọt vị cá, Đậm đà dịu nhẹ, Thơm tỏi phi hành lá",0,1,https://i.ytimg.com/vi/tPSkouJl9Yg/hq720.jpg?sqp=-oaymwEhCK4FEIIDSFryq4qpAxMIARUAAAAAGAElAADIQj0AgKJD&rs=AOn4CLDxeANCqJcQ_-X7Giycc9iGhFNakg,"Món ăn dân dã miền sông nước Nam Bộ thanh nhẹ bổ dưỡng, cá lóc đồng hấp ngọt thịt kết hợp sợi hủ tiếu dẻo dai và nước súp xương trong veo.","Sợi hủ tiếu khô: 150g, Thịt cá lóc đồng luộc: 100g, Xương ống heo hầm súp: 300g, Tỏi phi vàng: 1 muỗng canh, Giá đỗ, Hẹ tươi cắt khúc: 30g, Gia vị tiêu mắm muối","Nồi hầm súp, Vá trụng hủ tiếu, Dao lọc xương cá, Tô lớn","Luộc chín cá lóc đồng gỡ lấy phi lê thịt cá sạch xương đem ướp chút tiêu hành cho thấm thơm nhẹ, Ninh xương heo xương cá hớt bọt kỹ lấy nước dùng súp thanh ngọt nêm nếm gia vị phèn muối vừa miệng, Trụng sợi hủ tiếu khô qua nước sôi cho dẻo dai vớt ra xóc mỡ tỏi phi thơm lừng bám dính sợi bánh, Xếp hủ tiếu giá đỗ hẹ tươi thái khúc và thớ thịt cá lóc đồng ngọt mọng mướt mắt lên tô lớn, Chan ngập nước súp xương hầm nóng hổi sùng sục rắc hành phi giòn và tiêu đen xay mịn.","Người thích ăn cá đồng thanh đạm, Thực đơn phục hồi sức khỏe giải độc",Người sợ xương cá dăm nhỏ
mien-suon-heo-nam-huong,Miến sườn heo nấm hương,Bắc,main,"breakfast, lunch, dinner",15,35,easy,410,20,50,14,2,710,1,35000,55000,balanced,Không,"Ngọt thanh đậm sườn, Đậm đà, Thơm nức nấm hương mộc mạc vùng cao",0,1,https://cdn.tgdd.vn/2021/04/CookRecipe/Avatar/canh-suon-nam-rau-cu-thumbnail.jpg,"Sự phối hợp thanh tao giữa sợi miến dong dẻo dai, sườn non heo dầy thịt béo ngọt và hương thơm ngào ngạt hoang dã của nấm hương rừng Bắc Bộ.","Miến dong ngon: 150g, Sườn non heo tươi: 200g, Nấm hương khô ngâm nở: 30g, Củ cải trắng: 1 củ, Hành tím băm: 1 muỗng canh, Hành lá ngò rí, Gia vị","Nồi ninh hầm sườn, Chảo nhỏ xào nấm, Tô lớn, Vá múc","Sườn non chặt khúc trần sơ nước sôi sạch bọt bẩn rồi đem ninh nhỏ lửa cùng củ cải trắng và hành tím lấy nước dùng ngọt đậm đà, Nấm hương ngâm nở rửa sạch cắt chân đem xào sơ với hành băm và dầu ăn cho dậy hương thơm phức, Trút nấm hương vào nồi sườn hầm thêm mười phút nêm nếm muối hạt nêm vừa vị thanh nhẹ nhã nhặn, Trụng miến dong chín dẻo dai xếp xuống lòng tô lớn sắp sườn non và nấm hương lên khắp bề mặt, Chan nước dùng nóng hổi thơm phức ngập tô rắc tiêu xay ấm nồng và hành hoa xắt nhỏ.","Bữa sáng bổ dưỡng ấm áp, Người già và trẻ em thích ăn đồ mềm ngọt",Người cần hạn chế chất béo động vật mỡ heo
com-ga-chien-xoi-mo,Cơm gà chiên xối mỡ,Nam,main,"lunch, dinner",20,30,easy,680,32,65,34,1,850,2,35000,60000,high-fat,Không,"Đậm đà mặn ngọt, Béo ngậy mỡ màng, Da gà giòn rụm thịt mềm mọng",0,1,https://i.ytimg.com/vi/P0NgzDow6jk/maxresdefault.jpg,"Món cơm trưa khoái khẩu đường phố Nam Bộ với hạt cơm chiên vàng ráo óng ả ăn cùng đùi gà xối mỡ xèo xèo giòn tan lớp vỏ ngoài, thịt bên trong mềm mọng.","Cơm nguội ráo hạt: 1 tô, Đùi góc tư gà ta: 1 cái, Gừng sả hành tím, Bột nghệ tạo màu cơm: 1 muỗng cà phê, Tỏi băm, Gia vị mắm muối, Dầu ăn chiên","Chảo xối mỡ sâu lòng, Vá múc mỡ lớn, Chảo chiên cơm, Đĩa phẳng","Đùi gà luộc sơ với gừng sả cho chín tái vớt ra thấm thật khô ráo nước ngoài da để khi chiên không bắn mỡ, Trộn cơm nguội với chút bột nghệ xào săn se hạt trên chảo lớn cho hạt cơm tơi xốp vàng óng, Đun mỡ dầu sôi sùng sục đặt đùi gà lên vá lỗ lớn dùng vá múc mỡ dội liên tục xèo xèo lên da gà, Xối mỡ liên tục đến khi lớp da gà phồng rộp giòn tan rôm rốp vàng ruộm, thớ thịt trong chín thấu ngọt mọng nước, Bày cơm chiên ra đĩa chặt đùi gà đặt lên ăn kèm dưa leo cà chua xắt lát và chén nước tương tương ớt cay.","Người cần nạp năng lượng cao dồi dào đạm, Giới trẻ thích đồ chiên giòn","Người béo phì, Người mỡ máu cao cholesterol kiêng dầu mỡ"
com-chien-duong-chau,Cơm chiên Dương Châu,Nam,main,"lunch, dinner",15,15,easy,520,18,68,16,2,760,3,30000,55000,balanced,"Trứng, Tôm","Mặn ngọt hài hòa, Bùi béo trứng trộn, Thơm ngon thập cẩm hạt cơm tơi",0,1,https://i-giadinh.vnecdn.net/2022/12/30/Buoc-4-4-4790-1672386702.jpg,"Món cơm chiên thập cẩm rực rỡ sắc màu bắt mắt với sự kết hợp của lạp xưởng bùi béo, tôm tươi thái hạt lựu, trứng gà và rau củ xanh ngọt giòn.","Cơm nguội ráo hạt: 2 tô, Lạp xưởng ngon: 1 cây, Tôm tươi luộc: 50g, Trứng gà tươi: 2 quả, Đậu Hà Lan, Cà rốt: 50g, Hành tỏi băm, Gia vị mắm muối tiêu","Chảo xào lớn lớn, Đũa đảo cơm, Dao thái hạt lựu, Đĩa phẳng lớn","Cắt lạp xưởng tôm luộc cà rốt thành hạt lựu nhỏ đồng đều luộc sơ hạt đậu Hà Lan giữ độ xanh, Phi thơm tỏi hành băm trút lạp xưởng tôm cà rốt đậu Hà Lan vào đảo xào chín săn múc ra bát riêng, Đập trứng gà vào chảo lớn đánh tan rồi trút cơm nguội vào đảo lửa lớn mạnh tay liên tục se hạt, Chiên đến khi hạt cơm tơi xốp bám vàng đều lớp trứng bùi béo thì trút phần nhân lạp xưởng rau củ vào trộn cùng, Nêm nước mắm bột ngọt tiêu xay đảo đều đều tay múc cơm ra đĩa rắc ngò hành xắt nhỏ.","Bữa ăn nhanh gọn dồi dào dinh dưỡng, Trẻ em thích hạt cơm chiên màu sắc","Người ăn kiêng chất béo bão hòa từ lạp xưởng, Người dị ứng tôm"
com-tam-suon-bi-cha,Cơm tấm sườn bì chả,Nam,main,"breakfast, lunch, dinner",30,30,medium,650,28,68,26,1,890,6,35000,65000,balanced,Trứng,"Mặn ngọt đậm đà, Thơm phức sườn nướng than hoa, Béo ngậy mỡ hành mắm kẹo",0,1,https://encrypted-tbn0.gstatic.com/images?q=tbn:ANd9GcS03D3gzDYzWws3V3jc8JkrrDVb4v0EREstEw&s,"Biểu tượng ẩm thực sành ăn đường phố Sài Gòn phương Nam, hạt cơm tấm ráo ăn cùng sườn cốt lết nướng mật ong vàng ruộm khói bếp, chả trứng chưng bùi béo và bì heo thính thơm.","Gạo tấm thơm dẻo: 150g, Sườn cốt lết heo: 1 miếng lớn, Bì heo trộn thính: 30g, Chả trứng chưng thịt heo: 1 miếng, Mật ong sả băm ướp sườn, Mỡ hành lá: 2 muỗng canh, Mắm tỏi ớt chua ngọt","Nồi hấp cơm tấm, Bếp nướng biển than hoa, Chảo phi mỡ hành, Đĩa phẳng lớn","Gạo tấm vo sạch đem hấp chín trong xửng hơi nước để hạt cơm tơi dẻo ráo lòng tay không dính cục, Sườn cốt lết đập mềm ướp mật ong ngũ vị hương hành sả mắm trong một tiếng cho ngấm vị đậm đà mật ngọt, Nướng sườn trên vỉ than hoa cháy hồng rực quay trở đều tay dứt khoát se vàng óng mỡ màng xém cạnh thơm phức nức, Làm mỡ hành bằng cách dội mỡ heo sôi vào chén hành lá tươi cắt nhỏ, Xới cơm tấm ra đĩa đặt sườn nướng cắt miếng chả trứng chưng và đống bì heo lên mặt đĩa, Rưới ngập mỡ hành béo ngậy lên đĩa cơm ăn kèm dưa chua đồ chua chấm nước mắm tỏi ớt kẹo ngọt.","Bữa ăn thịnh soạn đầy năng lượng hằng ngày, Thực khách khám phá ẩm thực Nam Bộ",Người thừa cân béo phì kiêng chất béo động vật nhiều
com-dui-ga-nuong-mat-ong,Cơm đùi gà nướng mật ong,Nam,main,"lunch, dinner",15,30,easy,540,28,62,18,1,690,6,35000,55000,balanced,Không,"Ngọt dịu mật ong rừng, Đậm đà, Mềm mọng thớ thịt, Thơm phức da óng vàng",0,1,https://i.ytimg.com/vi/tR5Q0ZhNnTA/hq720.jpg?sqp=-oaymwEhCK4FEIIDSFryq4qpAxMIARUAAAAAGAElAADIQj0AgKJD&rs=AOn4CLCRF7vN6PCoAss3tzeeAFyzQ8qOjw,"Bữa ăn trưa tối văn phòng nhanh gọn dồi dào dinh dưỡng, góc đùi gà ta lớn thấm đẫm sốt mật ong nướng lò óng vàng màu caramel ăn cùng cơm dẻo nóng hổi dưa chuột dưa leo.","Cơm trắng dẻo nóng: 1 đĩa, Đùi góc tư gà ta: 1 cái lớn, Mật ong rừng nguyên chất: 2 muỗng canh, Dầu hào hành tỏi băm tiêu gia vị, Xà lách dưa leo dưa chuột thái lát giòn ngọt","Lò nướng hoặc bếp than, Cọ phết sốt nướng, Đĩa lớn, Dao thái thớt","Đùi gà khía nhẹ thớ thịt sát muối rửa sạch ráo nước hoàn toàn xăm nhẹ để dễ thấm gia vị, Pha nước sốt ướp gồm mật ong dầu hào nước tương tỏi hành băm tiêu xay và chút hạt nêm đường quấy đều, Thoa sốt nướng ngập tràn lên đùi gà bọc kín để tủ lạnh ít nhất ba mươi phút cho ngấm thấu vị mật ngọt, Cho đùi gà vào lò nướng ở mười chín mươi độ C trong ba mươi phút phết thêm sốt mật ở mười phút cuối cho vàng bóng, Xới cơm trắng ra đĩa lớn đặt đùi gà nướng mật ong thơm nức da giòn mọng thịt lên ăn cùng dưa dột dưa leo thanh mát.","Bữa ăn dinh dưỡng tiện lợi, Học sinh sinh viên văn phòng thích ăn gà nướng ngọt",Bệnh nhân tiểu đường cần cắt giảm đồ ngọt mật mía mật ong
com-nieu-thit-kho-quet,Cơm niêu thịt kho quẹt,Nam,main,"lunch, dinner",25,35,easy,580,16,72,22,3,920,4,45000,85000,balanced,Tôm khô,"Mặn ngọt cay nồng đậm đà sa tế tiêu xanh, Thơm mỡ hành cơm cháy dẻo ngọt bùi béo",1,1,https://cdn2.fptshop.com.vn/unsafe/1920x0/filters:format(webp):quality(75)/2023_12_22_638388844570424192_cach-lam-kho-quet-ngon-ngat-ngay-thumb.jpg,Trải nghiệm ẩm thực mộc mạc dân dã Nam Bộ với cơm nấu se cháy vàng giòn rụm đáy niêu đất nung nhỏ chấm nước kho quẹt tôm khô tóp mỡ kẹo sánh mặn ngọt cay nồng.,"Gạo tám thơm dẻo: 150g, Thịt ba chỉ cắt hạt lựu: 100g, Tôm khô ngâm nở: 30g, Nước mắm ngon: 3 muỗng canh, Đường cát thốt nốt: 2 muỗng canh, Tiêu xanh nguyên chùm, Ớt băm, Rau củ luộc","Niêu đất nung nhỏ có nắp, Bếp hầm lò nướng nhiệt cao, Nồi nhỏ đất kho quẹt, Đũa gỗ","Vo sạch gạo dẻo cho nước lượng vừa phải vào niêu đất nung nấu trên bếp lò se lớp cơm cháy vàng giòn quanh lòng niêu dẻo dính bột, Rán thịt ba chỉ heo hạt lựu ra hết mỡ vớt tóp mỡ giòn ra riêng trút tôm khô ngâm nở hành tỏi băm vào xào săn thơm phức nức lòng, Đổ nước mắm ngon cùng đường thốt nốt tiêu xanh nguyên chùm ớt băm vào hầm đất nấu nhỏ lửa liu riu cho sốt kho quẹt sánh đặc kẹo quánh, Luộc chín đĩa rau củ bầu luộc đậu bắp ráo xanh mướt mát ngọt giòn, Phục vụ cơm niêu bốc khói xèo xèo dùng thìa cạo mảng cơm cháy giòn chấm ngập kho quẹt tôm khô ăn cùng rau luộc bùi ngậy.","Bữa ăn sum họp bạn bè trải nghiệm văn hóa truyền thống Việt Nam độc đáo, Người mê vị mặn ngọt đậm đà","Người cao huyết áp suy thận kiêng ăn mặn, Người răng yếu nhai cơm cháy cứng"
com-tam-ba-chi-nuong,Cơm tấm ba chỉ nướng,Nam,main,"breakfast, lunch, dinner",20,25,easy,630,22,65,28,1,840,5,50000,150000,balanced,Không,"Mặn ngọt mướt mát béo ngậy mềm mọng, Thơm sả mật ong nướng than hoa vàng óng",0,1,https://i.ytimg.com/vi/OVb5uoDWspM/hq720.jpg?sqp=-oaymwEhCK4FEIIDSFryq4qpAxMIARUAAAAAGAElAADIQj0AgKJD&rs=AOn4CLBr9PBrWzDnhtJnXSXQB9hcHw6mnQ,"Biến tấu hấp dẫn của đĩa cơm tấm Nam Bộ, thay sườn cốt lết bằng những dải thịt ba chỉ ba rọi mỡ nạc đan xen ướp sả mật ong nướng than hoa vàng ruộm thơm lừng khói bếp.","Gạo tấm ngon dẻo: 150g, Thịt ba chỉ heo thái dải dài: 200g, Sả băm hành băm tỏi băm nhuyễn: 2 muỗng canh, Mật ong nước mắm đường dầu hào tiêu sa tế, Mỡ hành lá tươi, Đồ chua dưa leo thái lát","Nồi hấp xửng cách thủy hơi nước, Vỉ nướng sắt kẹp phẳng bếp than hồng, Chảo phi mỡ hành, Đĩa lớn phẳng","Hấp chín gạo tấm trong xửng hơi cho hạt cơm dẻo ráo mịn xốp se se se không dính lòng cục, Thịt ba chỉ heo thái miếng dải dài đem tẩm ướp hành sả tỏi dầu hào nước mắm mật ong sa tế tiêu xay ba mươi phút ngấm thấu đậm đà, Kẹp thịt ba chỉ vai vào vỉ sắt nướng trực tiếp trên bếp lò than hoa hồng rực quạt lửa liu riu cho mỡ heo chảy xèo xèo săn giòn da cạnh vàng óng ả bắt mắt mỡ màng, Trút dầu mỡ sôi vào chén hành hoa xắt nhỏ tạo hỗn hợp mỡ hành xanh mướt mướt ngậy béo thơm phức, Xới cơm tấm ra đĩa lớn cắt dải thịt ba chỉ nướng vàng ruộm đặt lên mặt rưới đều mỡ hành hành phi kèm đồ chua chấm mắm tỏi ớt kẹo ngọt.","Bữa ăn ngon miệng nhiều chất béo tốt đưa cơm bắt vị cho thực khách đam mê đồ nướng, Giới trẻ thích thịt ba rọi ngậy béo",Người béo phì thừa cân chỉ số mỡ máu cholesterol cao cần kiêng mỡ động vật nhiều bão hòa
com-chay-kho-quet,Cơm cháy kho quẹt,Nam,main,"lunch, dinner, snack",45,20,easy,490,12,75,16,2,880,4,30000,60000,balanced,Tôm khô,"Giòn rụm rôm rốp bên ngoài, Mặn mòi chua ngọt cay nồng sa tế tiêu sọ béo ngậy tóp mỡ sánh kẹo quánh sệt",1,2,https://cdn2.fptshop.com.vn/unsafe/1920x0/filters:format(webp):quality(75)/2023_4_18_638174286301626908_cach-lam-com-chay-kho-quet-bang-chao-chong-dinh-thumb.jpg,"Thức quà ăn chơi nhâm nhi quán cóc mang đậm phong vị quê hương Tây Nam Bộ, tấm cơm gạo chiên phẳng lòng chảo phồng vàng ruộm giòn tan bẻ chấm kho quẹt tóp mỡ đậm vị mặn ngọt cay nồng.","Cơm dẻo ráo hạt dính lòng chảo: 1 tô lớn, Thịt ba chỉ heo hạt lựu: 100g, Tôm khô biển nhỏ ngâm nở mềm: 30g, Nước mắm ngon đường thốt nốt hành tỏi băm tiêu sọ xanh ớt sa tế sa tế cay, Hành hoa cắt khúc mỡ heo béo ngậy","Chảo chống dính phẳng đáy lớn, Vá miết cơm gỗ dứt khoát, Nồi đất nhỏ nấu kho quẹt kẹo sánh, Đĩa lớn đựng cơm cháy","Dàn mỏng cơm dẻo nóng ra mặt lòng chảo chống dính dùng vá gỗ miết dứt khoát liên tục mạnh tay se cạnh hạt cơm dính khít se ráo chiên vàng giòn rụm hai mặt rôm rốp mỏng dẹt, Rán thịt ba chỉ hạt lựu ra hết mỡ béo vớt tóp mỡ giòn ra riêng cho hành tỏi băm tôm khô ngâm nở mềm vào chảo đảo xào chín săn thơm phức nức mũi điếc mũi, Đổ nước mắm ngon cùng đường thốt nốt tiêu sọ xanh ớt băm vào hầm đất nấu nhỏ lửa liu riu cho sốt kho quẹt sánh kẹo đặc quánh sệt thả tóp mỡ hành cọng xanh, Bẻ nhỏ bánh cơm cháy chiên phồng giòn tan chấm ngập dạt dào vào lòng chén nước chấm kho quẹt tôm khô mặn ngọt chua cay ấm lòng ngày mưa se lạnh.","Ăn vặt xế chiều chiều muộn tụ họp bè bạn chiến hữu nhâm nhi tán gẫu văn phòng cơ quan, Mọi lứa tuổi yêu thích món giòn rụm bùi béo mộc mạc dân dã quê nhà đưa vị","Người đau răng răng yếu khó nhai đồ cứng rôm rốp, Bệnh nhân bị cao huyết áp suy thận nặng cần ăn kiêng mặn mắm muối gắt"
com-bo-xao-bap-cai,Cơm bò xào bắp cải,Bắc,main,"lunch, dinner",15,10,easy,460,25,58,12,2,640,2,30000,55000,balanced,Thịt bò,"Ngọt mềm thịt bò mọng nước, Giòn xanh bắp cải bùi thanh vị, Đậm đà dầu hào tỏi phi đưa cơm nóng hổi bắt vị mộc mạc",0,3,https://cooponline.vn/tin-tuc/wp-content/uploads/2025/11/bap_cai_xao_thit_bo_6.jpg,"Bữa cơm trưa tối nhanh gọn dồi dào dinh dưỡng đạm sắt và chất xơ thực vật, thịt thăn bò mềm mại thái mỏng ướp tỏi xào nhanh tay trên lửa lớn cùng bắp cải trắng giòn ngọt lịm ăn kèm cơm dẻo nóng hằng ngày.","Cơm trắng nóng dẻo thơm hạt gạo tám: 1 đĩa lớn, Thịt thăn bò tươi roi rói phi lê mềm mại: 150g, Rau bắp cải trắng thái sợi bản vừa ăn: 150g, Tỏi củ băm nhuyễn hành tím: 1 muỗng canh, Dầu hào nước tương tương ớt tiêu đen xay mịn ấm hạt nêm muối hành hoa xắt khúc dầu ăn","Chảo lòng sâu xào lớn đảo nhanh tay, Đũa xới cơm đĩa phẳng bày miệng tươm tất gọn gàng sạch sẽ thớt dao thái sắc mỏng","Thịt thăn bò mềm thái lát mỏng mượt ngang thớ đem ướp cùng tỏi băm dầu hào tiêu đen xay mịn bột ngọt và một muỗng dầu ăn mười lăm phút cho thấm dẻo mọng thớ thịt thăn thơm ngọt, Rau bắp cải nhặt sạch lá già thái sợi bản vừa phải rửa sạch để ráo nước hành hoa cắt khúc, Đun nóng dầu ăn trên chảo lòng sâu phi thơm tỏi băm cho vàng ruộm trút thịt bò phi lê vào đảo nhanh tay lửa lớn mười lăm giây vừa chín tái se mặt mọng nước ngọt thịt vớt riêng đĩa sâu lòng, Cho tiếp bột mỡ mỡ đun nóng thả rau bắp cải sợi vào chảo xào nhanh tay lửa mạnh nêm hạt nêm muối xào chín tới giữ độ xanh giòn ngọt thanh lịm khiết, Đổ đĩa thịt bò tái trở lại lòng chảo bắp cải rắc hành hoa tiêu đen đảo đều nhanh tay trong vòng một phút hòa quyện quện tắt bếp múc thịt xào ra đĩa ăn kèm cơm trắng dẻo nóng hổi bổ dưỡng.","Bữa cơm gia đình hằng ngày tiện lợi văn phòng công sở dồi dào sắt đạm protein phốt pho bồi bổ sức khỏe cho mọi lứa tuổi người già người lớn trẻ nhỏ dễ tiêu hóa tốt lành mạnh xanh sạch, Thực đơn món xào đưa cơm bắt vị ngọt khiết tự nhiên",Người kiêng thịt bò hoặc có chỉ số axit uric máu cao gout cần hạn chế ăn đạm thịt đỏ thớ đậm purin nhiều
chao-ga-xe-phay,Cháo gà xé phay,Bắc,main,"breakfast, dinner",20,40,easy,340,22,45,8,1,620,1,25000,45000,"light, balanced, low-fat",Không,"Thanh ngọt thanh nhẹ tự nhiên ngọt khiết dịu dàng, Thơm nức gạo nở bung sánh nhừ mịn mượt dẻo dai thớ thịt gà dẻo dai nạc, Giòn da gà ngập tràn rau răm hành lá tiêu sọ ấm nồng giải cảm tốt bồi bổ cơ thể nóng hổi khói nghi ngút bốc rực rỡ bát cháo",0,2,https://i.ytimg.com/vi/AyD_AtSMzAA/maxresdefault.jpg,"Thức quà điểm tâm sáng bồi bổ cơ thể hoặc bữa tối nhẹ nhàng giải cảm mệt mỏi ấm bụng của gia đình Việt, hạt gạo nếp gạo tẻ rang vàng nức nở hầm ninh nhừ sánh mượt trong lòng nước luộc gà ngọt thanh lịm tim, phủ ngập gà ta xé phay giòn da rau răm tiêu sọ ấm nồng nàn dồi dào chất đạm vitamin béo nhẹ lành mạnh tinh khiết.","Gà ta thả vườn ngon dầy thớ nạc săn chắc nửa con mập mạp: 600g, Gạo tẻ ngon hạt tròn tròn mập dẻo dính se se: 100g, Gạo nếp cái hoa vàng nếp nương thơm: 20g, Hành lá tươi tươi rau răm nhặt sạch xắt nhỏ ngò rí hành tím phi vàng: 50g, Gừng tươi tươi giã nhuyễn củ hành đập dập, Muối tinh muối hạt tinh khiết hạt nêm nước mắm ngon đặc sản tiêu sọ xay mịn ấm nồng nàn sa tế ớt, Nước lọc sạch dồi dào lòng nồi hầm","Nồi ninh hầm cháo dầy lòng sâu lớn vung đun lớn lửa mạnh hớt bọt váng liên tục hãm nước dùng trong, Chảo nhỏ rang gạo dứt khoát đều tay, Đĩa phẳng thớt gỗ dao chặt lớn gỡ xương gà sạch xé phay mỏng mảnh thớ lát tô lớn lòng sâu múc cháo bốc khói hớp húp ngọt khiết bùi ngậy tan chảy","Gà ta mua về làm sạch ruột mang sát kỹ muối hạt chanh tươi gừng giã rượu trắng rửa sạch nhớt bẩn tanh hôi xả sạch để ráo dứt khoát trút gà vào lòng nồi lớn đổ ngập nước thêm hành đập dập gừng tươi lát chút muối đun sôi sùng sục vớt sạch bọt bẩn liên tục hạ lửa vừa luộc vịt gà trong hai mươi phút chín tới mọng nước ngọt thớ tắt bếp ngâm mười phút mọng thịt ngọt khiết vớt ra thau đá lạnh se giòn da dẻo nạc bóc gỡ phi lê xé phay sợi dài mỏng mảnh giữ miếng da gà bùi béo xóc chút gia vị tiêu mắm nhẹ riêng đĩa lớn, Gạo tẻ gạo nếp vo ngâm nở để ráo rang se se trên chảo chống dính nhỏ lửa đảo đều liên tục dứt khoát chuyển màu đục vàng nhạt thơm mộc mạc gạo rang trút toàn bộ vào nồi nước luộc gà đã gạn váng mỡ đun sôi bùng lửa lớn hạ lửa thật nhỏ liu riu đậy vung hầm ninh nhừ trong vòng ba mươi lăm đến bốn mươi phút nở bung nhũn nhặn dẻo quánh dính mịn mượt sánh đặc sệt ngọt lịm mặn mòi n n nếm gia vị muối hạt nêm muỗng nước mắm ngon vừa vị thanh đạm mộc mạc nhã nhặn ngọt khiết dịu nhẹ bốc khói rực rỡ, Cho giá đỗ rau răm xắt nhạt hành lá thái nhỏ xuống lòng đáy tô múc cháo trắng nhừ sánh dẻo nóng hổi chan đầy ắp sắp xếp thịt gà xé phay chắc ngọt da giòn bùi rắc hành phi tiêu sọ xay mịn nồng nàn ăn nóng đổ mồ hôi giải cảm lạnh bồi bổ sinh lực tốt.","Bữa sáng điểm tâm bồi bổ bữa tối nhẹ bụng giải cảm mệt mỏi ho sốt cúm cho người già lớn tuổi yếu răng người bệnh vừa ốm dậy suy nhược cơ thể trẻ em em nhỏ tuổi yêu cháo mềm mịn dẻo bùi béo ngọt đạm protein sắt kẽm, Thực đơn món chay mộc mạc thanh đạm nhẹ nhàng giải độc độc tố hạ nhiệt cơ thể","Bệnh nhân tiểu đường đái tháo đường hạn chế chất carbohydrate lượng lớn tinh bột gạo nhừ sánh đặc hấp thu nhanh đường huyết, Người kiêng mặn béo mỡ động vật điều chỉnh vừa miệng thanh nhạt khiết nhạt thanh tao nhã nhặn"
com-ca-ngu-kho-tieu,Cơm cá ngừ kho tiêu,Trung,main,"lunch, dinner",15,30,easy,420,28,56,11,1,870,2,35000,55000,balanced,Cá biển,"Đậm đà, Mặn mòi mặn ngọt dải đất miền Trung, Cay nồng nàn ấm nồng vị tiêu sọ tiêu đen xay bốc khói, Thơm nức mùi cá kho kẹo keo sệt óng vàng cánh gián săn thịt chắc ngọt bùi đưa cơm trắng nóng hổi bắt vị mộc mạc hao cơm",2,3,https://cdn3.ivivu.com/2020/07/ca-ngu-kho-tieu-ivivu-3.jpg,"Món cá biển kho mặn mòi đưa cơm kinh điển quen thuộc đưa cơm bậc nhất của gia đình miền Trung Trung Bộ biển nắng dạt dào, khoanh cá ngừ đại dương tươi mập béo chắc nạc nướng rán áp chảo săn thớ thịt hầm kho keo sệt nước mắm kẹo đường phèn tiêu sọ giã cay nồng xé lưỡi ăn kèm đĩa cơm trắng nóng hổi dưa leo dưa chuột giòn mát giải ngấy bồi bổ sức khỏe dồi dào đạm kẽm axit béo omega 3 tốt tim mạch trí não.","Cơm trắng nóng dẻo thơm hạt gạo tám xoan dẻo: 1 đĩa lớn, Cá ngừ đại dương cắt lát khoanh dày mập thớ săn thịt chắc: 2 khoanh dầy bản (300g), Tiêu đen xay mịn ấm tiêu sọ hạt dập nồng nàn dồi dào: 2 muỗng cà phê, Nước mắm cá cơm ngon nguyên chất mặn mòi miền Trung biển nắng: 3 muỗng canh, Đường cát trắng đường phèn giã mịn thắng nước màu: 2 muỗng canh, Tỏi củ băm nhuyễn hành băm hành tím củ sả băm ớt hiểm tươi cay xè đỏ rực cắt lát mỏng dầu màu điều mỡ heo béo gia vị muối hạt bột ngọt hạt nêm, Dưa leo xắt thanh rau sống xà lách xanh mướt ngọt mát dưa chuột dọn kèm bữa cơm nóng hổi sạch sẽ tinh khiết","Nồi đất nung kho cá hoặc nồi dầy đáy dầy dặn lòng sâu lớn đậy kín nắp vung đun nấu sên mặn kẹo keo sệt bám quanh thân cá bống ngừ biển dạt dào, Chảo rán chiên cá ngừ săn thớ thịt dao thái thớt sạch chén trộn pha hỗn hợp mắm kho dứt khoát đũa cả vá múc xới cơm đĩa phẳng bày biện tươm tất gọn gàng sạch sẽ ráo khô ráo lòng bàn tay sạch sẽ","Cá ngừ đại dương mua khoanh tươi cắt lát dày làm sạch tủy máu bám dọc xương sống ngâm nước muối loãng pha chanh khử tanh xả sạch dưới vòi nước xối mạnh xả nhiều lần thấm thật khô ráo nước bằng khăn giấy sạch sẽ tinh khiết khía vài đường chéo nhẹ ngoài mặt thịt cho thấm vị đem xóc ướp cùng một muỗng mắm tương tỏi hành tím băm nhuyễn tiêu đen xay mịn muối hạt bột ngọt hạt nêm mười lăm phút cho thớ cá săn dầy thịt chắc ngấm thấu gia vị thơm ngon se mặt thớ cá mọng mướt mắt, Cho một muỗng dầu mỡ bơ vào chảo đun nóng thả các lát cá ngừ vào áp chảo chiên sơ nhanh tay lửa vừa hai mươi giây mỗi mặt cho thịt cá se săn thịt chắc dầy nạc giữ trọn vẹn vị ngọt khiết mọng nước của thịt cá biển đại dương không bị vỡ rã khi kho hầm vớt cá ra đĩa lòng nông, Thắng đường cát trắng với muỗng dầu mỡ heo bơ thơm trên chảo dầy sâu lòng đun lửa nhỏ quấy đều tay liên tục dứt khoát mượt mà thành hỗn hợp sốt mật màu cánh gián óng ả óng ánh bắt mắt thơm lừng phi thơm hành tím tỏi băm nhuyễn sả băm sệt vào đảo nhanh tay trút chén mắm kho cá miền Trung pha loãng mắm ngon đường phèn tiêu sọ giã cay xè vào đun sôi sùng sục bốc khói xộc khói xé mũi nồng nàn quạt sả tỏi thơm nức, Khéo léo xếp các lát khoanh cá ngừ đại dương đã chiên áp chảo săn thớ vào nồi nước màu sốt mắm đường đang sôi sùng sục lật đều hai mặt cho ngấm màu óng thả vài lát ớt hiểm tươi cay xè đỏ rực tiêu sọ nguyên chùm đập dập đậy kín nắp vung nồi đất đun lửa lớn nấu sôi bùng, Hạ lửa thật nhỏ liu riu ninh hầm kho cá liu riu trên bếp lửa ấm điều nhiệt trong vòng hai mươi lăm đến ba mươi phút không đảo cá để tránh nát thịt thớ n n nếm gia vị mặn mòi đậm đà vừa vị mặn ngọt cay nồng hương tiêu sọc khói bám dính kho cá đến khi nước mắm kho cạn sánh keo sệt sánh đặc quánh kẹo quấn ôm trọn phủ kín ngập vỏ quanh thớ thịt cá ngừ óng sắc vàng nâu cánh gián bắt mắt bóng bẩy mỡ màng tỏa mùi hương thơm nức mũi điếc mũi quạt mút thèm thuồng vị tiêu sọ ấm nồng rắc ngập tràn tiêu đen xay mịn hành hoa cắt nhỏ tắt bếp nhấc nồi đất cá kho thơm nức mũi ra khay gỗ, Xới đĩa cơm trắng dẻo nóng hạt gạo tám dẻo thơm mượt mà đặt tươm tất gọn gàng cạnh nồi đất cá ngừ kho tiêu đen sánh keo sệt bốc khói nghi ngút bày đĩa rau sống xà lách tươi xanh dưa leo dưa chuột xắt thanh lát thanh mát ngọt dịu ngọt thanh giòn mát giải ngấy, Thực khách dùng đũa gắp miếng nạc cá ngừ chắc ngọt bùi dẻo thơm bùi béo cay nồng vị tiêu sọc khói trộn rưới muỗng sốt mắm mặn ngọt sánh kẹo quẹt cơm trắng đưa vào miệng nhai chậm dứt khoát văn hóa ẩm thực khúc ruột miền Trung nắng gió đại dương dạt dào bồi bổ sức khỏe phục hồi cơ thể tốt lành mạnh béo tốt chắc thịt ngon miệng tột cùng đáng nhớ dạt dào hạnh phúc ngon vị ngọt thịt cá biển thơm phức nức mùi ấm lòng đưa vị đưa cơm cơm trắng dẻo ngon nóng sốt hôi hào sảng","Bữa ăn cơm trưa tối gia đình mộc mạc đưa cơm hao cơm trắng nóng hổi hằng ngày hằng bữa mâm cơm thân thuộc tiện lợi giàu chất bổ dưỡng cho mọi lứa tuổi gia đình ông bà cha mẹ người lớn người già lớn tuổi thanh thiếu niên thích ăn thịt cá biển chắc nạc đậm đà dồi dào dinh dưỡng protein axit béo omega 3 kẽm phốt pho tốt cho tim mạch trí não bồi bổ cơ thể d d dẻo dai khỏe mạnh phục hồi cơ thể tốt cuối tuần ngày mưa lạnh bão gió se se se mát mẻ thèm vị mặn mòi cay ấm nồng nàn khói bếp quê hương gắn kết sum họp đầm ấm quây quần quây quấn, Món ăn mộc mạc đưa vị bắt mắt hấp dẫn quyến rũ sành ăn đậm đà bản sắc khúc ruột miền Trung nắng gió đại dương dạt dào hạnh phúc ngon miệng bắt vị đưa cơm nóng hổi, Thực đơn chế độ dinh dưỡng lành mạnh sạch sẽ cân bằng ít béo ngấy đạm tốt","Người bị bệnh cao huyết áp suy thận mãn tính nặng phù nề cần ăn kiêng nghiêm ngặt chất mặn muối hạt lượng natri lớn dồi dào mặn mòi từ mắm cốt kho cá kẹo sệt đậm muối gắt gắt cổ họng, Người bị đau dạ dày viêm loét hành tá tràng nặng bao tử nhạy cảm dễ kích ứng ợ chua loét niêm mạc kiêng ăn các món đồ kho mặn dồi dào tiêu đen tiêu sọ xay mịn ấm ớt hiểm cay xè xé mũi xộc khói nóng, Trẻ em nhỏ tuổi hệ tiêu hóa kém nhạy cảm cay tiêu ớt nồng"
